DEBUG:asyncio:Using selector: EpollSelector
DEBUG:asyncio:Using selector: EpollSelector
DEBUG:asyncio:Using selector: EpollSelector
DEBUG:asyncio:Using selector: EpollSelector
DEBUG:root:<class '_asyncio.Task'>
DEBUG:asyncio:Using selector: EpollSelector
DEBUG:root:<class '_asyncio.Task'>
DEBUG:root:<enum 'Status'>
DEBUG:asyncio:Using selector: EpollSelector
DEBUG:root:<class '_asyncio.Task'>
DEBUG:root:<enum 'Status'>
DEBUG:asyncio:Using selector: EpollSelector
DEBUG:root:<class '_asyncio.Task'>
DEBUG:root:<enum 'Status'>
DEBUG:asyncio:Using selector: EpollSelector
DEBUG:root:<class '_asyncio.Task'>
DEBUG:root:Item <class '_asyncio.Task'>
DEBUG:root:<enum 'Status'>
DEBUG:asyncio:Using selector: EpollSelector
DEBUG:root:action_toggle_status: item type <class '__main__.TaskItem'>
DEBUG:root:<class '_asyncio.Task'>
DEBUG:root:Item <class '_asyncio.Task'>
DEBUG:root:<enum 'Status'>
DEBUG:asyncio:Using selector: EpollSelector
DEBUG:root:action_toggle_status: item type <class '__main__.TaskItem'>
DEBUG:root:_apply_status: item type (initial) <class '__main__.TaskItem'>
DEBUG:root:<class '_asyncio.Task'>
DEBUG:root:Item <class '_asyncio.Task'>
DEBUG:root:<enum 'Status'>
DEBUG:asyncio:Using selector: EpollSelector
DEBUG:root:action_toggle_status: item type (inital) <class '__main__.TaskItem'>
DEBUG:root:action_toggle_status: item type (post StatusPicker) <class '__main__.TaskItem'>
DEBUG:asyncio:Using selector: EpollSelector
DEBUG:root:action_toggle_status: item type (inital) <class '__main__.TaskItem'>
DEBUG:root:_apply_status: item type (initial) <class '__main__.TaskItem'>
DEBUG:root:_apply_status: item.task type (initial) <class '_asyncio.Task'>
DEBUG:asyncio:Using selector: EpollSelector
DEBUG:root:action_toggle_status: item type (inital) <class '__main__.TaskItem'>
DEBUG:root:action_toggle_status: item.task type (inital) <class '_asyncio.Task'>
DEBUG:root:_apply_status: item type (initial) <class '__main__.TaskItem'>
DEBUG:root:_apply_status: item.task type (initial) <class '_asyncio.Task'>
DEBUG:asyncio:Using selector: EpollSelector
DEBUG:root:refresh_list (build tasks) a newly added task <class 'core.task.Task'>
DEBUG:root:refresh_list (build tasks) My new test on Monday <class 'core.task.Task'>
DEBUG:root:refresh_list (build tasks) second time trying <class 'core.task.Task'>
DEBUG:root:refresh_list (build tasks) test task on tuesday <class 'core.task.Task'>
DEBUG:root:refresh_list (build tasks) third task on tuesday <class 'core.task.Task'>
DEBUG:root:refresh_list (build tasks) 4th task on tuesday <class 'core.task.Task'>
DEBUG:root:refresh_list (build tasks) 5th time a charm <class 'core.task.Task'>
DEBUG:root:refresh_list (build tasks) ksdfkjds <class 'core.task.Task'>
DEBUG:root:refresh_list (build tasks) Another task added in <class 'core.task.Task'>
DEBUG:root:refresh_list (build tasks) My new task <class 'core.task.Task'>
DEBUG:root:refresh_list (build tasks) another test on redraw <class 'core.task.Task'>
DEBUG:root:refresh_list (build tasks) yet another test <class 'core.task.Task'>
DEBUG:root:refresh_list (build tasks) yet another test# <class 'core.task.Task'>
DEBUG:root:refresh_list (build tasks) bored of testing <class 'core.task.Task'>
DEBUG:root:refresh_list (build tasks) again <class 'core.task.Task'>
DEBUG:root:refresh_list (build tasks) final test?! hopefull <class 'core.task.Task'>
DEBUG:root:refresh_list (build tasks) teste <class 'core.task.Task'>
DEBUG:root:refresh_list (build tasks) final test please god work <class 'core.task.Task'>
DEBUG:root:refresh_list (build tasks) klsjdhfklsdf <class 'core.task.Task'>
DEBUG:root:refresh_list (build tasks) lksdfg <class 'core.task.Task'>
DEBUG:root:refresh_list (build tasks) dsfsdf <class 'core.task.Task'>
DEBUG:root:refresh_list (build tasks) sdfdsf <class 'core.task.Task'>
DEBUG:root:refresh_list (build tasks) sdf <class 'core.task.Task'>
DEBUG:root:refresh_list (build tasks) ds <class 'core.task.Task'>
DEBUG:root:refresh_list (build tasks) dsfsdf <class 'core.task.Task'>
DEBUG:root:refresh_list (build tasks) sdfdsf <class 'core.task.Task'>
DEBUG:root:refresh_list (build tasks) sdfsdf sd fsda fas f <class 'core.task.Task'>
DEBUG:root:refresh_list (build tasks) My new task <class 'core.task.Task'>
DEBUG:root:refresh_list (build tasks) 2026-01-23 Another new task <class 'core.task.Task'>
DEBUG:root:refresh_list (build tasks) a new task <class 'core.task.Task'>
DEBUG:asyncio:Using selector: EpollSelector
DEBUG:root:refresh_list (build tasks) a newly added task <class 'core.task.Task'>
DEBUG:root:refresh_list (build tasks) My new test on Monday <class 'core.task.Task'>
DEBUG:root:refresh_list (build tasks) second time trying <class 'core.task.Task'>
DEBUG:root:refresh_list (build tasks) test task on tuesday <class 'core.task.Task'>
DEBUG:root:refresh_list (build tasks) third task on tuesday <class 'core.task.Task'>
DEBUG:root:refresh_list (build tasks) 4th task on tuesday <class 'core.task.Task'>
DEBUG:root:refresh_list (build tasks) 5th time a charm <class 'core.task.Task'>
DEBUG:root:refresh_list (build tasks) ksdfkjds <class 'core.task.Task'>
DEBUG:root:refresh_list (build tasks) Another task added in <class 'core.task.Task'>
DEBUG:root:refresh_list (build tasks) My new task <class 'core.task.Task'>
DEBUG:root:refresh_list (build tasks) another test on redraw <class 'core.task.Task'>
DEBUG:root:refresh_list (build tasks) yet another test <class 'core.task.Task'>
DEBUG:root:refresh_list (build tasks) yet another test# <class 'core.task.Task'>
DEBUG:root:refresh_list (build tasks) bored of testing <class 'core.task.Task'>
DEBUG:root:refresh_list (build tasks) again <class 'core.task.Task'>
DEBUG:root:refresh_list (build tasks) final test?! hopefull <class 'core.task.Task'>
DEBUG:root:refresh_list (build tasks) teste <class 'core.task.Task'>
DEBUG:root:refresh_list (build tasks) final test please god work <class 'core.task.Task'>
DEBUG:root:refresh_list (build tasks) klsjdhfklsdf <class 'core.task.Task'>
DEBUG:root:refresh_list (build tasks) lksdfg <class 'core.task.Task'>
DEBUG:root:refresh_list (build tasks) dsfsdf <class 'core.task.Task'>
DEBUG:root:refresh_list (build tasks) sdfdsf <class 'core.task.Task'>
DEBUG:root:refresh_list (build tasks) sdf <class 'core.task.Task'>
DEBUG:root:refresh_list (build tasks) ds <class 'core.task.Task'>
DEBUG:root:refresh_list (build tasks) dsfsdf <class 'core.task.Task'>
DEBUG:root:refresh_list (build tasks) sdfdsf <class 'core.task.Task'>
DEBUG:root:refresh_list (build tasks) sdfsdf sd fsda fas f <class 'core.task.Task'>
DEBUG:root:refresh_list (build tasks) My new task <class 'core.task.Task'>
DEBUG:root:refresh_list (build tasks) 2026-01-23 Another new task <class 'core.task.Task'>
DEBUG:root:refresh_list (build tasks) a new task <class 'core.task.Task'>
DEBUG:root:action_toggle_status: item type (inital) <class '__main__.TaskItem'>
DEBUG:root:action_toggle_status: item.task type (inital) <class '_asyncio.Task'>
DEBUG:root:_apply_status: item type (initial) <class '__main__.TaskItem'>
DEBUG:root:_apply_status: item.task type (initial) <class '_asyncio.Task'>
DEBUG:asyncio:Using selector: EpollSelector
DEBUG:root:refresh_list (build tasks) a newly added task <class 'core.task.Task'>
DEBUG:root:refresh_list (build tasks) My new test on Monday <class 'core.task.Task'>
DEBUG:root:refresh_list (build tasks) second time trying <class 'core.task.Task'>
DEBUG:root:refresh_list (build tasks) test task on tuesday <class 'core.task.Task'>
DEBUG:root:refresh_list (build tasks) third task on tuesday <class 'core.task.Task'>
DEBUG:root:refresh_list (build tasks) 4th task on tuesday <class 'core.task.Task'>
DEBUG:root:refresh_list (build tasks) 5th time a charm <class 'core.task.Task'>
DEBUG:root:refresh_list (build tasks) ksdfkjds <class 'core.task.Task'>
DEBUG:root:refresh_list (build tasks) Another task added in <class 'core.task.Task'>
DEBUG:root:refresh_list (build tasks) My new task <class 'core.task.Task'>
DEBUG:root:refresh_list (build tasks) another test on redraw <class 'core.task.Task'>
DEBUG:root:refresh_list (build tasks) yet another test <class 'core.task.Task'>
DEBUG:root:refresh_list (build tasks) yet another test# <class 'core.task.Task'>
DEBUG:root:refresh_list (build tasks) bored of testing <class 'core.task.Task'>
DEBUG:root:refresh_list (build tasks) again <class 'core.task.Task'>
DEBUG:root:refresh_list (build tasks) final test?! hopefull <class 'core.task.Task'>
DEBUG:root:refresh_list (build tasks) teste <class 'core.task.Task'>
DEBUG:root:refresh_list (build tasks) final test please god work <class 'core.task.Task'>
DEBUG:root:refresh_list (build tasks) klsjdhfklsdf <class 'core.task.Task'>
DEBUG:root:refresh_list (build tasks) lksdfg <class 'core.task.Task'>
DEBUG:root:refresh_list (build tasks) dsfsdf <class 'core.task.Task'>
DEBUG:root:refresh_list (build tasks) sdfdsf <class 'core.task.Task'>
DEBUG:root:refresh_list (build tasks) sdf <class 'core.task.Task'>
DEBUG:root:refresh_list (build tasks) ds <class 'core.task.Task'>
DEBUG:root:refresh_list (build tasks) dsfsdf <class 'core.task.Task'>
DEBUG:root:refresh_list (build tasks) sdfdsf <class 'core.task.Task'>
DEBUG:root:refresh_list (build tasks) sdfsdf sd fsda fas f <class 'core.task.Task'>
DEBUG:root:refresh_list (build tasks) My new task <class 'core.task.Task'>
DEBUG:root:refresh_list (build tasks) 2026-01-23 Another new task <class 'core.task.Task'>
DEBUG:root:refresh_list (build tasks) a new task <class 'core.task.Task'>
DEBUG:asyncio:Using selector: EpollSelector
DEBUG:root:refresh_list (build tasks) a newly added task <class 'core.task.Task'>
DEBUG:root:refresh_list (build tasks) My new test on Monday <class 'core.task.Task'>
DEBUG:root:refresh_list (build tasks) second time trying <class 'core.task.Task'>
DEBUG:root:refresh_list (build tasks) test task on tuesday <class 'core.task.Task'>
DEBUG:root:refresh_list (build tasks) third task on tuesday <class 'core.task.Task'>
DEBUG:root:refresh_list (build tasks) 4th task on tuesday <class 'core.task.Task'>
DEBUG:root:refresh_list (build tasks) 5th time a charm <class 'core.task.Task'>
DEBUG:root:refresh_list (build tasks) ksdfkjds <class 'core.task.Task'>
DEBUG:root:refresh_list (build tasks) Another task added in <class 'core.task.Task'>
DEBUG:root:refresh_list (build tasks) My new task <class 'core.task.Task'>
DEBUG:root:refresh_list (build tasks) another test on redraw <class 'core.task.Task'>
DEBUG:root:refresh_list (build tasks) yet another test <class 'core.task.Task'>
DEBUG:root:refresh_list (build tasks) yet another test# <class 'core.task.Task'>
DEBUG:root:refresh_list (build tasks) bored of testing <class 'core.task.Task'>
DEBUG:root:refresh_list (build tasks) again <class 'core.task.Task'>
DEBUG:root:refresh_list (build tasks) final test?! hopefull <class 'core.task.Task'>
DEBUG:root:refresh_list (build tasks) teste <class 'core.task.Task'>
DEBUG:root:refresh_list (build tasks) final test please god work <class 'core.task.Task'>
DEBUG:root:refresh_list (build tasks) klsjdhfklsdf <class 'core.task.Task'>
DEBUG:root:refresh_list (build tasks) lksdfg <class 'core.task.Task'>
DEBUG:root:refresh_list (build tasks) dsfsdf <class 'core.task.Task'>
DEBUG:root:refresh_list (build tasks) sdfdsf <class 'core.task.Task'>
DEBUG:root:refresh_list (build tasks) sdf <class 'core.task.Task'>
DEBUG:root:refresh_list (build tasks) ds <class 'core.task.Task'>
DEBUG:root:refresh_list (build tasks) dsfsdf <class 'core.task.Task'>
DEBUG:root:refresh_list (build tasks) sdfdsf <class 'core.task.Task'>
DEBUG:root:refresh_list (build tasks) sdfsdf sd fsda fas f <class 'core.task.Task'>
DEBUG:root:refresh_list (build tasks) My new task <class 'core.task.Task'>
DEBUG:root:refresh_list (build tasks) 2026-01-23 Another new task <class 'core.task.Task'>
DEBUG:root:refresh_list (build tasks) a new task <class 'core.task.Task'>
DEBUG:root:refresh_list (build tasks) sadsad <class 'core.task.Task'>
DEBUG:root:action_toggle_status: item type (inital) <class '__main__.TaskItem'>
DEBUG:root:action_toggle_status: item.task type (inital) <class '_asyncio.Task'>
DEBUG:root:_apply_status: item type (initial) <class '__main__.TaskItem'>
DEBUG:root:_apply_status: item.model type (initial) <class 'core.task.Task'>
DEBUG:asyncio:Using selector: EpollSelector
DEBUG:root:refresh_list (build tasks) a newly added task <class 'core.task.Task'>
DEBUG:root:refresh_list (build tasks) My new test on Monday <class 'core.task.Task'>
DEBUG:root:refresh_list (build tasks) second time trying <class 'core.task.Task'>
DEBUG:root:refresh_list (build tasks) test task on tuesday <class 'core.task.Task'>
DEBUG:root:refresh_list (build tasks) third task on tuesday <class 'core.task.Task'>
DEBUG:root:refresh_list (build tasks) 4th task on tuesday <class 'core.task.Task'>
DEBUG:root:refresh_list (build tasks) 5th time a charm <class 'core.task.Task'>
DEBUG:root:refresh_list (build tasks) ksdfkjds <class 'core.task.Task'>
DEBUG:root:refresh_list (build tasks) Another task added in <class 'core.task.Task'>
DEBUG:root:refresh_list (build tasks) My new task <class 'core.task.Task'>
DEBUG:root:refresh_list (build tasks) another test on redraw <class 'core.task.Task'>
DEBUG:root:refresh_list (build tasks) yet another test <class 'core.task.Task'>
DEBUG:root:refresh_list (build tasks) yet another test# <class 'core.task.Task'>
DEBUG:root:refresh_list (build tasks) bored of testing <class 'core.task.Task'>
DEBUG:root:refresh_list (build tasks) again <class 'core.task.Task'>
DEBUG:root:refresh_list (build tasks) final test?! hopefull <class 'core.task.Task'>
DEBUG:root:refresh_list (build tasks) teste <class 'core.task.Task'>
DEBUG:root:refresh_list (build tasks) final test please god work <class 'core.task.Task'>
DEBUG:root:refresh_list (build tasks) klsjdhfklsdf <class 'core.task.Task'>
DEBUG:root:refresh_list (build tasks) lksdfg <class 'core.task.Task'>
DEBUG:root:refresh_list (build tasks) dsfsdf <class 'core.task.Task'>
DEBUG:root:refresh_list (build tasks) sdfdsf <class 'core.task.Task'>
DEBUG:root:refresh_list (build tasks) sdf <class 'core.task.Task'>
DEBUG:root:refresh_list (build tasks) ds <class 'core.task.Task'>
DEBUG:root:refresh_list (build tasks) dsfsdf <class 'core.task.Task'>
DEBUG:root:refresh_list (build tasks) sdfdsf <class 'core.task.Task'>
DEBUG:root:refresh_list (build tasks) sdfsdf sd fsda fas f <class 'core.task.Task'>
DEBUG:root:refresh_list (build tasks) My new task <class 'core.task.Task'>
DEBUG:root:refresh_list (build tasks) 2026-01-23 Another new task <class 'core.task.Task'>
DEBUG:root:refresh_list (build tasks) a new task <class 'core.task.Task'>
DEBUG:root:refresh_list (build tasks) sadsad <class 'core.task.Task'>
DEBUG:asyncio:Using selector: EpollSelector
DEBUG:root:refresh_list (build tasks) a newly added task <class 'core.task.Task'>
DEBUG:root:refresh_list (build tasks) My new test on Monday <class 'core.task.Task'>
DEBUG:root:refresh_list (build tasks) second time trying <class 'core.task.Task'>
DEBUG:root:refresh_list (build tasks) test task on tuesday <class 'core.task.Task'>
DEBUG:root:refresh_list (build tasks) third task on tuesday <class 'core.task.Task'>
DEBUG:root:refresh_list (build tasks) 4th task on tuesday <class 'core.task.Task'>
DEBUG:root:refresh_list (build tasks) 5th time a charm <class 'core.task.Task'>
DEBUG:root:refresh_list (build tasks) ksdfkjds <class 'core.task.Task'>
DEBUG:root:refresh_list (build tasks) Another task added in <class 'core.task.Task'>
DEBUG:root:refresh_list (build tasks) My new task <class 'core.task.Task'>
DEBUG:root:refresh_list (build tasks) another test on redraw <class 'core.task.Task'>
DEBUG:root:refresh_list (build tasks) yet another test <class 'core.task.Task'>
DEBUG:root:refresh_list (build tasks) yet another test# <class 'core.task.Task'>
DEBUG:root:refresh_list (build tasks) bored of testing <class 'core.task.Task'>
DEBUG:root:refresh_list (build tasks) again <class 'core.task.Task'>
DEBUG:root:refresh_list (build tasks) final test?! hopefull <class 'core.task.Task'>
DEBUG:root:refresh_list (build tasks) teste <class 'core.task.Task'>
DEBUG:root:refresh_list (build tasks) final test please god work <class 'core.task.Task'>
DEBUG:root:refresh_list (build tasks) klsjdhfklsdf <class 'core.task.Task'>
DEBUG:root:refresh_list (build tasks) lksdfg <class 'core.task.Task'>
DEBUG:root:refresh_list (build tasks) dsfsdf <class 'core.task.Task'>
DEBUG:root:refresh_list (build tasks) sdfdsf <class 'core.task.Task'>
DEBUG:root:refresh_list (build tasks) sdf <class 'core.task.Task'>
DEBUG:root:refresh_list (build tasks) ds <class 'core.task.Task'>
DEBUG:root:refresh_list (build tasks) dsfsdf <class 'core.task.Task'>
DEBUG:root:refresh_list (build tasks) sdfdsf <class 'core.task.Task'>
DEBUG:root:refresh_list (build tasks) sdfsdf sd fsda fas f <class 'core.task.Task'>
DEBUG:root:refresh_list (build tasks) My new task <class 'core.task.Task'>
DEBUG:root:refresh_list (build tasks) 2026-01-23 Another new task <class 'core.task.Task'>
DEBUG:root:refresh_list (build tasks) a new task <class 'core.task.Task'>
DEBUG:root:refresh_list (build tasks) sadsad <class 'core.task.Task'>
DEBUG:asyncio:Using selector: EpollSelector
DEBUG:root:refresh_list (build tasks) a newly added task <class 'core.task.Task'>
DEBUG:root:refresh_list (build tasks) My new test on Monday <class 'core.task.Task'>
DEBUG:root:refresh_list (build tasks) second time trying <class 'core.task.Task'>
DEBUG:root:refresh_list (build tasks) test task on tuesday <class 'core.task.Task'>
DEBUG:root:refresh_list (build tasks) third task on tuesday <class 'core.task.Task'>
DEBUG:root:refresh_list (build tasks) 4th task on tuesday <class 'core.task.Task'>
DEBUG:root:refresh_list (build tasks) 5th time a charm <class 'core.task.Task'>
DEBUG:root:refresh_list (build tasks) ksdfkjds <class 'core.task.Task'>
DEBUG:root:refresh_list (build tasks) Another task added in <class 'core.task.Task'>
DEBUG:root:refresh_list (build tasks) My new task <class 'core.task.Task'>
DEBUG:root:refresh_list (build tasks) another test on redraw <class 'core.task.Task'>
DEBUG:root:refresh_list (build tasks) yet another test <class 'core.task.Task'>
DEBUG:root:refresh_list (build tasks) yet another test# <class 'core.task.Task'>
DEBUG:root:refresh_list (build tasks) bored of testing <class 'core.task.Task'>
DEBUG:root:refresh_list (build tasks) again <class 'core.task.Task'>
DEBUG:root:refresh_list (build tasks) final test?! hopefull <class 'core.task.Task'>
DEBUG:root:refresh_list (build tasks) teste <class 'core.task.Task'>
DEBUG:root:refresh_list (build tasks) final test please god work <class 'core.task.Task'>
DEBUG:root:refresh_list (build tasks) klsjdhfklsdf <class 'core.task.Task'>
DEBUG:root:refresh_list (build tasks) lksdfg <class 'core.task.Task'>
DEBUG:root:refresh_list (build tasks) dsfsdf <class 'core.task.Task'>
DEBUG:root:refresh_list (build tasks) sdfdsf <class 'core.task.Task'>
DEBUG:root:refresh_list (build tasks) sdf <class 'core.task.Task'>
DEBUG:root:refresh_list (build tasks) ds <class 'core.task.Task'>
DEBUG:root:refresh_list (build tasks) dsfsdf <class 'core.task.Task'>
DEBUG:root:refresh_list (build tasks) sdfdsf <class 'core.task.Task'>
DEBUG:root:refresh_list (build tasks) sdfsdf sd fsda fas f <class 'core.task.Task'>
DEBUG:root:refresh_list (build tasks) My new task <class 'core.task.Task'>
DEBUG:root:refresh_list (build tasks) 2026-01-23 Another new task <class 'core.task.Task'>
DEBUG:root:refresh_list (build tasks) a new task <class 'core.task.Task'>
DEBUG:root:refresh_list (build tasks) sadsad <class 'core.task.Task'>
DEBUG:root:action_toggle_status: item type (inital) <class '__main__.TaskItem'>
DEBUG:root:action_toggle_status: item.task type (inital) <class '_asyncio.Task'>
DEBUG:root:_apply_status: item type (initial) <class '__main__.TaskItem'>
DEBUG:root:_apply_status: item.model type (initial) <class 'core.task.Task'>
DEBUG:asyncio:Using selector: EpollSelector
DEBUG:root:refresh_list (build tasks) a newly added task <class 'core.task.Task'>
DEBUG:root:refresh_list (build tasks) My new test on Monday <class 'core.task.Task'>
DEBUG:root:refresh_list (build tasks) second time trying <class 'core.task.Task'>
DEBUG:root:refresh_list (build tasks) test task on tuesday <class 'core.task.Task'>
DEBUG:root:refresh_list (build tasks) third task on tuesday <class 'core.task.Task'>
DEBUG:root:refresh_list (build tasks) 4th task on tuesday <class 'core.task.Task'>
DEBUG:root:refresh_list (build tasks) 5th time a charm <class 'core.task.Task'>
DEBUG:root:refresh_list (build tasks) ksdfkjds <class 'core.task.Task'>
DEBUG:root:refresh_list (build tasks) Another task added in <class 'core.task.Task'>
DEBUG:root:refresh_list (build tasks) My new task <class 'core.task.Task'>
DEBUG:root:refresh_list (build tasks) another test on redraw <class 'core.task.Task'>
DEBUG:root:refresh_list (build tasks) yet another test <class 'core.task.Task'>
DEBUG:root:refresh_list (build tasks) yet another test# <class 'core.task.Task'>
DEBUG:root:refresh_list (build tasks) bored of testing <class 'core.task.Task'>
DEBUG:root:refresh_list (build tasks) again <class 'core.task.Task'>
DEBUG:root:refresh_list (build tasks) final test?! hopefull <class 'core.task.Task'>
DEBUG:root:refresh_list (build tasks) teste <class 'core.task.Task'>
DEBUG:root:refresh_list (build tasks) final test please god work <class 'core.task.Task'>
DEBUG:root:refresh_list (build tasks) klsjdhfklsdf <class 'core.task.Task'>
DEBUG:root:refresh_list (build tasks) lksdfg <class 'core.task.Task'>
DEBUG:root:refresh_list (build tasks) dsfsdf <class 'core.task.Task'>
DEBUG:root:refresh_list (build tasks) sdfdsf <class 'core.task.Task'>
DEBUG:root:refresh_list (build tasks) sdf <class 'core.task.Task'>
DEBUG:root:refresh_list (build tasks) ds <class 'core.task.Task'>
DEBUG:root:refresh_list (build tasks) dsfsdf <class 'core.task.Task'>
DEBUG:root:refresh_list (build tasks) sdfdsf <class 'core.task.Task'>
DEBUG:root:refresh_list (build tasks) sdfsdf sd fsda fas f <class 'core.task.Task'>
DEBUG:root:refresh_list (build tasks) My new task <class 'core.task.Task'>
DEBUG:root:refresh_list (build tasks) 2026-01-23 Another new task <class 'core.task.Task'>
DEBUG:root:refresh_list (build tasks) a new task <class 'core.task.Task'>
DEBUG:root:refresh_list (build tasks) sadsad <class 'core.task.Task'>
DEBUG:root:action_toggle_status: item type (inital) <class 'NoneType'>
DEBUG:asyncio:Using selector: EpollSelector
DEBUG:root:refresh_list (build tasks) a newly added task <class 'core.task.Task'>
DEBUG:root:refresh_list (build tasks) My new test on Monday <class 'core.task.Task'>
DEBUG:root:refresh_list (build tasks) second time trying <class 'core.task.Task'>
DEBUG:root:refresh_list (build tasks) test task on tuesday <class 'core.task.Task'>
DEBUG:root:refresh_list (build tasks) third task on tuesday <class 'core.task.Task'>
DEBUG:root:refresh_list (build tasks) 4th task on tuesday <class 'core.task.Task'>
DEBUG:root:refresh_list (build tasks) 5th time a charm <class 'core.task.Task'>
DEBUG:root:refresh_list (build tasks) ksdfkjds <class 'core.task.Task'>
DEBUG:root:refresh_list (build tasks) Another task added in <class 'core.task.Task'>
DEBUG:root:refresh_list (build tasks) My new task <class 'core.task.Task'>
DEBUG:root:refresh_list (build tasks) another test on redraw <class 'core.task.Task'>
DEBUG:root:refresh_list (build tasks) yet another test <class 'core.task.Task'>
DEBUG:root:refresh_list (build tasks) yet another test# <class 'core.task.Task'>
DEBUG:root:refresh_list (build tasks) bored of testing <class 'core.task.Task'>
DEBUG:root:refresh_list (build tasks) again <class 'core.task.Task'>
DEBUG:root:refresh_list (build tasks) final test?! hopefull <class 'core.task.Task'>
DEBUG:root:refresh_list (build tasks) teste <class 'core.task.Task'>
DEBUG:root:refresh_list (build tasks) final test please god work <class 'core.task.Task'>
DEBUG:root:refresh_list (build tasks) klsjdhfklsdf <class 'core.task.Task'>
DEBUG:root:refresh_list (build tasks) lksdfg <class 'core.task.Task'>
DEBUG:root:refresh_list (build tasks) dsfsdf <class 'core.task.Task'>
DEBUG:root:refresh_list (build tasks) sdfdsf <class 'core.task.Task'>
DEBUG:root:refresh_list (build tasks) sdf <class 'core.task.Task'>
DEBUG:root:refresh_list (build tasks) ds <class 'core.task.Task'>
DEBUG:root:refresh_list (build tasks) dsfsdf <class 'core.task.Task'>
DEBUG:root:refresh_list (build tasks) sdfdsf <class 'core.task.Task'>
DEBUG:root:refresh_list (build tasks) sdfsdf sd fsda fas f <class 'core.task.Task'>
DEBUG:root:refresh_list (build tasks) My new task <class 'core.task.Task'>
DEBUG:root:refresh_list (build tasks) 2026-01-23 Another new task <class 'core.task.Task'>
DEBUG:root:refresh_list (build tasks) a new task <class 'core.task.Task'>
DEBUG:root:refresh_list (build tasks) sadsad <class 'core.task.Task'>
DEBUG:root:action_toggle_status: item type (inital) <class '__main__.TaskItem'>
DEBUG:root:action_toggle_status: item.task type (inital) <class '_asyncio.Task'>
DEBUG:root:_apply_status: item type (initial) <class '__main__.TaskItem'>
DEBUG:root:_apply_status: item.model type (initial) <class 'core.task.Task'>
DEBUG:asyncio:Using selector: EpollSelector
DEBUG:root:refresh_list (build tasks) a newly added task <class 'core.task.Task'>
DEBUG:root:refresh_list (build tasks) My new test on Monday <class 'core.task.Task'>
DEBUG:root:refresh_list (build tasks) second time trying <class 'core.task.Task'>
DEBUG:root:refresh_list (build tasks) test task on tuesday <class 'core.task.Task'>
DEBUG:root:refresh_list (build tasks) third task on tuesday <class 'core.task.Task'>
DEBUG:root:refresh_list (build tasks) 4th task on tuesday <class 'core.task.Task'>
DEBUG:root:refresh_list (build tasks) 5th time a charm <class 'core.task.Task'>
DEBUG:root:refresh_list (build tasks) ksdfkjds <class 'core.task.Task'>
DEBUG:root:refresh_list (build tasks) Another task added in <class 'core.task.Task'>
DEBUG:root:refresh_list (build tasks) My new task <class 'core.task.Task'>
DEBUG:root:refresh_list (build tasks) another test on redraw <class 'core.task.Task'>
DEBUG:root:refresh_list (build tasks) yet another test <class 'core.task.Task'>
DEBUG:root:refresh_list (build tasks) yet another test# <class 'core.task.Task'>
DEBUG:root:refresh_list (build tasks) bored of testing <class 'core.task.Task'>
DEBUG:root:refresh_list (build tasks) again <class 'core.task.Task'>
DEBUG:root:refresh_list (build tasks) final test?! hopefull <class 'core.task.Task'>
DEBUG:root:refresh_list (build tasks) teste <class 'core.task.Task'>
DEBUG:root:refresh_list (build tasks) final test please god work <class 'core.task.Task'>
DEBUG:root:refresh_list (build tasks) klsjdhfklsdf <class 'core.task.Task'>
DEBUG:root:refresh_list (build tasks) lksdfg <class 'core.task.Task'>
DEBUG:root:refresh_list (build tasks) dsfsdf <class 'core.task.Task'>
DEBUG:root:refresh_list (build tasks) sdfdsf <class 'core.task.Task'>
DEBUG:root:refresh_list (build tasks) sdf <class 'core.task.Task'>
DEBUG:root:refresh_list (build tasks) ds <class 'core.task.Task'>
DEBUG:root:refresh_list (build tasks) dsfsdf <class 'core.task.Task'>
DEBUG:root:refresh_list (build tasks) sdfdsf <class 'core.task.Task'>
DEBUG:root:refresh_list (build tasks) sdfsdf sd fsda fas f <class 'core.task.Task'>
DEBUG:root:refresh_list (build tasks) My new task <class 'core.task.Task'>
DEBUG:root:refresh_list (build tasks) 2026-01-23 Another new task <class 'core.task.Task'>
DEBUG:root:refresh_list (build tasks) a new task <class 'core.task.Task'>
DEBUG:root:refresh_list (build tasks) sadsad <class 'core.task.Task'>
DEBUG:root:action_toggle_status: item type (inital) <class '__main__.TaskItem'>
DEBUG:root:action_toggle_status: item.task type (inital) <class '_asyncio.Task'>
DEBUG:root:_apply_status: item type (initial) <class '__main__.TaskItem'>
DEBUG:root:_apply_status: item.model type (initial) <class 'core.task.Task'>
DEBUG:asyncio:Using selector: EpollSelector
DEBUG:root:refresh_list (build tasks) a newly added task <class 'core.task.Task'>
DEBUG:root:refresh_list (build tasks) My new test on Monday <class 'core.task.Task'>
DEBUG:root:refresh_list (build tasks) second time trying <class 'core.task.Task'>
DEBUG:root:refresh_list (build tasks) test task on tuesday <class 'core.task.Task'>
DEBUG:root:refresh_list (build tasks) third task on tuesday <class 'core.task.Task'>
DEBUG:root:refresh_list (build tasks) 4th task on tuesday <class 'core.task.Task'>
DEBUG:root:refresh_list (build tasks) 5th time a charm <class 'core.task.Task'>
DEBUG:root:refresh_list (build tasks) ksdfkjds <class 'core.task.Task'>
DEBUG:root:refresh_list (build tasks) Another task added in <class 'core.task.Task'>
DEBUG:root:refresh_list (build tasks) My new task <class 'core.task.Task'>
DEBUG:root:refresh_list (build tasks) another test on redraw <class 'core.task.Task'>
DEBUG:root:refresh_list (build tasks) yet another test <class 'core.task.Task'>
DEBUG:root:refresh_list (build tasks) yet another test# <class 'core.task.Task'>
DEBUG:root:refresh_list (build tasks) bored of testing <class 'core.task.Task'>
DEBUG:root:refresh_list (build tasks) again <class 'core.task.Task'>
DEBUG:root:refresh_list (build tasks) final test?! hopefull <class 'core.task.Task'>
DEBUG:root:refresh_list (build tasks) teste <class 'core.task.Task'>
DEBUG:root:refresh_list (build tasks) final test please god work <class 'core.task.Task'>
DEBUG:root:refresh_list (build tasks) klsjdhfklsdf <class 'core.task.Task'>
DEBUG:root:refresh_list (build tasks) lksdfg <class 'core.task.Task'>
DEBUG:root:refresh_list (build tasks) dsfsdf <class 'core.task.Task'>
DEBUG:root:refresh_list (build tasks) sdfdsf <class 'core.task.Task'>
DEBUG:root:refresh_list (build tasks) sdf <class 'core.task.Task'>
DEBUG:root:refresh_list (build tasks) ds <class 'core.task.Task'>
DEBUG:root:refresh_list (build tasks) dsfsdf <class 'core.task.Task'>
DEBUG:root:refresh_list (build tasks) sdfdsf <class 'core.task.Task'>
DEBUG:root:refresh_list (build tasks) sdfsdf sd fsda fas f <class 'core.task.Task'>
DEBUG:root:refresh_list (build tasks) My new task <class 'core.task.Task'>
DEBUG:root:refresh_list (build tasks) 2026-01-23 Another new task <class 'core.task.Task'>
DEBUG:root:refresh_list (build tasks) a new task <class 'core.task.Task'>
DEBUG:root:refresh_list (build tasks) sadsad <class 'core.task.Task'>
DEBUG:root:action_toggle_status: item type (inital) <class '__main__.TaskItem'>
DEBUG:root:action_toggle_status: item.task type (inital) <class '_asyncio.Task'>
DEBUG:root:_apply_status: item type (initial) <class '__main__.TaskItem'>
DEBUG:root:_apply_status: item.model type (initial) <class 'core.task.Task'>
DEBUG:asyncio:Using selector: EpollSelector
DEBUG:root:refresh_list (build tasks) a newly added task <class 'core.task.Task'>
DEBUG:root:refresh_list (build tasks) My new test on Monday <class 'core.task.Task'>
DEBUG:root:refresh_list (build tasks) second time trying <class 'core.task.Task'>
DEBUG:root:refresh_list (build tasks) test task on tuesday <class 'core.task.Task'>
DEBUG:root:refresh_list (build tasks) third task on tuesday <class 'core.task.Task'>
DEBUG:root:refresh_list (build tasks) 4th task on tuesday <class 'core.task.Task'>
DEBUG:root:refresh_list (build tasks) 5th time a charm <class 'core.task.Task'>
DEBUG:root:refresh_list (build tasks) ksdfkjds <class 'core.task.Task'>
DEBUG:root:refresh_list (build tasks) Another task added in <class 'core.task.Task'>
DEBUG:root:refresh_list (build tasks) My new task <class 'core.task.Task'>
DEBUG:root:refresh_list (build tasks) another test on redraw <class 'core.task.Task'>
DEBUG:root:refresh_list (build tasks) yet another test <class 'core.task.Task'>
DEBUG:root:refresh_list (build tasks) yet another test# <class 'core.task.Task'>
DEBUG:root:refresh_list (build tasks) bored of testing <class 'core.task.Task'>
DEBUG:root:refresh_list (build tasks) again <class 'core.task.Task'>
DEBUG:root:refresh_list (build tasks) final test?! hopefull <class 'core.task.Task'>
DEBUG:root:refresh_list (build tasks) teste <class 'core.task.Task'>
DEBUG:root:refresh_list (build tasks) final test please god work <class 'core.task.Task'>
DEBUG:root:refresh_list (build tasks) klsjdhfklsdf <class 'core.task.Task'>
DEBUG:root:refresh_list (build tasks) lksdfg <class 'core.task.Task'>
DEBUG:root:refresh_list (build tasks) dsfsdf <class 'core.task.Task'>
DEBUG:root:refresh_list (build tasks) sdfdsf <class 'core.task.Task'>
DEBUG:root:refresh_list (build tasks) sdf <class 'core.task.Task'>
DEBUG:root:refresh_list (build tasks) ds <class 'core.task.Task'>
DEBUG:root:refresh_list (build tasks) dsfsdf <class 'core.task.Task'>
DEBUG:root:refresh_list (build tasks) sdfdsf <class 'core.task.Task'>
DEBUG:root:refresh_list (build tasks) sdfsdf sd fsda fas f <class 'core.task.Task'>
DEBUG:root:refresh_list (build tasks) My new task <class 'core.task.Task'>
DEBUG:root:refresh_list (build tasks) 2026-01-23 Another new task <class 'core.task.Task'>
DEBUG:root:refresh_list (build tasks) a new task <class 'core.task.Task'>
DEBUG:root:refresh_list (build tasks) sadsad <class 'core.task.Task'>
DEBUG:root:action_toggle_status: item type (inital) <class '__main__.TaskItem'>
DEBUG:root:action_toggle_status: item.task type (inital) <class '_asyncio.Task'>
DEBUG:root:_apply_status: item type (initial) <class '__main__.TaskItem'>
DEBUG:root:_apply_status: item.model type (initial) <class 'core.task.Task'>
DEBUG:asyncio:Using selector: EpollSelector
DEBUG:root:refresh_list (build tasks) a newly added task <class 'core.task.Task'>
DEBUG:root:refresh_list (build tasks) My new test on Monday <class 'core.task.Task'>
DEBUG:root:refresh_list (build tasks) second time trying <class 'core.task.Task'>
DEBUG:root:refresh_list (build tasks) test task on tuesday <class 'core.task.Task'>
DEBUG:root:refresh_list (build tasks) third task on tuesday <class 'core.task.Task'>
DEBUG:root:refresh_list (build tasks) 4th task on tuesday <class 'core.task.Task'>
DEBUG:root:refresh_list (build tasks) 5th time a charm <class 'core.task.Task'>
DEBUG:root:refresh_list (build tasks) ksdfkjds <class 'core.task.Task'>
DEBUG:root:refresh_list (build tasks) Another task added in <class 'core.task.Task'>
DEBUG:root:refresh_list (build tasks) My new task <class 'core.task.Task'>
DEBUG:root:refresh_list (build tasks) another test on redraw <class 'core.task.Task'>
DEBUG:root:refresh_list (build tasks) yet another test <class 'core.task.Task'>
DEBUG:root:refresh_list (build tasks) yet another test# <class 'core.task.Task'>
DEBUG:root:refresh_list (build tasks) bored of testing <class 'core.task.Task'>
DEBUG:root:refresh_list (build tasks) again <class 'core.task.Task'>
DEBUG:root:refresh_list (build tasks) final test?! hopefull <class 'core.task.Task'>
DEBUG:root:refresh_list (build tasks) teste <class 'core.task.Task'>
DEBUG:root:refresh_list (build tasks) final test please god work <class 'core.task.Task'>
DEBUG:root:refresh_list (build tasks) klsjdhfklsdf <class 'core.task.Task'>
DEBUG:root:refresh_list (build tasks) lksdfg <class 'core.task.Task'>
DEBUG:root:refresh_list (build tasks) dsfsdf <class 'core.task.Task'>
DEBUG:root:refresh_list (build tasks) sdfdsf <class 'core.task.Task'>
DEBUG:root:refresh_list (build tasks) sdf <class 'core.task.Task'>
DEBUG:root:refresh_list (build tasks) ds <class 'core.task.Task'>
DEBUG:root:refresh_list (build tasks) dsfsdf <class 'core.task.Task'>
DEBUG:root:refresh_list (build tasks) sdfdsf <class 'core.task.Task'>
DEBUG:root:refresh_list (build tasks) sdfsdf sd fsda fas f <class 'core.task.Task'>
DEBUG:root:refresh_list (build tasks) My new task <class 'core.task.Task'>
DEBUG:root:refresh_list (build tasks) 2026-01-23 Another new task <class 'core.task.Task'>
DEBUG:root:refresh_list (build tasks) a new task <class 'core.task.Task'>
DEBUG:root:refresh_list (build tasks) sadsad <class 'core.task.Task'>
DEBUG:root:action_toggle_status: item type (inital) <class '__main__.TaskItem'>
DEBUG:root:action_toggle_status: item.task type (inital) <class '_asyncio.Task'>
DEBUG:root:_apply_status: item type (initial) <class '__main__.TaskItem'>
DEBUG:root:_apply_status: item.model type (initial) <class 'core.task.Task'>
DEBUG:asyncio:Using selector: EpollSelector
DEBUG:root:refresh_list (build tasks) a newly added task <class 'core.task.Task'>
DEBUG:root:refresh_list (build tasks) My new test on Monday <class 'core.task.Task'>
DEBUG:root:refresh_list (build tasks) second time trying <class 'core.task.Task'>
DEBUG:root:refresh_list (build tasks) test task on tuesday <class 'core.task.Task'>
DEBUG:root:refresh_list (build tasks) third task on tuesday <class 'core.task.Task'>
DEBUG:root:refresh_list (build tasks) 4th task on tuesday <class 'core.task.Task'>
DEBUG:root:refresh_list (build tasks) 5th time a charm <class 'core.task.Task'>
DEBUG:root:refresh_list (build tasks) ksdfkjds <class 'core.task.Task'>
DEBUG:root:refresh_list (build tasks) Another task added in <class 'core.task.Task'>
DEBUG:root:refresh_list (build tasks) My new task <class 'core.task.Task'>
DEBUG:root:refresh_list (build tasks) another test on redraw <class 'core.task.Task'>
DEBUG:root:refresh_list (build tasks) yet another test <class 'core.task.Task'>
DEBUG:root:refresh_list (build tasks) yet another test# <class 'core.task.Task'>
DEBUG:root:refresh_list (build tasks) bored of testing <class 'core.task.Task'>
DEBUG:root:refresh_list (build tasks) again <class 'core.task.Task'>
DEBUG:root:refresh_list (build tasks) final test?! hopefull <class 'core.task.Task'>
DEBUG:root:refresh_list (build tasks) teste <class 'core.task.Task'>
DEBUG:root:refresh_list (build tasks) final test please god work <class 'core.task.Task'>
DEBUG:root:refresh_list (build tasks) klsjdhfklsdf <class 'core.task.Task'>
DEBUG:root:refresh_list (build tasks) lksdfg <class 'core.task.Task'>
DEBUG:root:refresh_list (build tasks) dsfsdf <class 'core.task.Task'>
DEBUG:root:refresh_list (build tasks) sdfdsf <class 'core.task.Task'>
DEBUG:root:refresh_list (build tasks) sdf <class 'core.task.Task'>
DEBUG:root:refresh_list (build tasks) ds <class 'core.task.Task'>
DEBUG:root:refresh_list (build tasks) dsfsdf <class 'core.task.Task'>
DEBUG:root:refresh_list (build tasks) sdfdsf <class 'core.task.Task'>
DEBUG:root:refresh_list (build tasks) sdfsdf sd fsda fas f <class 'core.task.Task'>
DEBUG:root:refresh_list (build tasks) My new task <class 'core.task.Task'>
DEBUG:root:refresh_list (build tasks) 2026-01-23 Another new task <class 'core.task.Task'>
DEBUG:root:refresh_list (build tasks) a new task <class 'core.task.Task'>
DEBUG:root:refresh_list (build tasks) sadsad <class 'core.task.Task'>
DEBUG:root:action_toggle_status: item type (inital) <class '__main__.TaskItem'>
DEBUG:root:action_toggle_status: item.task type (inital) <class '_asyncio.Task'>
DEBUG:root:_apply_status: item type (initial) <class '__main__.TaskItem'>
DEBUG:root:_apply_status: item.model type (initial) <class 'core.task.Task'>
DEBUG:root:action_toggle_status: item type (inital) <class '__main__.TaskItem'>
DEBUG:root:action_toggle_status: item.task type (inital) <class '_asyncio.Task'>
DEBUG:root:_apply_status: item type (initial) <class '__main__.TaskItem'>
DEBUG:root:_apply_status: item.model type (initial) <class 'core.task.Task'>
DEBUG:asyncio:Using selector: EpollSelector
DEBUG:root:refresh_list (build tasks) a newly added task <class 'core.task.Task'>
DEBUG:asyncio:Using selector: EpollSelector
DEBUG:root:refresh_list (build tasks) a newly added task <class 'core.task.Task'>
DEBUG:asyncio:Using selector: EpollSelector
DEBUG:root:refresh_list (build tasks) a newly added task <class 'core.task.Task'>
DEBUG:asyncio:Using selector: EpollSelector
DEBUG:root:refresh_list (build tasks) a newly added task <class 'core.task.Task'>
DEBUG:root:refresh_list (build tasks) My new test on Monday <class 'core.task.Task'>
DEBUG:root:refresh_list (build tasks) second time trying <class 'core.task.Task'>
DEBUG:root:refresh_list (build tasks) test task on tuesday <class 'core.task.Task'>
DEBUG:root:refresh_list (build tasks) third task on tuesday <class 'core.task.Task'>
DEBUG:root:refresh_list (build tasks) 4th task on tuesday <class 'core.task.Task'>
DEBUG:root:refresh_list (build tasks) 5th time a charm <class 'core.task.Task'>
DEBUG:root:refresh_list (build tasks) ksdfkjds <class 'core.task.Task'>
DEBUG:root:refresh_list (build tasks) Another task added in <class 'core.task.Task'>
DEBUG:root:refresh_list (build tasks) My new task <class 'core.task.Task'>
DEBUG:root:refresh_list (build tasks) another test on redraw <class 'core.task.Task'>
DEBUG:root:refresh_list (build tasks) yet another test <class 'core.task.Task'>
DEBUG:root:refresh_list (build tasks) yet another test# <class 'core.task.Task'>
DEBUG:root:refresh_list (build tasks) bored of testing <class 'core.task.Task'>
DEBUG:root:refresh_list (build tasks) again <class 'core.task.Task'>
DEBUG:root:refresh_list (build tasks) final test?! hopefull <class 'core.task.Task'>
DEBUG:root:refresh_list (build tasks) teste <class 'core.task.Task'>
DEBUG:root:refresh_list (build tasks) final test please god work <class 'core.task.Task'>
DEBUG:root:refresh_list (build tasks) klsjdhfklsdf <class 'core.task.Task'>
DEBUG:root:refresh_list (build tasks) lksdfg <class 'core.task.Task'>
DEBUG:root:refresh_list (build tasks) dsfsdf <class 'core.task.Task'>
DEBUG:root:refresh_list (build tasks) sdfdsf <class 'core.task.Task'>
DEBUG:root:refresh_list (build tasks) sdf <class 'core.task.Task'>
DEBUG:root:refresh_list (build tasks) ds <class 'core.task.Task'>
DEBUG:root:refresh_list (build tasks) dsfsdf <class 'core.task.Task'>
DEBUG:root:refresh_list (build tasks) sdfdsf <class 'core.task.Task'>
DEBUG:root:refresh_list (build tasks) sdfsdf sd fsda fas f <class 'core.task.Task'>
DEBUG:root:refresh_list (build tasks) My new task <class 'core.task.Task'>
DEBUG:root:refresh_list (build tasks) 2026-01-23 Another new task <class 'core.task.Task'>
DEBUG:root:refresh_list (build tasks) a new task <class 'core.task.Task'>
DEBUG:root:refresh_list (build tasks) sadsad <class 'core.task.Task'>
DEBUG:asyncio:Using selector: EpollSelector
DEBUG:root:refresh_list (build tasks) a newly added task <class 'core.task.Task'>
DEBUG:root:refresh_list (build tasks) My new test on Monday <class 'core.task.Task'>
DEBUG:root:refresh_list (build tasks) second time trying <class 'core.task.Task'>
DEBUG:root:refresh_list (build tasks) test task on tuesday <class 'core.task.Task'>
DEBUG:root:refresh_list (build tasks) third task on tuesday <class 'core.task.Task'>
DEBUG:root:refresh_list (build tasks) 4th task on tuesday <class 'core.task.Task'>
DEBUG:root:refresh_list (build tasks) 5th time a charm <class 'core.task.Task'>
DEBUG:root:refresh_list (build tasks) ksdfkjds <class 'core.task.Task'>
DEBUG:root:refresh_list (build tasks) Another task added in <class 'core.task.Task'>
DEBUG:root:refresh_list (build tasks) My new task <class 'core.task.Task'>
DEBUG:root:refresh_list (build tasks) another test on redraw <class 'core.task.Task'>
DEBUG:root:refresh_list (build tasks) yet another test <class 'core.task.Task'>
DEBUG:root:refresh_list (build tasks) yet another test# <class 'core.task.Task'>
DEBUG:root:refresh_list (build tasks) bored of testing <class 'core.task.Task'>
DEBUG:root:refresh_list (build tasks) again <class 'core.task.Task'>
DEBUG:root:refresh_list (build tasks) final test?! hopefull <class 'core.task.Task'>
DEBUG:root:refresh_list (build tasks) teste <class 'core.task.Task'>
DEBUG:root:refresh_list (build tasks) final test please god work <class 'core.task.Task'>
DEBUG:root:refresh_list (build tasks) klsjdhfklsdf <class 'core.task.Task'>
DEBUG:root:refresh_list (build tasks) lksdfg <class 'core.task.Task'>
DEBUG:root:refresh_list (build tasks) dsfsdf <class 'core.task.Task'>
DEBUG:root:refresh_list (build tasks) sdfdsf <class 'core.task.Task'>
DEBUG:root:refresh_list (build tasks) sdf <class 'core.task.Task'>
DEBUG:root:refresh_list (build tasks) ds <class 'core.task.Task'>
DEBUG:root:refresh_list (build tasks) dsfsdf <class 'core.task.Task'>
DEBUG:root:refresh_list (build tasks) sdfdsf <class 'core.task.Task'>
DEBUG:root:refresh_list (build tasks) sdfsdf sd fsda fas f <class 'core.task.Task'>
DEBUG:root:refresh_list (build tasks) My new task <class 'core.task.Task'>
DEBUG:root:refresh_list (build tasks) 2026-01-23 Another new task <class 'core.task.Task'>
DEBUG:root:refresh_list (build tasks) a new task <class 'core.task.Task'>
DEBUG:root:refresh_list (build tasks) sadsad <class 'core.task.Task'>
DEBUG:asyncio:Using selector: EpollSelector
DEBUG:root:refresh_list (build tasks) a newly added task <class 'core.task.Task'>
DEBUG:root:refresh_list (build tasks) My new test on Monday <class 'core.task.Task'>
DEBUG:root:refresh_list (build tasks) second time trying <class 'core.task.Task'>
DEBUG:root:refresh_list (build tasks) test task on tuesday <class 'core.task.Task'>
DEBUG:root:refresh_list (build tasks) third task on tuesday <class 'core.task.Task'>
DEBUG:root:refresh_list (build tasks) 4th task on tuesday <class 'core.task.Task'>
DEBUG:root:refresh_list (build tasks) 5th time a charm <class 'core.task.Task'>
DEBUG:root:refresh_list (build tasks) ksdfkjds <class 'core.task.Task'>
DEBUG:root:refresh_list (build tasks) Another task added in <class 'core.task.Task'>
DEBUG:root:refresh_list (build tasks) My new task <class 'core.task.Task'>
DEBUG:root:refresh_list (build tasks) another test on redraw <class 'core.task.Task'>
DEBUG:root:refresh_list (build tasks) yet another test <class 'core.task.Task'>
DEBUG:root:refresh_list (build tasks) yet another test# <class 'core.task.Task'>
DEBUG:root:refresh_list (build tasks) bored of testing <class 'core.task.Task'>
DEBUG:root:refresh_list (build tasks) again <class 'core.task.Task'>
DEBUG:root:refresh_list (build tasks) final test?! hopefull <class 'core.task.Task'>
DEBUG:root:refresh_list (build tasks) teste <class 'core.task.Task'>
DEBUG:root:refresh_list (build tasks) final test please god work <class 'core.task.Task'>
DEBUG:root:refresh_list (build tasks) klsjdhfklsdf <class 'core.task.Task'>
DEBUG:root:refresh_list (build tasks) lksdfg <class 'core.task.Task'>
DEBUG:root:refresh_list (build tasks) dsfsdf <class 'core.task.Task'>
DEBUG:root:refresh_list (build tasks) sdfdsf <class 'core.task.Task'>
DEBUG:root:refresh_list (build tasks) sdf <class 'core.task.Task'>
DEBUG:root:refresh_list (build tasks) ds <class 'core.task.Task'>
DEBUG:root:refresh_list (build tasks) dsfsdf <class 'core.task.Task'>
DEBUG:root:refresh_list (build tasks) sdfdsf <class 'core.task.Task'>
DEBUG:root:refresh_list (build tasks) sdfsdf sd fsda fas f <class 'core.task.Task'>
DEBUG:root:refresh_list (build tasks) My new task <class 'core.task.Task'>
DEBUG:root:refresh_list (build tasks) 2026-01-23 Another new task <class 'core.task.Task'>
DEBUG:root:refresh_list (build tasks) a new task <class 'core.task.Task'>
DEBUG:root:refresh_list (build tasks) sadsad <class 'core.task.Task'>
DEBUG:root:action_toggle_status: item type (inital) <class '__main__.TaskItem'>
DEBUG:root:action_toggle_status: item.task type (inital) <class '_asyncio.Task'>
DEBUG:root:_apply_status: item type (initial) <class '__main__.TaskItem'>
DEBUG:root:_apply_status: item.model type (initial) <class 'core.task.Task'>
DEBUG:asyncio:Using selector: EpollSelector
DEBUG:asyncio:Using selector: EpollSelector
DEBUG:root:refresh_list (build tasks) a newly added task <class 'core.task.Task'>
DEBUG:root:refresh_list (build tasks) My new test on Monday <class 'core.task.Task'>
DEBUG:root:refresh_list (build tasks) second time trying <class 'core.task.Task'>
DEBUG:root:refresh_list (build tasks) test task on tuesday <class 'core.task.Task'>
DEBUG:root:refresh_list (build tasks) third task on tuesday <class 'core.task.Task'>
DEBUG:root:refresh_list (build tasks) 4th task on tuesday <class 'core.task.Task'>
DEBUG:root:refresh_list (build tasks) 5th time a charm <class 'core.task.Task'>
DEBUG:root:refresh_list (build tasks) ksdfkjds <class 'core.task.Task'>
DEBUG:root:refresh_list (build tasks) Another task added in <class 'core.task.Task'>
DEBUG:root:refresh_list (build tasks) My new task <class 'core.task.Task'>
DEBUG:root:refresh_list (build tasks) another test on redraw <class 'core.task.Task'>
DEBUG:root:refresh_list (build tasks) yet another test <class 'core.task.Task'>
DEBUG:root:refresh_list (build tasks) yet another test# <class 'core.task.Task'>
DEBUG:root:refresh_list (build tasks) bored of testing <class 'core.task.Task'>
DEBUG:root:refresh_list (build tasks) again <class 'core.task.Task'>
DEBUG:root:refresh_list (build tasks) final test?! hopefull <class 'core.task.Task'>
DEBUG:root:refresh_list (build tasks) teste <class 'core.task.Task'>
DEBUG:root:refresh_list (build tasks) final test please god work <class 'core.task.Task'>
DEBUG:root:refresh_list (build tasks) klsjdhfklsdf <class 'core.task.Task'>
DEBUG:root:refresh_list (build tasks) lksdfg <class 'core.task.Task'>
DEBUG:root:refresh_list (build tasks) dsfsdf <class 'core.task.Task'>
DEBUG:root:refresh_list (build tasks) sdfdsf <class 'core.task.Task'>
DEBUG:root:refresh_list (build tasks) sdf <class 'core.task.Task'>
DEBUG:root:refresh_list (build tasks) ds <class 'core.task.Task'>
DEBUG:root:refresh_list (build tasks) dsfsdf <class 'core.task.Task'>
DEBUG:root:refresh_list (build tasks) sdfdsf <class 'core.task.Task'>
DEBUG:root:refresh_list (build tasks) sdfsdf sd fsda fas f <class 'core.task.Task'>
DEBUG:root:refresh_list (build tasks) My new task <class 'core.task.Task'>
DEBUG:root:refresh_list (build tasks) 2026-01-23 Another new task <class 'core.task.Task'>
DEBUG:root:refresh_list (build tasks) a new task <class 'core.task.Task'>
DEBUG:root:refresh_list (build tasks) sadsad <class 'core.task.Task'>
DEBUG:root:action_toggle_status: item type (inital) <class '__main__.TaskItem'>
DEBUG:root:action_toggle_status: item.task type (inital) <class '_asyncio.Task'>
DEBUG:root:_apply_status: item type (initial) <class '__main__.TaskItem'>
DEBUG:root:_apply_status: item.model type (initial) <class 'core.task.Task'>
DEBUG:root:action_toggle_status: item type (inital) <class '__main__.TaskItem'>
DEBUG:root:action_toggle_status: item.task type (inital) <class '_asyncio.Task'>
DEBUG:root:_apply_status: item type (initial) <class '__main__.TaskItem'>
DEBUG:root:_apply_status: item.model type (initial) <class 'core.task.Task'>
DEBUG:asyncio:Using selector: EpollSelector
DEBUG:root:refresh_list (build tasks) a newly added task <class 'core.task.Task'>
DEBUG:root:refresh_list (build tasks) My new test on Monday <class 'core.task.Task'>
DEBUG:root:refresh_list (build tasks) second time trying <class 'core.task.Task'>
DEBUG:root:refresh_list (build tasks) test task on tuesday <class 'core.task.Task'>
DEBUG:root:refresh_list (build tasks) third task on tuesday <class 'core.task.Task'>
DEBUG:root:refresh_list (build tasks) 4th task on tuesday <class 'core.task.Task'>
DEBUG:root:refresh_list (build tasks) 5th time a charm <class 'core.task.Task'>
DEBUG:root:refresh_list (build tasks) ksdfkjds <class 'core.task.Task'>
DEBUG:root:refresh_list (build tasks) Another task added in <class 'core.task.Task'>
DEBUG:root:refresh_list (build tasks) My new task <class 'core.task.Task'>
DEBUG:root:refresh_list (build tasks) another test on redraw <class 'core.task.Task'>
DEBUG:root:refresh_list (build tasks) yet another test <class 'core.task.Task'>
DEBUG:root:refresh_list (build tasks) yet another test# <class 'core.task.Task'>
DEBUG:root:refresh_list (build tasks) bored of testing <class 'core.task.Task'>
DEBUG:root:refresh_list (build tasks) again <class 'core.task.Task'>
DEBUG:root:refresh_list (build tasks) final test?! hopefull <class 'core.task.Task'>
DEBUG:root:refresh_list (build tasks) teste <class 'core.task.Task'>
DEBUG:root:refresh_list (build tasks) final test please god work <class 'core.task.Task'>
DEBUG:root:refresh_list (build tasks) klsjdhfklsdf <class 'core.task.Task'>
DEBUG:root:refresh_list (build tasks) lksdfg <class 'core.task.Task'>
DEBUG:root:refresh_list (build tasks) dsfsdf <class 'core.task.Task'>
DEBUG:root:refresh_list (build tasks) sdfdsf <class 'core.task.Task'>
DEBUG:root:refresh_list (build tasks) sdf <class 'core.task.Task'>
DEBUG:root:refresh_list (build tasks) ds <class 'core.task.Task'>
DEBUG:root:refresh_list (build tasks) dsfsdf <class 'core.task.Task'>
DEBUG:root:refresh_list (build tasks) sdfdsf <class 'core.task.Task'>
DEBUG:root:refresh_list (build tasks) sdfsdf sd fsda fas f <class 'core.task.Task'>
DEBUG:root:refresh_list (build tasks) My new task <class 'core.task.Task'>
DEBUG:root:refresh_list (build tasks) 2026-01-23 Another new task <class 'core.task.Task'>
DEBUG:root:refresh_list (build tasks) a new task <class 'core.task.Task'>
DEBUG:root:refresh_list (build tasks) sadsad <class 'core.task.Task'>
DEBUG:asyncio:Using selector: EpollSelector
DEBUG:root:refresh_list (build tasks) a newly added task <class 'core.task.Task'>
DEBUG:root:refresh_list (build tasks) My new test on Monday <class 'core.task.Task'>
DEBUG:root:refresh_list (build tasks) second time trying <class 'core.task.Task'>
DEBUG:root:refresh_list (build tasks) test task on tuesday <class 'core.task.Task'>
DEBUG:root:refresh_list (build tasks) third task on tuesday <class 'core.task.Task'>
DEBUG:root:refresh_list (build tasks) 4th task on tuesday <class 'core.task.Task'>
DEBUG:root:refresh_list (build tasks) 5th time a charm <class 'core.task.Task'>
DEBUG:root:refresh_list (build tasks) ksdfkjds <class 'core.task.Task'>
DEBUG:root:refresh_list (build tasks) Another task added in <class 'core.task.Task'>
DEBUG:root:refresh_list (build tasks) My new task <class 'core.task.Task'>
DEBUG:root:refresh_list (build tasks) another test on redraw <class 'core.task.Task'>
DEBUG:root:refresh_list (build tasks) yet another test <class 'core.task.Task'>
DEBUG:root:refresh_list (build tasks) yet another test# <class 'core.task.Task'>
DEBUG:root:refresh_list (build tasks) bored of testing <class 'core.task.Task'>
DEBUG:root:refresh_list (build tasks) again <class 'core.task.Task'>
DEBUG:root:refresh_list (build tasks) final test?! hopefull <class 'core.task.Task'>
DEBUG:root:refresh_list (build tasks) teste <class 'core.task.Task'>
DEBUG:root:refresh_list (build tasks) final test please god work <class 'core.task.Task'>
DEBUG:root:refresh_list (build tasks) klsjdhfklsdf <class 'core.task.Task'>
DEBUG:root:refresh_list (build tasks) lksdfg <class 'core.task.Task'>
DEBUG:root:refresh_list (build tasks) dsfsdf <class 'core.task.Task'>
DEBUG:root:refresh_list (build tasks) sdfdsf <class 'core.task.Task'>
DEBUG:root:refresh_list (build tasks) sdf <class 'core.task.Task'>
DEBUG:root:refresh_list (build tasks) ds <class 'core.task.Task'>
DEBUG:root:refresh_list (build tasks) dsfsdf <class 'core.task.Task'>
DEBUG:root:refresh_list (build tasks) sdfdsf <class 'core.task.Task'>
DEBUG:root:refresh_list (build tasks) sdfsdf sd fsda fas f <class 'core.task.Task'>
DEBUG:root:refresh_list (build tasks) My new task <class 'core.task.Task'>
DEBUG:root:refresh_list (build tasks) 2026-01-23 Another new task <class 'core.task.Task'>
DEBUG:root:refresh_list (build tasks) a new task <class 'core.task.Task'>
DEBUG:root:refresh_list (build tasks) sadsad <class 'core.task.Task'>
DEBUG:asyncio:Using selector: EpollSelector
DEBUG:root:refresh_list (build tasks) a newly added task <class 'core.task.Task'>
DEBUG:root:refresh_list (build tasks) My new test on Monday <class 'core.task.Task'>
DEBUG:root:refresh_list (build tasks) second time trying <class 'core.task.Task'>
DEBUG:root:refresh_list (build tasks) test task on tuesday <class 'core.task.Task'>
DEBUG:root:refresh_list (build tasks) third task on tuesday <class 'core.task.Task'>
DEBUG:root:refresh_list (build tasks) 4th task on tuesday <class 'core.task.Task'>
DEBUG:root:refresh_list (build tasks) 5th time a charm <class 'core.task.Task'>
DEBUG:root:refresh_list (build tasks) ksdfkjds <class 'core.task.Task'>
DEBUG:root:refresh_list (build tasks) Another task added in <class 'core.task.Task'>
DEBUG:root:refresh_list (build tasks) My new task <class 'core.task.Task'>
DEBUG:root:refresh_list (build tasks) another test on redraw <class 'core.task.Task'>
DEBUG:root:refresh_list (build tasks) yet another test <class 'core.task.Task'>
DEBUG:root:refresh_list (build tasks) yet another test# <class 'core.task.Task'>
DEBUG:root:refresh_list (build tasks) bored of testing <class 'core.task.Task'>
DEBUG:root:refresh_list (build tasks) again <class 'core.task.Task'>
DEBUG:root:refresh_list (build tasks) final test?! hopefull <class 'core.task.Task'>
DEBUG:root:refresh_list (build tasks) teste <class 'core.task.Task'>
DEBUG:root:refresh_list (build tasks) final test please god work <class 'core.task.Task'>
DEBUG:root:refresh_list (build tasks) klsjdhfklsdf <class 'core.task.Task'>
DEBUG:root:refresh_list (build tasks) lksdfg <class 'core.task.Task'>
DEBUG:root:refresh_list (build tasks) dsfsdf <class 'core.task.Task'>
DEBUG:root:refresh_list (build tasks) sdfdsf <class 'core.task.Task'>
DEBUG:root:refresh_list (build tasks) sdf <class 'core.task.Task'>
DEBUG:root:refresh_list (build tasks) ds <class 'core.task.Task'>
DEBUG:root:refresh_list (build tasks) dsfsdf <class 'core.task.Task'>
DEBUG:root:refresh_list (build tasks) sdfdsf <class 'core.task.Task'>
DEBUG:root:refresh_list (build tasks) sdfsdf sd fsda fas f <class 'core.task.Task'>
DEBUG:root:refresh_list (build tasks) My new task <class 'core.task.Task'>
DEBUG:root:refresh_list (build tasks) 2026-01-23 Another new task <class 'core.task.Task'>
DEBUG:root:refresh_list (build tasks) a new task <class 'core.task.Task'>
DEBUG:root:refresh_list (build tasks) sadsad <class 'core.task.Task'>
DEBUG:asyncio:Using selector: EpollSelector
DEBUG:root:refresh_list (build tasks) a newly added task <class 'core.task.Task'>
DEBUG:root:refresh_list (build tasks) My new test on Monday <class 'core.task.Task'>
DEBUG:root:refresh_list (build tasks) second time trying <class 'core.task.Task'>
DEBUG:root:refresh_list (build tasks) test task on tuesday <class 'core.task.Task'>
DEBUG:root:refresh_list (build tasks) third task on tuesday <class 'core.task.Task'>
DEBUG:root:refresh_list (build tasks) 4th task on tuesday <class 'core.task.Task'>
DEBUG:root:refresh_list (build tasks) 5th time a charm <class 'core.task.Task'>
DEBUG:root:refresh_list (build tasks) ksdfkjds <class 'core.task.Task'>
DEBUG:root:refresh_list (build tasks) Another task added in <class 'core.task.Task'>
DEBUG:root:refresh_list (build tasks) My new task <class 'core.task.Task'>
DEBUG:root:refresh_list (build tasks) another test on redraw <class 'core.task.Task'>
DEBUG:root:refresh_list (build tasks) yet another test <class 'core.task.Task'>
DEBUG:root:refresh_list (build tasks) yet another test# <class 'core.task.Task'>
DEBUG:root:refresh_list (build tasks) bored of testing <class 'core.task.Task'>
DEBUG:root:refresh_list (build tasks) again <class 'core.task.Task'>
DEBUG:root:refresh_list (build tasks) final test?! hopefull <class 'core.task.Task'>
DEBUG:root:refresh_list (build tasks) teste <class 'core.task.Task'>
DEBUG:root:refresh_list (build tasks) final test please god work <class 'core.task.Task'>
DEBUG:root:refresh_list (build tasks) klsjdhfklsdf <class 'core.task.Task'>
DEBUG:root:refresh_list (build tasks) lksdfg <class 'core.task.Task'>
DEBUG:root:refresh_list (build tasks) dsfsdf <class 'core.task.Task'>
DEBUG:root:refresh_list (build tasks) sdfdsf <class 'core.task.Task'>
DEBUG:root:refresh_list (build tasks) sdf <class 'core.task.Task'>
DEBUG:root:refresh_list (build tasks) ds <class 'core.task.Task'>
DEBUG:root:refresh_list (build tasks) dsfsdf <class 'core.task.Task'>
DEBUG:root:refresh_list (build tasks) sdfdsf <class 'core.task.Task'>
DEBUG:root:refresh_list (build tasks) sdfsdf sd fsda fas f <class 'core.task.Task'>
DEBUG:root:refresh_list (build tasks) My new task <class 'core.task.Task'>
DEBUG:root:refresh_list (build tasks) 2026-01-23 Another new task <class 'core.task.Task'>
DEBUG:root:refresh_list (build tasks) a new task <class 'core.task.Task'>
DEBUG:root:refresh_list (build tasks) sadsad <class 'core.task.Task'>
DEBUG:asyncio:Using selector: EpollSelector
DEBUG:root:refresh_list (build tasks) a newly added task <class 'core.task.Task'>
DEBUG:root:refresh_list (build tasks) My new test on Monday <class 'core.task.Task'>
DEBUG:root:refresh_list (build tasks) second time trying <class 'core.task.Task'>
DEBUG:root:refresh_list (build tasks) test task on tuesday <class 'core.task.Task'>
DEBUG:root:refresh_list (build tasks) third task on tuesday <class 'core.task.Task'>
DEBUG:root:refresh_list (build tasks) 4th task on tuesday <class 'core.task.Task'>
DEBUG:root:refresh_list (build tasks) 5th time a charm <class 'core.task.Task'>
DEBUG:root:refresh_list (build tasks) ksdfkjds <class 'core.task.Task'>
DEBUG:root:refresh_list (build tasks) Another task added in <class 'core.task.Task'>
DEBUG:root:refresh_list (build tasks) My new task <class 'core.task.Task'>
DEBUG:root:refresh_list (build tasks) another test on redraw <class 'core.task.Task'>
DEBUG:root:refresh_list (build tasks) yet another test <class 'core.task.Task'>
DEBUG:root:refresh_list (build tasks) yet another test# <class 'core.task.Task'>
DEBUG:root:refresh_list (build tasks) bored of testing <class 'core.task.Task'>
DEBUG:root:refresh_list (build tasks) again <class 'core.task.Task'>
DEBUG:root:refresh_list (build tasks) final test?! hopefull <class 'core.task.Task'>
DEBUG:root:refresh_list (build tasks) teste <class 'core.task.Task'>
DEBUG:root:refresh_list (build tasks) final test please god work <class 'core.task.Task'>
DEBUG:root:refresh_list (build tasks) klsjdhfklsdf <class 'core.task.Task'>
DEBUG:root:refresh_list (build tasks) lksdfg <class 'core.task.Task'>
DEBUG:root:refresh_list (build tasks) dsfsdf <class 'core.task.Task'>
DEBUG:root:refresh_list (build tasks) sdfdsf <class 'core.task.Task'>
DEBUG:root:refresh_list (build tasks) sdf <class 'core.task.Task'>
DEBUG:root:refresh_list (build tasks) ds <class 'core.task.Task'>
DEBUG:root:refresh_list (build tasks) dsfsdf <class 'core.task.Task'>
DEBUG:root:refresh_list (build tasks) sdfdsf <class 'core.task.Task'>
DEBUG:root:refresh_list (build tasks) sdfsdf sd fsda fas f <class 'core.task.Task'>
DEBUG:root:refresh_list (build tasks) My new task <class 'core.task.Task'>
DEBUG:root:refresh_list (build tasks) 2026-01-23 Another new task <class 'core.task.Task'>
DEBUG:root:refresh_list (build tasks) a new task <class 'core.task.Task'>
DEBUG:root:refresh_list (build tasks) sadsad <class 'core.task.Task'>
DEBUG:root:action_toggle_status: item type (inital) <class '__main__.TaskItem'>
DEBUG:root:action_toggle_status: item.task type (inital) <class '_asyncio.Task'>
DEBUG:root:_apply_status: item type (initial) <class '__main__.TaskItem'>
DEBUG:root:_apply_status: item.model type (initial) <class 'core.task.Task'>
DEBUG:asyncio:Using selector: EpollSelector
DEBUG:root:refresh_list (build tasks) a newly added task <class 'core.task.Task'>
DEBUG:root:refresh_list (build tasks) My new test on Monday <class 'core.task.Task'>
DEBUG:root:refresh_list (build tasks) second time trying <class 'core.task.Task'>
DEBUG:root:refresh_list (build tasks) test task on tuesday <class 'core.task.Task'>
DEBUG:root:refresh_list (build tasks) third task on tuesday <class 'core.task.Task'>
DEBUG:root:refresh_list (build tasks) 4th task on tuesday <class 'core.task.Task'>
DEBUG:root:refresh_list (build tasks) 5th time a charm <class 'core.task.Task'>
DEBUG:root:refresh_list (build tasks) ksdfkjds <class 'core.task.Task'>
DEBUG:root:refresh_list (build tasks) Another task added in <class 'core.task.Task'>
DEBUG:root:refresh_list (build tasks) My new task <class 'core.task.Task'>
DEBUG:root:refresh_list (build tasks) another test on redraw <class 'core.task.Task'>
DEBUG:root:refresh_list (build tasks) yet another test <class 'core.task.Task'>
DEBUG:root:refresh_list (build tasks) yet another test# <class 'core.task.Task'>
DEBUG:root:refresh_list (build tasks) bored of testing <class 'core.task.Task'>
DEBUG:root:refresh_list (build tasks) again <class 'core.task.Task'>
DEBUG:root:refresh_list (build tasks) final test?! hopefull <class 'core.task.Task'>
DEBUG:root:refresh_list (build tasks) teste <class 'core.task.Task'>
DEBUG:root:refresh_list (build tasks) final test please god work <class 'core.task.Task'>
DEBUG:root:refresh_list (build tasks) klsjdhfklsdf <class 'core.task.Task'>
DEBUG:root:refresh_list (build tasks) lksdfg <class 'core.task.Task'>
DEBUG:root:refresh_list (build tasks) dsfsdf <class 'core.task.Task'>
DEBUG:root:refresh_list (build tasks) sdfdsf <class 'core.task.Task'>
DEBUG:root:refresh_list (build tasks) sdf <class 'core.task.Task'>
DEBUG:root:refresh_list (build tasks) ds <class 'core.task.Task'>
DEBUG:root:refresh_list (build tasks) dsfsdf <class 'core.task.Task'>
DEBUG:root:refresh_list (build tasks) sdfdsf <class 'core.task.Task'>
DEBUG:root:refresh_list (build tasks) sdfsdf sd fsda fas f <class 'core.task.Task'>
DEBUG:root:refresh_list (build tasks) My new task <class 'core.task.Task'>
DEBUG:root:refresh_list (build tasks) 2026-01-23 Another new task <class 'core.task.Task'>
DEBUG:root:refresh_list (build tasks) a new task <class 'core.task.Task'>
DEBUG:root:refresh_list (build tasks) sadsad <class 'core.task.Task'>
DEBUG:asyncio:Using selector: EpollSelector
DEBUG:asyncio:Using selector: EpollSelector
DEBUG:root:refresh_list (build tasks) a newly added task <class 'core.task.Task'>
DEBUG:root:refresh_list (build tasks) My new test on Monday <class 'core.task.Task'>
DEBUG:root:refresh_list (build tasks) second time trying <class 'core.task.Task'>
DEBUG:root:refresh_list (build tasks) test task on tuesday <class 'core.task.Task'>
DEBUG:root:refresh_list (build tasks) third task on tuesday <class 'core.task.Task'>
DEBUG:root:refresh_list (build tasks) 4th task on tuesday <class 'core.task.Task'>
DEBUG:root:refresh_list (build tasks) 5th time a charm <class 'core.task.Task'>
DEBUG:root:refresh_list (build tasks) ksdfkjds <class 'core.task.Task'>
DEBUG:root:refresh_list (build tasks) Another task added in <class 'core.task.Task'>
DEBUG:root:refresh_list (build tasks) My new task <class 'core.task.Task'>
DEBUG:root:refresh_list (build tasks) another test on redraw <class 'core.task.Task'>
DEBUG:root:refresh_list (build tasks) yet another test <class 'core.task.Task'>
DEBUG:root:refresh_list (build tasks) yet another test# <class 'core.task.Task'>
DEBUG:root:refresh_list (build tasks) bored of testing <class 'core.task.Task'>
DEBUG:root:refresh_list (build tasks) again <class 'core.task.Task'>
DEBUG:root:refresh_list (build tasks) final test?! hopefull <class 'core.task.Task'>
DEBUG:root:refresh_list (build tasks) teste <class 'core.task.Task'>
DEBUG:root:refresh_list (build tasks) final test please god work <class 'core.task.Task'>
DEBUG:root:refresh_list (build tasks) klsjdhfklsdf <class 'core.task.Task'>
DEBUG:root:refresh_list (build tasks) lksdfg <class 'core.task.Task'>
DEBUG:root:refresh_list (build tasks) dsfsdf <class 'core.task.Task'>
DEBUG:root:refresh_list (build tasks) sdfdsf <class 'core.task.Task'>
DEBUG:root:refresh_list (build tasks) sdf <class 'core.task.Task'>
DEBUG:root:refresh_list (build tasks) ds <class 'core.task.Task'>
DEBUG:root:refresh_list (build tasks) dsfsdf <class 'core.task.Task'>
DEBUG:root:refresh_list (build tasks) sdfdsf <class 'core.task.Task'>
DEBUG:root:refresh_list (build tasks) sdfsdf sd fsda fas f <class 'core.task.Task'>
DEBUG:root:refresh_list (build tasks) My new task <class 'core.task.Task'>
DEBUG:root:refresh_list (build tasks) 2026-01-23 Another new task <class 'core.task.Task'>
DEBUG:root:refresh_list (build tasks) a new task <class 'core.task.Task'>
DEBUG:root:refresh_list (build tasks) sadsad <class 'core.task.Task'>
DEBUG:asyncio:Using selector: EpollSelector
DEBUG:asyncio:Using selector: EpollSelector
DEBUG:asyncio:Using selector: EpollSelector
DEBUG:asyncio:Using selector: EpollSelector
DEBUG:asyncio:Using selector: EpollSelector
DEBUG:asyncio:Using selector: EpollSelector
DEBUG:asyncio:Using selector: EpollSelector
DEBUG:asyncio:Using selector: EpollSelector
DEBUG:root:refresh_list (build tasks) a newly added task <class 'core.task.Task'>
DEBUG:root:refresh_list (build tasks) My new test on Monday <class 'core.task.Task'>
DEBUG:root:refresh_list (build tasks) second time trying <class 'core.task.Task'>
DEBUG:root:refresh_list (build tasks) test task on tuesday <class 'core.task.Task'>
DEBUG:root:refresh_list (build tasks) third task on tuesday <class 'core.task.Task'>
DEBUG:root:refresh_list (build tasks) 4th task on tuesday <class 'core.task.Task'>
DEBUG:root:refresh_list (build tasks) 5th time a charm <class 'core.task.Task'>
DEBUG:root:refresh_list (build tasks) ksdfkjds <class 'core.task.Task'>
DEBUG:root:refresh_list (build tasks) Another task added in <class 'core.task.Task'>
DEBUG:root:refresh_list (build tasks) My new task <class 'core.task.Task'>
DEBUG:root:refresh_list (build tasks) another test on redraw <class 'core.task.Task'>
DEBUG:root:refresh_list (build tasks) yet another test <class 'core.task.Task'>
DEBUG:root:refresh_list (build tasks) yet another test# <class 'core.task.Task'>
DEBUG:root:refresh_list (build tasks) bored of testing <class 'core.task.Task'>
DEBUG:root:refresh_list (build tasks) again <class 'core.task.Task'>
DEBUG:root:refresh_list (build tasks) final test?! hopefull <class 'core.task.Task'>
DEBUG:root:refresh_list (build tasks) teste <class 'core.task.Task'>
DEBUG:root:refresh_list (build tasks) final test please god work <class 'core.task.Task'>
DEBUG:root:refresh_list (build tasks) klsjdhfklsdf <class 'core.task.Task'>
DEBUG:root:refresh_list (build tasks) lksdfg <class 'core.task.Task'>
DEBUG:root:refresh_list (build tasks) dsfsdf <class 'core.task.Task'>
DEBUG:root:refresh_list (build tasks) sdfdsf <class 'core.task.Task'>
DEBUG:root:refresh_list (build tasks) sdf <class 'core.task.Task'>
DEBUG:root:refresh_list (build tasks) ds <class 'core.task.Task'>
DEBUG:root:refresh_list (build tasks) dsfsdf <class 'core.task.Task'>
DEBUG:root:refresh_list (build tasks) sdfdsf <class 'core.task.Task'>
DEBUG:root:refresh_list (build tasks) sdfsdf sd fsda fas f <class 'core.task.Task'>
DEBUG:root:refresh_list (build tasks) My new task <class 'core.task.Task'>
DEBUG:root:refresh_list (build tasks) 2026-01-23 Another new task <class 'core.task.Task'>
DEBUG:root:refresh_list (build tasks) a new task <class 'core.task.Task'>
DEBUG:root:refresh_list (build tasks) sadsad <class 'core.task.Task'>
DEBUG:asyncio:Using selector: EpollSelector
DEBUG:asyncio:Using selector: EpollSelector
DEBUG:root:refresh_list (build tasks) a newly added task <class 'core.task.Task'>
DEBUG:root:refresh_list (build tasks) My new test on Monday <class 'core.task.Task'>
DEBUG:root:refresh_list (build tasks) second time trying <class 'core.task.Task'>
DEBUG:root:refresh_list (build tasks) test task on tuesday <class 'core.task.Task'>
DEBUG:root:refresh_list (build tasks) third task on tuesday <class 'core.task.Task'>
DEBUG:root:refresh_list (build tasks) 4th task on tuesday <class 'core.task.Task'>
DEBUG:root:refresh_list (build tasks) 5th time a charm <class 'core.task.Task'>
DEBUG:root:refresh_list (build tasks) ksdfkjds <class 'core.task.Task'>
DEBUG:root:refresh_list (build tasks) Another task added in <class 'core.task.Task'>
DEBUG:root:refresh_list (build tasks) My new task <class 'core.task.Task'>
DEBUG:root:refresh_list (build tasks) another test on redraw <class 'core.task.Task'>
DEBUG:root:refresh_list (build tasks) yet another test <class 'core.task.Task'>
DEBUG:root:refresh_list (build tasks) yet another test# <class 'core.task.Task'>
DEBUG:root:refresh_list (build tasks) bored of testing <class 'core.task.Task'>
DEBUG:root:refresh_list (build tasks) again <class 'core.task.Task'>
DEBUG:root:refresh_list (build tasks) final test?! hopefull <class 'core.task.Task'>
DEBUG:root:refresh_list (build tasks) teste <class 'core.task.Task'>
DEBUG:root:refresh_list (build tasks) final test please god work <class 'core.task.Task'>
DEBUG:root:refresh_list (build tasks) klsjdhfklsdf <class 'core.task.Task'>
DEBUG:root:refresh_list (build tasks) lksdfg <class 'core.task.Task'>
DEBUG:root:refresh_list (build tasks) dsfsdf <class 'core.task.Task'>
DEBUG:root:refresh_list (build tasks) sdfdsf <class 'core.task.Task'>
DEBUG:root:refresh_list (build tasks) sdf <class 'core.task.Task'>
DEBUG:root:refresh_list (build tasks) ds <class 'core.task.Task'>
DEBUG:root:refresh_list (build tasks) dsfsdf <class 'core.task.Task'>
DEBUG:root:refresh_list (build tasks) sdfdsf <class 'core.task.Task'>
DEBUG:root:refresh_list (build tasks) sdfsdf sd fsda fas f <class 'core.task.Task'>
DEBUG:root:refresh_list (build tasks) My new task <class 'core.task.Task'>
DEBUG:root:refresh_list (build tasks) 2026-01-23 Another new task <class 'core.task.Task'>
DEBUG:root:refresh_list (build tasks) a new task <class 'core.task.Task'>
DEBUG:root:refresh_list (build tasks) sadsad <class 'core.task.Task'>
DEBUG:asyncio:Using selector: EpollSelector
DEBUG:root:refresh_list (build tasks) a newly added task <class 'core.task.Task'>
DEBUG:root:refresh_list (build tasks) My new test on Monday <class 'core.task.Task'>
DEBUG:root:refresh_list (build tasks) second time trying <class 'core.task.Task'>
DEBUG:root:refresh_list (build tasks) test task on tuesday <class 'core.task.Task'>
DEBUG:root:refresh_list (build tasks) third task on tuesday <class 'core.task.Task'>
DEBUG:root:refresh_list (build tasks) 4th task on tuesday <class 'core.task.Task'>
DEBUG:root:refresh_list (build tasks) 5th time a charm <class 'core.task.Task'>
DEBUG:root:refresh_list (build tasks) ksdfkjds <class 'core.task.Task'>
DEBUG:root:refresh_list (build tasks) Another task added in <class 'core.task.Task'>
DEBUG:root:refresh_list (build tasks) My new task <class 'core.task.Task'>
DEBUG:root:refresh_list (build tasks) another test on redraw <class 'core.task.Task'>
DEBUG:root:refresh_list (build tasks) yet another test <class 'core.task.Task'>
DEBUG:root:refresh_list (build tasks) yet another test# <class 'core.task.Task'>
DEBUG:root:refresh_list (build tasks) bored of testing <class 'core.task.Task'>
DEBUG:root:refresh_list (build tasks) again <class 'core.task.Task'>
DEBUG:root:refresh_list (build tasks) final test?! hopefull <class 'core.task.Task'>
DEBUG:root:refresh_list (build tasks) teste <class 'core.task.Task'>
DEBUG:root:refresh_list (build tasks) final test please god work <class 'core.task.Task'>
DEBUG:root:refresh_list (build tasks) klsjdhfklsdf <class 'core.task.Task'>
DEBUG:root:refresh_list (build tasks) lksdfg <class 'core.task.Task'>
DEBUG:root:refresh_list (build tasks) dsfsdf <class 'core.task.Task'>
DEBUG:root:refresh_list (build tasks) sdfdsf <class 'core.task.Task'>
DEBUG:root:refresh_list (build tasks) sdf <class 'core.task.Task'>
DEBUG:root:refresh_list (build tasks) ds <class 'core.task.Task'>
DEBUG:root:refresh_list (build tasks) dsfsdf <class 'core.task.Task'>
DEBUG:root:refresh_list (build tasks) sdfdsf <class 'core.task.Task'>
DEBUG:root:refresh_list (build tasks) sdfsdf sd fsda fas f <class 'core.task.Task'>
DEBUG:root:refresh_list (build tasks) My new task <class 'core.task.Task'>
DEBUG:root:refresh_list (build tasks) 2026-01-23 Another new task <class 'core.task.Task'>
DEBUG:root:refresh_list (build tasks) a new task <class 'core.task.Task'>
DEBUG:root:refresh_list (build tasks) sadsad <class 'core.task.Task'>
DEBUG:asyncio:Using selector: EpollSelector
DEBUG:root:refresh_list (build tasks) a newly added task <class 'core.task.Task'>
DEBUG:root:refresh_list (build tasks) My new test on Monday <class 'core.task.Task'>
DEBUG:root:refresh_list (build tasks) second time trying <class 'core.task.Task'>
DEBUG:root:refresh_list (build tasks) test task on tuesday <class 'core.task.Task'>
DEBUG:root:refresh_list (build tasks) third task on tuesday <class 'core.task.Task'>
DEBUG:root:refresh_list (build tasks) 4th task on tuesday <class 'core.task.Task'>
DEBUG:root:refresh_list (build tasks) 5th time a charm <class 'core.task.Task'>
DEBUG:root:refresh_list (build tasks) ksdfkjds <class 'core.task.Task'>
DEBUG:root:refresh_list (build tasks) Another task added in <class 'core.task.Task'>
DEBUG:root:refresh_list (build tasks) My new task <class 'core.task.Task'>
DEBUG:root:refresh_list (build tasks) another test on redraw <class 'core.task.Task'>
DEBUG:root:refresh_list (build tasks) yet another test <class 'core.task.Task'>
DEBUG:root:refresh_list (build tasks) yet another test# <class 'core.task.Task'>
DEBUG:root:refresh_list (build tasks) bored of testing <class 'core.task.Task'>
DEBUG:root:refresh_list (build tasks) again <class 'core.task.Task'>
DEBUG:root:refresh_list (build tasks) final test?! hopefull <class 'core.task.Task'>
DEBUG:root:refresh_list (build tasks) teste <class 'core.task.Task'>
DEBUG:root:refresh_list (build tasks) final test please god work <class 'core.task.Task'>
DEBUG:root:refresh_list (build tasks) klsjdhfklsdf <class 'core.task.Task'>
DEBUG:root:refresh_list (build tasks) lksdfg <class 'core.task.Task'>
DEBUG:root:refresh_list (build tasks) dsfsdf <class 'core.task.Task'>
DEBUG:root:refresh_list (build tasks) sdfdsf <class 'core.task.Task'>
DEBUG:root:refresh_list (build tasks) sdf <class 'core.task.Task'>
DEBUG:root:refresh_list (build tasks) ds <class 'core.task.Task'>
DEBUG:root:refresh_list (build tasks) dsfsdf <class 'core.task.Task'>
DEBUG:root:refresh_list (build tasks) sdfdsf <class 'core.task.Task'>
DEBUG:root:refresh_list (build tasks) sdfsdf sd fsda fas f <class 'core.task.Task'>
DEBUG:root:refresh_list (build tasks) My new task <class 'core.task.Task'>
DEBUG:root:refresh_list (build tasks) 2026-01-23 Another new task <class 'core.task.Task'>
DEBUG:root:refresh_list (build tasks) a new task <class 'core.task.Task'>
DEBUG:root:refresh_list (build tasks) sadsad <class 'core.task.Task'>
DEBUG:asyncio:Using selector: EpollSelector
DEBUG:root:refresh_list (build tasks) a newly added task <class 'core.task.Task'>
DEBUG:root:refresh_list (build tasks) My new test on Monday <class 'core.task.Task'>
DEBUG:root:refresh_list (build tasks) second time trying <class 'core.task.Task'>
DEBUG:root:refresh_list (build tasks) test task on tuesday <class 'core.task.Task'>
DEBUG:root:refresh_list (build tasks) third task on tuesday <class 'core.task.Task'>
DEBUG:root:refresh_list (build tasks) 4th task on tuesday <class 'core.task.Task'>
DEBUG:root:refresh_list (build tasks) 5th time a charm <class 'core.task.Task'>
DEBUG:root:refresh_list (build tasks) ksdfkjds <class 'core.task.Task'>
DEBUG:root:refresh_list (build tasks) Another task added in <class 'core.task.Task'>
DEBUG:root:refresh_list (build tasks) My new task <class 'core.task.Task'>
DEBUG:root:refresh_list (build tasks) another test on redraw <class 'core.task.Task'>
DEBUG:root:refresh_list (build tasks) yet another test <class 'core.task.Task'>
DEBUG:root:refresh_list (build tasks) yet another test# <class 'core.task.Task'>
DEBUG:root:refresh_list (build tasks) bored of testing <class 'core.task.Task'>
DEBUG:root:refresh_list (build tasks) again <class 'core.task.Task'>
DEBUG:root:refresh_list (build tasks) final test?! hopefull <class 'core.task.Task'>
DEBUG:root:refresh_list (build tasks) teste <class 'core.task.Task'>
DEBUG:root:refresh_list (build tasks) final test please god work <class 'core.task.Task'>
DEBUG:root:refresh_list (build tasks) klsjdhfklsdf <class 'core.task.Task'>
DEBUG:root:refresh_list (build tasks) lksdfg <class 'core.task.Task'>
DEBUG:root:refresh_list (build tasks) dsfsdf <class 'core.task.Task'>
DEBUG:root:refresh_list (build tasks) sdfdsf <class 'core.task.Task'>
DEBUG:root:refresh_list (build tasks) sdf <class 'core.task.Task'>
DEBUG:root:refresh_list (build tasks) ds <class 'core.task.Task'>
DEBUG:root:refresh_list (build tasks) dsfsdf <class 'core.task.Task'>
DEBUG:root:refresh_list (build tasks) sdfdsf <class 'core.task.Task'>
DEBUG:root:refresh_list (build tasks) sdfsdf sd fsda fas f <class 'core.task.Task'>
DEBUG:root:refresh_list (build tasks) My new task <class 'core.task.Task'>
DEBUG:root:refresh_list (build tasks) 2026-01-23 Another new task <class 'core.task.Task'>
DEBUG:root:refresh_list (build tasks) a new task <class 'core.task.Task'>
DEBUG:root:refresh_list (build tasks) sadsad <class 'core.task.Task'>
DEBUG:asyncio:Using selector: EpollSelector
DEBUG:root:refresh_list (build tasks) a newly added task <class 'core.task.Task'>
DEBUG:root:refresh_list (build tasks) My new test on Monday <class 'core.task.Task'>
DEBUG:root:refresh_list (build tasks) second time trying <class 'core.task.Task'>
DEBUG:root:refresh_list (build tasks) test task on tuesday <class 'core.task.Task'>
DEBUG:root:refresh_list (build tasks) third task on tuesday <class 'core.task.Task'>
DEBUG:root:refresh_list (build tasks) 4th task on tuesday <class 'core.task.Task'>
DEBUG:root:refresh_list (build tasks) 5th time a charm <class 'core.task.Task'>
DEBUG:root:refresh_list (build tasks) ksdfkjds <class 'core.task.Task'>
DEBUG:root:refresh_list (build tasks) Another task added in <class 'core.task.Task'>
DEBUG:root:refresh_list (build tasks) My new task <class 'core.task.Task'>
DEBUG:root:refresh_list (build tasks) another test on redraw <class 'core.task.Task'>
DEBUG:root:refresh_list (build tasks) yet another test <class 'core.task.Task'>
DEBUG:root:refresh_list (build tasks) yet another test# <class 'core.task.Task'>
DEBUG:root:refresh_list (build tasks) bored of testing <class 'core.task.Task'>
DEBUG:root:refresh_list (build tasks) again <class 'core.task.Task'>
DEBUG:root:refresh_list (build tasks) final test?! hopefull <class 'core.task.Task'>
DEBUG:root:refresh_list (build tasks) teste <class 'core.task.Task'>
DEBUG:root:refresh_list (build tasks) final test please god work <class 'core.task.Task'>
DEBUG:root:refresh_list (build tasks) klsjdhfklsdf <class 'core.task.Task'>
DEBUG:root:refresh_list (build tasks) lksdfg <class 'core.task.Task'>
DEBUG:root:refresh_list (build tasks) dsfsdf <class 'core.task.Task'>
DEBUG:root:refresh_list (build tasks) sdfdsf <class 'core.task.Task'>
DEBUG:root:refresh_list (build tasks) sdf <class 'core.task.Task'>
DEBUG:root:refresh_list (build tasks) ds <class 'core.task.Task'>
DEBUG:root:refresh_list (build tasks) dsfsdf <class 'core.task.Task'>
DEBUG:root:refresh_list (build tasks) sdfdsf <class 'core.task.Task'>
DEBUG:root:refresh_list (build tasks) sdfsdf sd fsda fas f <class 'core.task.Task'>
DEBUG:root:refresh_list (build tasks) My new task <class 'core.task.Task'>
DEBUG:root:refresh_list (build tasks) 2026-01-23 Another new task <class 'core.task.Task'>
DEBUG:root:refresh_list (build tasks) a new task <class 'core.task.Task'>
DEBUG:root:refresh_list (build tasks) sadsad <class 'core.task.Task'>
DEBUG:asyncio:Using selector: EpollSelector
DEBUG:root:refresh_list (build tasks) a newly added task <class 'core.task.Task'>
DEBUG:root:refresh_list (build tasks) My new test on Monday <class 'core.task.Task'>
DEBUG:root:refresh_list (build tasks) second time trying <class 'core.task.Task'>
DEBUG:root:refresh_list (build tasks) test task on tuesday <class 'core.task.Task'>
DEBUG:root:refresh_list (build tasks) third task on tuesday <class 'core.task.Task'>
DEBUG:root:refresh_list (build tasks) 4th task on tuesday <class 'core.task.Task'>
DEBUG:root:refresh_list (build tasks) 5th time a charm <class 'core.task.Task'>
DEBUG:root:refresh_list (build tasks) ksdfkjds <class 'core.task.Task'>
DEBUG:root:refresh_list (build tasks) Another task added in <class 'core.task.Task'>
DEBUG:root:refresh_list (build tasks) My new task <class 'core.task.Task'>
DEBUG:root:refresh_list (build tasks) another test on redraw <class 'core.task.Task'>
DEBUG:root:refresh_list (build tasks) yet another test <class 'core.task.Task'>
DEBUG:root:refresh_list (build tasks) yet another test# <class 'core.task.Task'>
DEBUG:root:refresh_list (build tasks) bored of testing <class 'core.task.Task'>
DEBUG:root:refresh_list (build tasks) again <class 'core.task.Task'>
DEBUG:root:refresh_list (build tasks) final test?! hopefull <class 'core.task.Task'>
DEBUG:root:refresh_list (build tasks) teste <class 'core.task.Task'>
DEBUG:root:refresh_list (build tasks) final test please god work <class 'core.task.Task'>
DEBUG:root:refresh_list (build tasks) klsjdhfklsdf <class 'core.task.Task'>
DEBUG:root:refresh_list (build tasks) lksdfg <class 'core.task.Task'>
DEBUG:root:refresh_list (build tasks) dsfsdf <class 'core.task.Task'>
DEBUG:root:refresh_list (build tasks) sdfdsf <class 'core.task.Task'>
DEBUG:root:refresh_list (build tasks) sdf <class 'core.task.Task'>
DEBUG:root:refresh_list (build tasks) ds <class 'core.task.Task'>
DEBUG:root:refresh_list (build tasks) dsfsdf <class 'core.task.Task'>
DEBUG:root:refresh_list (build tasks) sdfdsf <class 'core.task.Task'>
DEBUG:root:refresh_list (build tasks) sdfsdf sd fsda fas f <class 'core.task.Task'>
DEBUG:root:refresh_list (build tasks) My new task <class 'core.task.Task'>
DEBUG:root:refresh_list (build tasks) 2026-01-23 Another new task <class 'core.task.Task'>
DEBUG:root:refresh_list (build tasks) a new task <class 'core.task.Task'>
DEBUG:root:refresh_list (build tasks) sadsad <class 'core.task.Task'>
DEBUG:asyncio:Using selector: EpollSelector
DEBUG:root:refresh_list (build tasks) a newly added task <class 'core.task.Task'>
DEBUG:root:refresh_list (build tasks) My new test on Monday <class 'core.task.Task'>
DEBUG:root:refresh_list (build tasks) second time trying <class 'core.task.Task'>
DEBUG:root:refresh_list (build tasks) test task on tuesday <class 'core.task.Task'>
DEBUG:root:refresh_list (build tasks) third task on tuesday <class 'core.task.Task'>
DEBUG:root:refresh_list (build tasks) 4th task on tuesday <class 'core.task.Task'>
DEBUG:root:refresh_list (build tasks) 5th time a charm <class 'core.task.Task'>
DEBUG:root:refresh_list (build tasks) ksdfkjds <class 'core.task.Task'>
DEBUG:root:refresh_list (build tasks) Another task added in <class 'core.task.Task'>
DEBUG:root:refresh_list (build tasks) My new task <class 'core.task.Task'>
DEBUG:root:refresh_list (build tasks) another test on redraw <class 'core.task.Task'>
DEBUG:root:refresh_list (build tasks) yet another test <class 'core.task.Task'>
DEBUG:root:refresh_list (build tasks) yet another test# <class 'core.task.Task'>
DEBUG:root:refresh_list (build tasks) bored of testing <class 'core.task.Task'>
DEBUG:root:refresh_list (build tasks) again <class 'core.task.Task'>
DEBUG:root:refresh_list (build tasks) final test?! hopefull <class 'core.task.Task'>
DEBUG:root:refresh_list (build tasks) teste <class 'core.task.Task'>
DEBUG:root:refresh_list (build tasks) final test please god work <class 'core.task.Task'>
DEBUG:root:refresh_list (build tasks) klsjdhfklsdf <class 'core.task.Task'>
DEBUG:root:refresh_list (build tasks) lksdfg <class 'core.task.Task'>
DEBUG:root:refresh_list (build tasks) dsfsdf <class 'core.task.Task'>
DEBUG:root:refresh_list (build tasks) sdfdsf <class 'core.task.Task'>
DEBUG:root:refresh_list (build tasks) sdf <class 'core.task.Task'>
DEBUG:root:refresh_list (build tasks) ds <class 'core.task.Task'>
DEBUG:root:refresh_list (build tasks) dsfsdf <class 'core.task.Task'>
DEBUG:root:refresh_list (build tasks) sdfdsf <class 'core.task.Task'>
DEBUG:root:refresh_list (build tasks) sdfsdf sd fsda fas f <class 'core.task.Task'>
DEBUG:root:refresh_list (build tasks) My new task <class 'core.task.Task'>
DEBUG:root:refresh_list (build tasks) 2026-01-23 Another new task <class 'core.task.Task'>
DEBUG:root:refresh_list (build tasks) a new task <class 'core.task.Task'>
DEBUG:root:refresh_list (build tasks) sadsad <class 'core.task.Task'>
DEBUG:asyncio:Using selector: EpollSelector
DEBUG:root:refresh_list (build tasks) a newly added task <class 'core.task.Task'>
DEBUG:root:refresh_list (build tasks) My new test on Monday <class 'core.task.Task'>
DEBUG:root:refresh_list (build tasks) second time trying <class 'core.task.Task'>
DEBUG:root:refresh_list (build tasks) test task on tuesday <class 'core.task.Task'>
DEBUG:root:refresh_list (build tasks) third task on tuesday <class 'core.task.Task'>
DEBUG:root:refresh_list (build tasks) 4th task on tuesday <class 'core.task.Task'>
DEBUG:root:refresh_list (build tasks) 5th time a charm <class 'core.task.Task'>
DEBUG:root:refresh_list (build tasks) ksdfkjds <class 'core.task.Task'>
DEBUG:root:refresh_list (build tasks) Another task added in <class 'core.task.Task'>
DEBUG:root:refresh_list (build tasks) My new task <class 'core.task.Task'>
DEBUG:root:refresh_list (build tasks) another test on redraw <class 'core.task.Task'>
DEBUG:root:refresh_list (build tasks) yet another test <class 'core.task.Task'>
DEBUG:root:refresh_list (build tasks) yet another test# <class 'core.task.Task'>
DEBUG:root:refresh_list (build tasks) bored of testing <class 'core.task.Task'>
DEBUG:root:refresh_list (build tasks) again <class 'core.task.Task'>
DEBUG:root:refresh_list (build tasks) final test?! hopefull <class 'core.task.Task'>
DEBUG:root:refresh_list (build tasks) teste <class 'core.task.Task'>
DEBUG:root:refresh_list (build tasks) final test please god work <class 'core.task.Task'>
DEBUG:root:refresh_list (build tasks) klsjdhfklsdf <class 'core.task.Task'>
DEBUG:root:refresh_list (build tasks) lksdfg <class 'core.task.Task'>
DEBUG:root:refresh_list (build tasks) dsfsdf <class 'core.task.Task'>
DEBUG:root:refresh_list (build tasks) sdfdsf <class 'core.task.Task'>
DEBUG:root:refresh_list (build tasks) sdf <class 'core.task.Task'>
DEBUG:root:refresh_list (build tasks) ds <class 'core.task.Task'>
DEBUG:root:refresh_list (build tasks) dsfsdf <class 'core.task.Task'>
DEBUG:root:refresh_list (build tasks) sdfdsf <class 'core.task.Task'>
DEBUG:root:refresh_list (build tasks) sdfsdf sd fsda fas f <class 'core.task.Task'>
DEBUG:root:refresh_list (build tasks) My new task <class 'core.task.Task'>
DEBUG:root:refresh_list (build tasks) 2026-01-23 Another new task <class 'core.task.Task'>
DEBUG:root:refresh_list (build tasks) a new task <class 'core.task.Task'>
DEBUG:root:refresh_list (build tasks) sadsad <class 'core.task.Task'>
DEBUG:asyncio:Using selector: EpollSelector
DEBUG:root:refresh_list (build tasks) a newly added task <class 'core.task.Task'>
DEBUG:root:refresh_list (build tasks) My new test on Monday <class 'core.task.Task'>
DEBUG:root:refresh_list (build tasks) second time trying <class 'core.task.Task'>
DEBUG:root:refresh_list (build tasks) test task on tuesday <class 'core.task.Task'>
DEBUG:root:refresh_list (build tasks) third task on tuesday <class 'core.task.Task'>
DEBUG:root:refresh_list (build tasks) 4th task on tuesday <class 'core.task.Task'>
DEBUG:root:refresh_list (build tasks) 5th time a charm <class 'core.task.Task'>
DEBUG:root:refresh_list (build tasks) ksdfkjds <class 'core.task.Task'>
DEBUG:root:refresh_list (build tasks) Another task added in <class 'core.task.Task'>
DEBUG:root:refresh_list (build tasks) My new task <class 'core.task.Task'>
DEBUG:root:refresh_list (build tasks) another test on redraw <class 'core.task.Task'>
DEBUG:root:refresh_list (build tasks) yet another test <class 'core.task.Task'>
DEBUG:root:refresh_list (build tasks) yet another test# <class 'core.task.Task'>
DEBUG:root:refresh_list (build tasks) bored of testing <class 'core.task.Task'>
DEBUG:root:refresh_list (build tasks) again <class 'core.task.Task'>
DEBUG:root:refresh_list (build tasks) final test?! hopefull <class 'core.task.Task'>
DEBUG:root:refresh_list (build tasks) teste <class 'core.task.Task'>
DEBUG:root:refresh_list (build tasks) final test please god work <class 'core.task.Task'>
DEBUG:root:refresh_list (build tasks) klsjdhfklsdf <class 'core.task.Task'>
DEBUG:root:refresh_list (build tasks) lksdfg <class 'core.task.Task'>
DEBUG:root:refresh_list (build tasks) dsfsdf <class 'core.task.Task'>
DEBUG:root:refresh_list (build tasks) sdfdsf <class 'core.task.Task'>
DEBUG:root:refresh_list (build tasks) sdf <class 'core.task.Task'>
DEBUG:root:refresh_list (build tasks) ds <class 'core.task.Task'>
DEBUG:root:refresh_list (build tasks) dsfsdf <class 'core.task.Task'>
DEBUG:root:refresh_list (build tasks) sdfdsf <class 'core.task.Task'>
DEBUG:root:refresh_list (build tasks) sdfsdf sd fsda fas f <class 'core.task.Task'>
DEBUG:root:refresh_list (build tasks) My new task <class 'core.task.Task'>
DEBUG:root:refresh_list (build tasks) 2026-01-23 Another new task <class 'core.task.Task'>
DEBUG:root:refresh_list (build tasks) a new task <class 'core.task.Task'>
DEBUG:root:refresh_list (build tasks) sadsad <class 'core.task.Task'>
DEBUG:asyncio:Using selector: EpollSelector
DEBUG:asyncio:Using selector: EpollSelector
DEBUG:asyncio:Using selector: EpollSelector
DEBUG:root:refresh_list (build tasks) a newly added task <class 'core.task.Task'>
DEBUG:root:refresh_list (build tasks) My new test on Monday <class 'core.task.Task'>
DEBUG:root:refresh_list (build tasks) second time trying <class 'core.task.Task'>
DEBUG:root:refresh_list (build tasks) test task on tuesday <class 'core.task.Task'>
DEBUG:root:refresh_list (build tasks) third task on tuesday <class 'core.task.Task'>
DEBUG:root:refresh_list (build tasks) 4th task on tuesday <class 'core.task.Task'>
DEBUG:root:refresh_list (build tasks) 5th time a charm <class 'core.task.Task'>
DEBUG:root:refresh_list (build tasks) ksdfkjds <class 'core.task.Task'>
DEBUG:root:refresh_list (build tasks) Another task added in <class 'core.task.Task'>
DEBUG:root:refresh_list (build tasks) My new task <class 'core.task.Task'>
DEBUG:root:refresh_list (build tasks) another test on redraw <class 'core.task.Task'>
DEBUG:root:refresh_list (build tasks) yet another test <class 'core.task.Task'>
DEBUG:root:refresh_list (build tasks) yet another test# <class 'core.task.Task'>
DEBUG:root:refresh_list (build tasks) bored of testing <class 'core.task.Task'>
DEBUG:root:refresh_list (build tasks) again <class 'core.task.Task'>
DEBUG:root:refresh_list (build tasks) final test?! hopefull <class 'core.task.Task'>
DEBUG:root:refresh_list (build tasks) teste <class 'core.task.Task'>
DEBUG:root:refresh_list (build tasks) final test please god work <class 'core.task.Task'>
DEBUG:root:refresh_list (build tasks) klsjdhfklsdf <class 'core.task.Task'>
DEBUG:root:refresh_list (build tasks) lksdfg <class 'core.task.Task'>
DEBUG:root:refresh_list (build tasks) dsfsdf <class 'core.task.Task'>
DEBUG:root:refresh_list (build tasks) sdfdsf <class 'core.task.Task'>
DEBUG:root:refresh_list (build tasks) sdf <class 'core.task.Task'>
DEBUG:root:refresh_list (build tasks) ds <class 'core.task.Task'>
DEBUG:root:refresh_list (build tasks) dsfsdf <class 'core.task.Task'>
DEBUG:root:refresh_list (build tasks) sdfdsf <class 'core.task.Task'>
DEBUG:root:refresh_list (build tasks) sdfsdf sd fsda fas f <class 'core.task.Task'>
DEBUG:root:refresh_list (build tasks) My new task <class 'core.task.Task'>
DEBUG:root:refresh_list (build tasks) 2026-01-23 Another new task <class 'core.task.Task'>
DEBUG:root:refresh_list (build tasks) a new task <class 'core.task.Task'>
DEBUG:root:refresh_list (build tasks) sadsad <class 'core.task.Task'>
DEBUG:asyncio:Using selector: EpollSelector
DEBUG:root:refresh_list (build tasks) a newly added task <class 'core.task.Task'>
DEBUG:root:refresh_list (build tasks) My new test on Monday <class 'core.task.Task'>
DEBUG:root:refresh_list (build tasks) second time trying <class 'core.task.Task'>
DEBUG:root:refresh_list (build tasks) test task on tuesday <class 'core.task.Task'>
DEBUG:root:refresh_list (build tasks) third task on tuesday <class 'core.task.Task'>
DEBUG:root:refresh_list (build tasks) 4th task on tuesday <class 'core.task.Task'>
DEBUG:root:refresh_list (build tasks) 5th time a charm <class 'core.task.Task'>
DEBUG:root:refresh_list (build tasks) ksdfkjds <class 'core.task.Task'>
DEBUG:root:refresh_list (build tasks) Another task added in <class 'core.task.Task'>
DEBUG:root:refresh_list (build tasks) My new task <class 'core.task.Task'>
DEBUG:root:refresh_list (build tasks) another test on redraw <class 'core.task.Task'>
DEBUG:root:refresh_list (build tasks) yet another test <class 'core.task.Task'>
DEBUG:root:refresh_list (build tasks) yet another test# <class 'core.task.Task'>
DEBUG:root:refresh_list (build tasks) bored of testing <class 'core.task.Task'>
DEBUG:root:refresh_list (build tasks) again <class 'core.task.Task'>
DEBUG:root:refresh_list (build tasks) final test?! hopefull <class 'core.task.Task'>
DEBUG:root:refresh_list (build tasks) teste <class 'core.task.Task'>
DEBUG:root:refresh_list (build tasks) final test please god work <class 'core.task.Task'>
DEBUG:root:refresh_list (build tasks) klsjdhfklsdf <class 'core.task.Task'>
DEBUG:root:refresh_list (build tasks) lksdfg <class 'core.task.Task'>
DEBUG:root:refresh_list (build tasks) dsfsdf <class 'core.task.Task'>
DEBUG:root:refresh_list (build tasks) sdfdsf <class 'core.task.Task'>
DEBUG:root:refresh_list (build tasks) sdf <class 'core.task.Task'>
DEBUG:root:refresh_list (build tasks) ds <class 'core.task.Task'>
DEBUG:root:refresh_list (build tasks) dsfsdf <class 'core.task.Task'>
DEBUG:root:refresh_list (build tasks) sdfdsf <class 'core.task.Task'>
DEBUG:root:refresh_list (build tasks) sdfsdf sd fsda fas f <class 'core.task.Task'>
DEBUG:root:refresh_list (build tasks) My new task <class 'core.task.Task'>
DEBUG:root:refresh_list (build tasks) 2026-01-23 Another new task <class 'core.task.Task'>
DEBUG:root:refresh_list (build tasks) a new task <class 'core.task.Task'>
DEBUG:root:refresh_list (build tasks) sadsad <class 'core.task.Task'>
DEBUG:asyncio:Using selector: EpollSelector
DEBUG:root:refresh_list (build tasks) a newly added task <class 'core.task.Task'>
DEBUG:asyncio:Using selector: EpollSelector
DEBUG:root:refresh_list (build tasks) a newly added task <class 'core.task.Task'>
DEBUG:asyncio:Using selector: EpollSelector
DEBUG:root:refresh_list (build tasks) a newly added task <class 'core.task.Task'>
DEBUG:root:refresh_list (build tasks) My new test on Monday <class 'core.task.Task'>
DEBUG:root:refresh_list (build tasks) second time trying <class 'core.task.Task'>
DEBUG:root:refresh_list (build tasks) test task on tuesday <class 'core.task.Task'>
DEBUG:root:refresh_list (build tasks) third task on tuesday <class 'core.task.Task'>
DEBUG:root:refresh_list (build tasks) 4th task on tuesday <class 'core.task.Task'>
DEBUG:root:refresh_list (build tasks) 5th time a charm <class 'core.task.Task'>
DEBUG:root:refresh_list (build tasks) ksdfkjds <class 'core.task.Task'>
DEBUG:root:refresh_list (build tasks) Another task added in <class 'core.task.Task'>
DEBUG:root:refresh_list (build tasks) My new task <class 'core.task.Task'>
DEBUG:root:refresh_list (build tasks) another test on redraw <class 'core.task.Task'>
DEBUG:root:refresh_list (build tasks) yet another test <class 'core.task.Task'>
DEBUG:root:refresh_list (build tasks) yet another test# <class 'core.task.Task'>
DEBUG:root:refresh_list (build tasks) bored of testing <class 'core.task.Task'>
DEBUG:root:refresh_list (build tasks) again <class 'core.task.Task'>
DEBUG:root:refresh_list (build tasks) final test?! hopefull <class 'core.task.Task'>
DEBUG:root:refresh_list (build tasks) teste <class 'core.task.Task'>
DEBUG:root:refresh_list (build tasks) final test please god work <class 'core.task.Task'>
DEBUG:root:refresh_list (build tasks) klsjdhfklsdf <class 'core.task.Task'>
DEBUG:root:refresh_list (build tasks) lksdfg <class 'core.task.Task'>
DEBUG:root:refresh_list (build tasks) dsfsdf <class 'core.task.Task'>
DEBUG:root:refresh_list (build tasks) sdfdsf <class 'core.task.Task'>
DEBUG:root:refresh_list (build tasks) sdf <class 'core.task.Task'>
DEBUG:root:refresh_list (build tasks) ds <class 'core.task.Task'>
DEBUG:root:refresh_list (build tasks) dsfsdf <class 'core.task.Task'>
DEBUG:root:refresh_list (build tasks) sdfdsf <class 'core.task.Task'>
DEBUG:root:refresh_list (build tasks) sdfsdf sd fsda fas f <class 'core.task.Task'>
DEBUG:root:refresh_list (build tasks) My new task <class 'core.task.Task'>
DEBUG:root:refresh_list (build tasks) 2026-01-23 Another new task <class 'core.task.Task'>
DEBUG:root:refresh_list (build tasks) a new task <class 'core.task.Task'>
DEBUG:root:refresh_list (build tasks) sadsad <class 'core.task.Task'>
DEBUG:asyncio:Using selector: EpollSelector
DEBUG:root:refresh_list (build tasks) a newly added task <class 'core.task.Task'>
DEBUG:root:refresh_list (build tasks) My new test on Monday <class 'core.task.Task'>
DEBUG:root:refresh_list (build tasks) second time trying <class 'core.task.Task'>
DEBUG:root:refresh_list (build tasks) test task on tuesday <class 'core.task.Task'>
DEBUG:root:refresh_list (build tasks) third task on tuesday <class 'core.task.Task'>
DEBUG:root:refresh_list (build tasks) 4th task on tuesday <class 'core.task.Task'>
DEBUG:root:refresh_list (build tasks) 5th time a charm <class 'core.task.Task'>
DEBUG:root:refresh_list (build tasks) ksdfkjds <class 'core.task.Task'>
DEBUG:root:refresh_list (build tasks) Another task added in <class 'core.task.Task'>
DEBUG:root:refresh_list (build tasks) My new task <class 'core.task.Task'>
DEBUG:root:refresh_list (build tasks) another test on redraw <class 'core.task.Task'>
DEBUG:root:refresh_list (build tasks) yet another test <class 'core.task.Task'>
DEBUG:root:refresh_list (build tasks) yet another test# <class 'core.task.Task'>
DEBUG:root:refresh_list (build tasks) bored of testing <class 'core.task.Task'>
DEBUG:root:refresh_list (build tasks) again <class 'core.task.Task'>
DEBUG:root:refresh_list (build tasks) final test?! hopefull <class 'core.task.Task'>
DEBUG:root:refresh_list (build tasks) teste <class 'core.task.Task'>
DEBUG:root:refresh_list (build tasks) final test please god work <class 'core.task.Task'>
DEBUG:root:refresh_list (build tasks) klsjdhfklsdf <class 'core.task.Task'>
DEBUG:root:refresh_list (build tasks) lksdfg <class 'core.task.Task'>
DEBUG:root:refresh_list (build tasks) dsfsdf <class 'core.task.Task'>
DEBUG:root:refresh_list (build tasks) sdfdsf <class 'core.task.Task'>
DEBUG:root:refresh_list (build tasks) sdf <class 'core.task.Task'>
DEBUG:root:refresh_list (build tasks) ds <class 'core.task.Task'>
DEBUG:root:refresh_list (build tasks) dsfsdf <class 'core.task.Task'>
DEBUG:root:refresh_list (build tasks) sdfdsf <class 'core.task.Task'>
DEBUG:root:refresh_list (build tasks) sdfsdf sd fsda fas f <class 'core.task.Task'>
DEBUG:root:refresh_list (build tasks) My new task <class 'core.task.Task'>
DEBUG:root:refresh_list (build tasks) 2026-01-23 Another new task <class 'core.task.Task'>
DEBUG:root:refresh_list (build tasks) a new task <class 'core.task.Task'>
DEBUG:root:refresh_list (build tasks) sadsad <class 'core.task.Task'>
DEBUG:asyncio:Using selector: EpollSelector
DEBUG:root:refresh_list (build tasks) a newly added task <class 'core.task.Task'>
DEBUG:root:refresh_list (build tasks) My new test on Monday <class 'core.task.Task'>
DEBUG:root:refresh_list (build tasks) second time trying <class 'core.task.Task'>
DEBUG:root:refresh_list (build tasks) test task on tuesday <class 'core.task.Task'>
DEBUG:root:refresh_list (build tasks) third task on tuesday <class 'core.task.Task'>
DEBUG:root:refresh_list (build tasks) 4th task on tuesday <class 'core.task.Task'>
DEBUG:root:refresh_list (build tasks) 5th time a charm <class 'core.task.Task'>
DEBUG:root:refresh_list (build tasks) ksdfkjds <class 'core.task.Task'>
DEBUG:root:refresh_list (build tasks) Another task added in <class 'core.task.Task'>
DEBUG:root:refresh_list (build tasks) My new task <class 'core.task.Task'>
DEBUG:root:refresh_list (build tasks) another test on redraw <class 'core.task.Task'>
DEBUG:root:refresh_list (build tasks) yet another test <class 'core.task.Task'>
DEBUG:root:refresh_list (build tasks) yet another test# <class 'core.task.Task'>
DEBUG:root:refresh_list (build tasks) bored of testing <class 'core.task.Task'>
DEBUG:root:refresh_list (build tasks) again <class 'core.task.Task'>
DEBUG:root:refresh_list (build tasks) final test?! hopefull <class 'core.task.Task'>
DEBUG:root:refresh_list (build tasks) teste <class 'core.task.Task'>
DEBUG:root:refresh_list (build tasks) final test please god work <class 'core.task.Task'>
DEBUG:root:refresh_list (build tasks) klsjdhfklsdf <class 'core.task.Task'>
DEBUG:root:refresh_list (build tasks) lksdfg <class 'core.task.Task'>
DEBUG:root:refresh_list (build tasks) dsfsdf <class 'core.task.Task'>
DEBUG:root:refresh_list (build tasks) sdfdsf <class 'core.task.Task'>
DEBUG:root:refresh_list (build tasks) sdf <class 'core.task.Task'>
DEBUG:root:refresh_list (build tasks) ds <class 'core.task.Task'>
DEBUG:root:refresh_list (build tasks) dsfsdf <class 'core.task.Task'>
DEBUG:root:refresh_list (build tasks) sdfdsf <class 'core.task.Task'>
DEBUG:root:refresh_list (build tasks) sdfsdf sd fsda fas f <class 'core.task.Task'>
DEBUG:root:refresh_list (build tasks) My new task <class 'core.task.Task'>
DEBUG:root:refresh_list (build tasks) 2026-01-23 Another new task <class 'core.task.Task'>
DEBUG:root:refresh_list (build tasks) a new task <class 'core.task.Task'>
DEBUG:root:refresh_list (build tasks) sadsad <class 'core.task.Task'>
DEBUG:asyncio:Using selector: EpollSelector
DEBUG:root:refresh_list (build tasks) a newly added task <class 'core.task.Task'>
DEBUG:root:refresh_list (build tasks) My new test on Monday <class 'core.task.Task'>
DEBUG:root:refresh_list (build tasks) second time trying <class 'core.task.Task'>
DEBUG:root:refresh_list (build tasks) test task on tuesday <class 'core.task.Task'>
DEBUG:root:refresh_list (build tasks) third task on tuesday <class 'core.task.Task'>
DEBUG:root:refresh_list (build tasks) 4th task on tuesday <class 'core.task.Task'>
DEBUG:root:refresh_list (build tasks) 5th time a charm <class 'core.task.Task'>
DEBUG:root:refresh_list (build tasks) ksdfkjds <class 'core.task.Task'>
DEBUG:root:refresh_list (build tasks) Another task added in <class 'core.task.Task'>
DEBUG:root:refresh_list (build tasks) My new task <class 'core.task.Task'>
DEBUG:root:refresh_list (build tasks) another test on redraw <class 'core.task.Task'>
DEBUG:root:refresh_list (build tasks) yet another test <class 'core.task.Task'>
DEBUG:root:refresh_list (build tasks) yet another test# <class 'core.task.Task'>
DEBUG:root:refresh_list (build tasks) bored of testing <class 'core.task.Task'>
DEBUG:root:refresh_list (build tasks) again <class 'core.task.Task'>
DEBUG:root:refresh_list (build tasks) final test?! hopefull <class 'core.task.Task'>
DEBUG:root:refresh_list (build tasks) teste <class 'core.task.Task'>
DEBUG:root:refresh_list (build tasks) final test please god work <class 'core.task.Task'>
DEBUG:root:refresh_list (build tasks) klsjdhfklsdf <class 'core.task.Task'>
DEBUG:root:refresh_list (build tasks) lksdfg <class 'core.task.Task'>
DEBUG:root:refresh_list (build tasks) dsfsdf <class 'core.task.Task'>
DEBUG:root:refresh_list (build tasks) sdfdsf <class 'core.task.Task'>
DEBUG:root:refresh_list (build tasks) sdf <class 'core.task.Task'>
DEBUG:root:refresh_list (build tasks) ds <class 'core.task.Task'>
DEBUG:root:refresh_list (build tasks) dsfsdf <class 'core.task.Task'>
DEBUG:root:refresh_list (build tasks) sdfdsf <class 'core.task.Task'>
DEBUG:root:refresh_list (build tasks) sdfsdf sd fsda fas f <class 'core.task.Task'>
DEBUG:root:refresh_list (build tasks) My new task <class 'core.task.Task'>
DEBUG:root:refresh_list (build tasks) 2026-01-23 Another new task <class 'core.task.Task'>
DEBUG:root:refresh_list (build tasks) a new task <class 'core.task.Task'>
DEBUG:root:refresh_list (build tasks) sadsad <class 'core.task.Task'>
DEBUG:asyncio:Using selector: EpollSelector
DEBUG:root:refresh_list (build tasks) a newly added task <class 'core.task.Task'>
DEBUG:root:refresh_list (build tasks) My new test on Monday <class 'core.task.Task'>
DEBUG:root:refresh_list (build tasks) second time trying <class 'core.task.Task'>
DEBUG:root:refresh_list (build tasks) test task on tuesday <class 'core.task.Task'>
DEBUG:root:refresh_list (build tasks) third task on tuesday <class 'core.task.Task'>
DEBUG:root:refresh_list (build tasks) 4th task on tuesday <class 'core.task.Task'>
DEBUG:root:refresh_list (build tasks) 5th time a charm <class 'core.task.Task'>
DEBUG:root:refresh_list (build tasks) ksdfkjds <class 'core.task.Task'>
DEBUG:root:refresh_list (build tasks) Another task added in <class 'core.task.Task'>
DEBUG:root:refresh_list (build tasks) My new task <class 'core.task.Task'>
DEBUG:root:refresh_list (build tasks) another test on redraw <class 'core.task.Task'>
DEBUG:root:refresh_list (build tasks) yet another test <class 'core.task.Task'>
DEBUG:root:refresh_list (build tasks) yet another test# <class 'core.task.Task'>
DEBUG:root:refresh_list (build tasks) bored of testing <class 'core.task.Task'>
DEBUG:root:refresh_list (build tasks) again <class 'core.task.Task'>
DEBUG:root:refresh_list (build tasks) final test?! hopefull <class 'core.task.Task'>
DEBUG:root:refresh_list (build tasks) teste <class 'core.task.Task'>
DEBUG:root:refresh_list (build tasks) final test please god work <class 'core.task.Task'>
DEBUG:root:refresh_list (build tasks) klsjdhfklsdf <class 'core.task.Task'>
DEBUG:root:refresh_list (build tasks) lksdfg <class 'core.task.Task'>
DEBUG:root:refresh_list (build tasks) dsfsdf <class 'core.task.Task'>
DEBUG:root:refresh_list (build tasks) sdfdsf <class 'core.task.Task'>
DEBUG:root:refresh_list (build tasks) sdf <class 'core.task.Task'>
DEBUG:root:refresh_list (build tasks) ds <class 'core.task.Task'>
DEBUG:root:refresh_list (build tasks) dsfsdf <class 'core.task.Task'>
DEBUG:root:refresh_list (build tasks) sdfdsf <class 'core.task.Task'>
DEBUG:root:refresh_list (build tasks) sdfsdf sd fsda fas f <class 'core.task.Task'>
DEBUG:root:refresh_list (build tasks) My new task <class 'core.task.Task'>
DEBUG:root:refresh_list (build tasks) 2026-01-23 Another new task <class 'core.task.Task'>
DEBUG:root:refresh_list (build tasks) a new task <class 'core.task.Task'>
DEBUG:root:refresh_list (build tasks) sadsad <class 'core.task.Task'>
DEBUG:asyncio:Using selector: EpollSelector
DEBUG:root:refresh_list (build tasks) a newly added task <class 'core.task.Task'>
DEBUG:root:refresh_list (build tasks) My new test on Monday <class 'core.task.Task'>
DEBUG:root:refresh_list (build tasks) second time trying <class 'core.task.Task'>
DEBUG:root:refresh_list (build tasks) test task on tuesday <class 'core.task.Task'>
DEBUG:root:refresh_list (build tasks) third task on tuesday <class 'core.task.Task'>
DEBUG:root:refresh_list (build tasks) 4th task on tuesday <class 'core.task.Task'>
DEBUG:root:refresh_list (build tasks) 5th time a charm <class 'core.task.Task'>
DEBUG:root:refresh_list (build tasks) ksdfkjds <class 'core.task.Task'>
DEBUG:root:refresh_list (build tasks) Another task added in <class 'core.task.Task'>
DEBUG:root:refresh_list (build tasks) My new task <class 'core.task.Task'>
DEBUG:root:refresh_list (build tasks) another test on redraw <class 'core.task.Task'>
DEBUG:root:refresh_list (build tasks) yet another test <class 'core.task.Task'>
DEBUG:root:refresh_list (build tasks) yet another test# <class 'core.task.Task'>
DEBUG:root:refresh_list (build tasks) bored of testing <class 'core.task.Task'>
DEBUG:root:refresh_list (build tasks) again <class 'core.task.Task'>
DEBUG:root:refresh_list (build tasks) final test?! hopefull <class 'core.task.Task'>
DEBUG:root:refresh_list (build tasks) teste <class 'core.task.Task'>
DEBUG:root:refresh_list (build tasks) final test please god work <class 'core.task.Task'>
DEBUG:root:refresh_list (build tasks) klsjdhfklsdf <class 'core.task.Task'>
DEBUG:root:refresh_list (build tasks) lksdfg <class 'core.task.Task'>
DEBUG:root:refresh_list (build tasks) dsfsdf <class 'core.task.Task'>
DEBUG:root:refresh_list (build tasks) sdfdsf <class 'core.task.Task'>
DEBUG:root:refresh_list (build tasks) sdf <class 'core.task.Task'>
DEBUG:root:refresh_list (build tasks) ds <class 'core.task.Task'>
DEBUG:root:refresh_list (build tasks) dsfsdf <class 'core.task.Task'>
DEBUG:root:refresh_list (build tasks) sdfdsf <class 'core.task.Task'>
DEBUG:root:refresh_list (build tasks) sdfsdf sd fsda fas f <class 'core.task.Task'>
DEBUG:root:refresh_list (build tasks) My new task <class 'core.task.Task'>
DEBUG:root:refresh_list (build tasks) 2026-01-23 Another new task <class 'core.task.Task'>
DEBUG:root:refresh_list (build tasks) a new task <class 'core.task.Task'>
DEBUG:root:refresh_list (build tasks) sadsad <class 'core.task.Task'>
DEBUG:asyncio:Using selector: EpollSelector
DEBUG:root:refresh_list (build tasks) a newly added task <class 'core.task.Task'>
DEBUG:root:refresh_list (build tasks) My new test on Monday <class 'core.task.Task'>
DEBUG:root:refresh_list (build tasks) second time trying <class 'core.task.Task'>
DEBUG:root:refresh_list (build tasks) test task on tuesday <class 'core.task.Task'>
DEBUG:root:refresh_list (build tasks) third task on tuesday <class 'core.task.Task'>
DEBUG:root:refresh_list (build tasks) 4th task on tuesday <class 'core.task.Task'>
DEBUG:root:refresh_list (build tasks) 5th time a charm <class 'core.task.Task'>
DEBUG:root:refresh_list (build tasks) ksdfkjds <class 'core.task.Task'>
DEBUG:root:refresh_list (build tasks) Another task added in <class 'core.task.Task'>
DEBUG:root:refresh_list (build tasks) My new task <class 'core.task.Task'>
DEBUG:root:refresh_list (build tasks) another test on redraw <class 'core.task.Task'>
DEBUG:root:refresh_list (build tasks) yet another test <class 'core.task.Task'>
DEBUG:root:refresh_list (build tasks) yet another test# <class 'core.task.Task'>
DEBUG:root:refresh_list (build tasks) bored of testing <class 'core.task.Task'>
DEBUG:root:refresh_list (build tasks) again <class 'core.task.Task'>
DEBUG:root:refresh_list (build tasks) final test?! hopefull <class 'core.task.Task'>
DEBUG:root:refresh_list (build tasks) teste <class 'core.task.Task'>
DEBUG:root:refresh_list (build tasks) final test please god work <class 'core.task.Task'>
DEBUG:root:refresh_list (build tasks) klsjdhfklsdf <class 'core.task.Task'>
DEBUG:root:refresh_list (build tasks) lksdfg <class 'core.task.Task'>
DEBUG:root:refresh_list (build tasks) dsfsdf <class 'core.task.Task'>
DEBUG:root:refresh_list (build tasks) sdfdsf <class 'core.task.Task'>
DEBUG:root:refresh_list (build tasks) sdf <class 'core.task.Task'>
DEBUG:root:refresh_list (build tasks) ds <class 'core.task.Task'>
DEBUG:root:refresh_list (build tasks) dsfsdf <class 'core.task.Task'>
DEBUG:root:refresh_list (build tasks) sdfdsf <class 'core.task.Task'>
DEBUG:root:refresh_list (build tasks) sdfsdf sd fsda fas f <class 'core.task.Task'>
DEBUG:root:refresh_list (build tasks) My new task <class 'core.task.Task'>
DEBUG:root:refresh_list (build tasks) 2026-01-23 Another new task <class 'core.task.Task'>
DEBUG:root:refresh_list (build tasks) a new task <class 'core.task.Task'>
DEBUG:root:refresh_list (build tasks) sadsad <class 'core.task.Task'>
DEBUG:asyncio:Using selector: EpollSelector
DEBUG:root:refresh_list (build tasks) a newly added task <class 'core.task.Task'>
DEBUG:root:refresh_list (build tasks) My new test on Monday <class 'core.task.Task'>
DEBUG:root:refresh_list (build tasks) second time trying <class 'core.task.Task'>
DEBUG:root:refresh_list (build tasks) test task on tuesday <class 'core.task.Task'>
DEBUG:root:refresh_list (build tasks) third task on tuesday <class 'core.task.Task'>
DEBUG:root:refresh_list (build tasks) 4th task on tuesday <class 'core.task.Task'>
DEBUG:root:refresh_list (build tasks) 5th time a charm <class 'core.task.Task'>
DEBUG:root:refresh_list (build tasks) ksdfkjds <class 'core.task.Task'>
DEBUG:root:refresh_list (build tasks) Another task added in <class 'core.task.Task'>
DEBUG:root:refresh_list (build tasks) My new task <class 'core.task.Task'>
DEBUG:root:refresh_list (build tasks) another test on redraw <class 'core.task.Task'>
DEBUG:root:refresh_list (build tasks) yet another test <class 'core.task.Task'>
DEBUG:root:refresh_list (build tasks) yet another test# <class 'core.task.Task'>
DEBUG:root:refresh_list (build tasks) bored of testing <class 'core.task.Task'>
DEBUG:root:refresh_list (build tasks) again <class 'core.task.Task'>
DEBUG:root:refresh_list (build tasks) final test?! hopefull <class 'core.task.Task'>
DEBUG:root:refresh_list (build tasks) teste <class 'core.task.Task'>
DEBUG:root:refresh_list (build tasks) final test please god work <class 'core.task.Task'>
DEBUG:root:refresh_list (build tasks) klsjdhfklsdf <class 'core.task.Task'>
DEBUG:root:refresh_list (build tasks) lksdfg <class 'core.task.Task'>
DEBUG:root:refresh_list (build tasks) dsfsdf <class 'core.task.Task'>
DEBUG:root:refresh_list (build tasks) sdfdsf <class 'core.task.Task'>
DEBUG:root:refresh_list (build tasks) sdf <class 'core.task.Task'>
DEBUG:root:refresh_list (build tasks) ds <class 'core.task.Task'>
DEBUG:root:refresh_list (build tasks) dsfsdf <class 'core.task.Task'>
DEBUG:root:refresh_list (build tasks) sdfdsf <class 'core.task.Task'>
DEBUG:root:refresh_list (build tasks) sdfsdf sd fsda fas f <class 'core.task.Task'>
DEBUG:root:refresh_list (build tasks) My new task <class 'core.task.Task'>
DEBUG:root:refresh_list (build tasks) 2026-01-23 Another new task <class 'core.task.Task'>
DEBUG:root:refresh_list (build tasks) a new task <class 'core.task.Task'>
DEBUG:root:refresh_list (build tasks) sadsad <class 'core.task.Task'>
DEBUG:asyncio:Using selector: EpollSelector
DEBUG:root:refresh_list (build tasks) a newly added task <class 'core.task.Task'>
DEBUG:root:refresh_list (build tasks) My new test on Monday <class 'core.task.Task'>
DEBUG:root:refresh_list (build tasks) second time trying <class 'core.task.Task'>
DEBUG:root:refresh_list (build tasks) test task on tuesday <class 'core.task.Task'>
DEBUG:root:refresh_list (build tasks) third task on tuesday <class 'core.task.Task'>
DEBUG:root:refresh_list (build tasks) 4th task on tuesday <class 'core.task.Task'>
DEBUG:root:refresh_list (build tasks) 5th time a charm <class 'core.task.Task'>
DEBUG:root:refresh_list (build tasks) ksdfkjds <class 'core.task.Task'>
DEBUG:root:refresh_list (build tasks) Another task added in <class 'core.task.Task'>
DEBUG:root:refresh_list (build tasks) My new task <class 'core.task.Task'>
DEBUG:root:refresh_list (build tasks) another test on redraw <class 'core.task.Task'>
DEBUG:root:refresh_list (build tasks) yet another test <class 'core.task.Task'>
DEBUG:root:refresh_list (build tasks) yet another test# <class 'core.task.Task'>
DEBUG:root:refresh_list (build tasks) bored of testing <class 'core.task.Task'>
DEBUG:root:refresh_list (build tasks) again <class 'core.task.Task'>
DEBUG:root:refresh_list (build tasks) final test?! hopefull <class 'core.task.Task'>
DEBUG:root:refresh_list (build tasks) teste <class 'core.task.Task'>
DEBUG:root:refresh_list (build tasks) final test please god work <class 'core.task.Task'>
DEBUG:root:refresh_list (build tasks) klsjdhfklsdf <class 'core.task.Task'>
DEBUG:root:refresh_list (build tasks) lksdfg <class 'core.task.Task'>
DEBUG:root:refresh_list (build tasks) dsfsdf <class 'core.task.Task'>
DEBUG:root:refresh_list (build tasks) sdfdsf <class 'core.task.Task'>
DEBUG:root:refresh_list (build tasks) sdf <class 'core.task.Task'>
DEBUG:root:refresh_list (build tasks) ds <class 'core.task.Task'>
DEBUG:root:refresh_list (build tasks) dsfsdf <class 'core.task.Task'>
DEBUG:root:refresh_list (build tasks) sdfdsf <class 'core.task.Task'>
DEBUG:root:refresh_list (build tasks) sdfsdf sd fsda fas f <class 'core.task.Task'>
DEBUG:root:refresh_list (build tasks) My new task <class 'core.task.Task'>
DEBUG:root:refresh_list (build tasks) 2026-01-23 Another new task <class 'core.task.Task'>
DEBUG:root:refresh_list (build tasks) a new task <class 'core.task.Task'>
DEBUG:root:refresh_list (build tasks) sadsad <class 'core.task.Task'>
DEBUG:asyncio:Using selector: EpollSelector
DEBUG:root:refresh_list (build tasks) a newly added task <class 'core.task.Task'>
DEBUG:root:refresh_list (build tasks) My new test on Monday <class 'core.task.Task'>
DEBUG:root:refresh_list (build tasks) second time trying <class 'core.task.Task'>
DEBUG:root:refresh_list (build tasks) test task on tuesday <class 'core.task.Task'>
DEBUG:root:refresh_list (build tasks) third task on tuesday <class 'core.task.Task'>
DEBUG:root:refresh_list (build tasks) 4th task on tuesday <class 'core.task.Task'>
DEBUG:root:refresh_list (build tasks) 5th time a charm <class 'core.task.Task'>
DEBUG:root:refresh_list (build tasks) ksdfkjds <class 'core.task.Task'>
DEBUG:root:refresh_list (build tasks) Another task added in <class 'core.task.Task'>
DEBUG:root:refresh_list (build tasks) My new task <class 'core.task.Task'>
DEBUG:root:refresh_list (build tasks) another test on redraw <class 'core.task.Task'>
DEBUG:root:refresh_list (build tasks) yet another test <class 'core.task.Task'>
DEBUG:root:refresh_list (build tasks) yet another test# <class 'core.task.Task'>
DEBUG:root:refresh_list (build tasks) bored of testing <class 'core.task.Task'>
DEBUG:root:refresh_list (build tasks) again <class 'core.task.Task'>
DEBUG:root:refresh_list (build tasks) final test?! hopefull <class 'core.task.Task'>
DEBUG:root:refresh_list (build tasks) teste <class 'core.task.Task'>
DEBUG:root:refresh_list (build tasks) final test please god work <class 'core.task.Task'>
DEBUG:root:refresh_list (build tasks) klsjdhfklsdf <class 'core.task.Task'>
DEBUG:root:refresh_list (build tasks) lksdfg <class 'core.task.Task'>
DEBUG:root:refresh_list (build tasks) dsfsdf <class 'core.task.Task'>
DEBUG:root:refresh_list (build tasks) sdfdsf <class 'core.task.Task'>
DEBUG:root:refresh_list (build tasks) sdf <class 'core.task.Task'>
DEBUG:root:refresh_list (build tasks) ds <class 'core.task.Task'>
DEBUG:root:refresh_list (build tasks) dsfsdf <class 'core.task.Task'>
DEBUG:root:refresh_list (build tasks) sdfdsf <class 'core.task.Task'>
DEBUG:root:refresh_list (build tasks) sdfsdf sd fsda fas f <class 'core.task.Task'>
DEBUG:root:refresh_list (build tasks) My new task <class 'core.task.Task'>
DEBUG:root:refresh_list (build tasks) 2026-01-23 Another new task <class 'core.task.Task'>
DEBUG:root:refresh_list (build tasks) a new task <class 'core.task.Task'>
DEBUG:root:refresh_list (build tasks) sadsad <class 'core.task.Task'>
DEBUG:asyncio:Using selector: EpollSelector
DEBUG:asyncio:Using selector: EpollSelector
DEBUG:root:refresh_list (build tasks) a newly added task <class 'core.task.Task'>
DEBUG:root:refresh_list (build tasks) My new test on Monday <class 'core.task.Task'>
DEBUG:root:refresh_list (build tasks) second time trying <class 'core.task.Task'>
DEBUG:root:refresh_list (build tasks) test task on tuesday <class 'core.task.Task'>
DEBUG:root:refresh_list (build tasks) third task on tuesday <class 'core.task.Task'>
DEBUG:root:refresh_list (build tasks) 4th task on tuesday <class 'core.task.Task'>
DEBUG:root:refresh_list (build tasks) 5th time a charm <class 'core.task.Task'>
DEBUG:root:refresh_list (build tasks) ksdfkjds <class 'core.task.Task'>
DEBUG:root:refresh_list (build tasks) Another task added in <class 'core.task.Task'>
DEBUG:root:refresh_list (build tasks) My new task <class 'core.task.Task'>
DEBUG:root:refresh_list (build tasks) another test on redraw <class 'core.task.Task'>
DEBUG:root:refresh_list (build tasks) yet another test <class 'core.task.Task'>
DEBUG:root:refresh_list (build tasks) yet another test# <class 'core.task.Task'>
DEBUG:root:refresh_list (build tasks) bored of testing <class 'core.task.Task'>
DEBUG:root:refresh_list (build tasks) again <class 'core.task.Task'>
DEBUG:root:refresh_list (build tasks) final test?! hopefull <class 'core.task.Task'>
DEBUG:root:refresh_list (build tasks) teste <class 'core.task.Task'>
DEBUG:root:refresh_list (build tasks) final test please god work <class 'core.task.Task'>
DEBUG:root:refresh_list (build tasks) klsjdhfklsdf <class 'core.task.Task'>
DEBUG:root:refresh_list (build tasks) lksdfg <class 'core.task.Task'>
DEBUG:root:refresh_list (build tasks) dsfsdf <class 'core.task.Task'>
DEBUG:root:refresh_list (build tasks) sdfdsf <class 'core.task.Task'>
DEBUG:root:refresh_list (build tasks) sdf <class 'core.task.Task'>
DEBUG:root:refresh_list (build tasks) ds <class 'core.task.Task'>
DEBUG:root:refresh_list (build tasks) dsfsdf <class 'core.task.Task'>
DEBUG:root:refresh_list (build tasks) sdfdsf <class 'core.task.Task'>
DEBUG:root:refresh_list (build tasks) sdfsdf sd fsda fas f <class 'core.task.Task'>
DEBUG:root:refresh_list (build tasks) My new task <class 'core.task.Task'>
DEBUG:root:refresh_list (build tasks) 2026-01-23 Another new task <class 'core.task.Task'>
DEBUG:root:refresh_list (build tasks) a new task <class 'core.task.Task'>
DEBUG:root:refresh_list (build tasks) sadsad <class 'core.task.Task'>
DEBUG:asyncio:Using selector: EpollSelector
DEBUG:root:refresh_list (build tasks) a newly added task <class 'core.task.Task'>
DEBUG:root:refresh_list (build tasks) My new test on Monday <class 'core.task.Task'>
DEBUG:root:refresh_list (build tasks) second time trying <class 'core.task.Task'>
DEBUG:root:refresh_list (build tasks) test task on tuesday <class 'core.task.Task'>
DEBUG:root:refresh_list (build tasks) third task on tuesday <class 'core.task.Task'>
DEBUG:root:refresh_list (build tasks) 4th task on tuesday <class 'core.task.Task'>
DEBUG:root:refresh_list (build tasks) 5th time a charm <class 'core.task.Task'>
DEBUG:root:refresh_list (build tasks) ksdfkjds <class 'core.task.Task'>
DEBUG:root:refresh_list (build tasks) Another task added in <class 'core.task.Task'>
DEBUG:root:refresh_list (build tasks) My new task <class 'core.task.Task'>
DEBUG:root:refresh_list (build tasks) another test on redraw <class 'core.task.Task'>
DEBUG:root:refresh_list (build tasks) yet another test <class 'core.task.Task'>
DEBUG:root:refresh_list (build tasks) yet another test# <class 'core.task.Task'>
DEBUG:root:refresh_list (build tasks) bored of testing <class 'core.task.Task'>
DEBUG:root:refresh_list (build tasks) again <class 'core.task.Task'>
DEBUG:root:refresh_list (build tasks) final test?! hopefull <class 'core.task.Task'>
DEBUG:root:refresh_list (build tasks) teste <class 'core.task.Task'>
DEBUG:root:refresh_list (build tasks) final test please god work <class 'core.task.Task'>
DEBUG:root:refresh_list (build tasks) klsjdhfklsdf <class 'core.task.Task'>
DEBUG:root:refresh_list (build tasks) lksdfg <class 'core.task.Task'>
DEBUG:root:refresh_list (build tasks) dsfsdf <class 'core.task.Task'>
DEBUG:root:refresh_list (build tasks) sdfdsf <class 'core.task.Task'>
DEBUG:root:refresh_list (build tasks) sdf <class 'core.task.Task'>
DEBUG:root:refresh_list (build tasks) ds <class 'core.task.Task'>
DEBUG:root:refresh_list (build tasks) dsfsdf <class 'core.task.Task'>
DEBUG:root:refresh_list (build tasks) sdfdsf <class 'core.task.Task'>
DEBUG:root:refresh_list (build tasks) sdfsdf sd fsda fas f <class 'core.task.Task'>
DEBUG:root:refresh_list (build tasks) My new task <class 'core.task.Task'>
DEBUG:root:refresh_list (build tasks) 2026-01-23 Another new task <class 'core.task.Task'>
DEBUG:root:refresh_list (build tasks) a new task <class 'core.task.Task'>
DEBUG:root:refresh_list (build tasks) sadsad <class 'core.task.Task'>
DEBUG:asyncio:Using selector: EpollSelector
DEBUG:root:refresh_list (build tasks) a newly added task <class 'core.task.Task'>
DEBUG:root:refresh_list (build tasks) My new test on Monday <class 'core.task.Task'>
DEBUG:root:refresh_list (build tasks) second time trying <class 'core.task.Task'>
DEBUG:root:refresh_list (build tasks) test task on tuesday <class 'core.task.Task'>
DEBUG:root:refresh_list (build tasks) third task on tuesday <class 'core.task.Task'>
DEBUG:root:refresh_list (build tasks) 4th task on tuesday <class 'core.task.Task'>
DEBUG:root:refresh_list (build tasks) 5th time a charm <class 'core.task.Task'>
DEBUG:root:refresh_list (build tasks) ksdfkjds <class 'core.task.Task'>
DEBUG:root:refresh_list (build tasks) Another task added in <class 'core.task.Task'>
DEBUG:root:refresh_list (build tasks) My new task <class 'core.task.Task'>
DEBUG:root:refresh_list (build tasks) another test on redraw <class 'core.task.Task'>
DEBUG:root:refresh_list (build tasks) yet another test <class 'core.task.Task'>
DEBUG:root:refresh_list (build tasks) yet another test# <class 'core.task.Task'>
DEBUG:root:refresh_list (build tasks) bored of testing <class 'core.task.Task'>
DEBUG:root:refresh_list (build tasks) again <class 'core.task.Task'>
DEBUG:root:refresh_list (build tasks) final test?! hopefull <class 'core.task.Task'>
DEBUG:root:refresh_list (build tasks) teste <class 'core.task.Task'>
DEBUG:root:refresh_list (build tasks) final test please god work <class 'core.task.Task'>
DEBUG:root:refresh_list (build tasks) klsjdhfklsdf <class 'core.task.Task'>
DEBUG:root:refresh_list (build tasks) lksdfg <class 'core.task.Task'>
DEBUG:root:refresh_list (build tasks) dsfsdf <class 'core.task.Task'>
DEBUG:root:refresh_list (build tasks) sdfdsf <class 'core.task.Task'>
DEBUG:root:refresh_list (build tasks) sdf <class 'core.task.Task'>
DEBUG:root:refresh_list (build tasks) ds <class 'core.task.Task'>
DEBUG:root:refresh_list (build tasks) dsfsdf <class 'core.task.Task'>
DEBUG:root:refresh_list (build tasks) sdfdsf <class 'core.task.Task'>
DEBUG:root:refresh_list (build tasks) sdfsdf sd fsda fas f <class 'core.task.Task'>
DEBUG:root:refresh_list (build tasks) My new task <class 'core.task.Task'>
DEBUG:root:refresh_list (build tasks) 2026-01-23 Another new task <class 'core.task.Task'>
DEBUG:root:refresh_list (build tasks) a new task <class 'core.task.Task'>
DEBUG:root:refresh_list (build tasks) sadsad <class 'core.task.Task'>
DEBUG:asyncio:Using selector: EpollSelector
DEBUG:root:refresh_list (build tasks) a newly added task <class 'core.task.Task'>
DEBUG:root:refresh_list (build tasks) My new test on Monday <class 'core.task.Task'>
DEBUG:root:refresh_list (build tasks) second time trying <class 'core.task.Task'>
DEBUG:root:refresh_list (build tasks) test task on tuesday <class 'core.task.Task'>
DEBUG:root:refresh_list (build tasks) third task on tuesday <class 'core.task.Task'>
DEBUG:root:refresh_list (build tasks) 4th task on tuesday <class 'core.task.Task'>
DEBUG:root:refresh_list (build tasks) 5th time a charm <class 'core.task.Task'>
DEBUG:root:refresh_list (build tasks) ksdfkjds <class 'core.task.Task'>
DEBUG:root:refresh_list (build tasks) Another task added in <class 'core.task.Task'>
DEBUG:root:refresh_list (build tasks) My new task <class 'core.task.Task'>
DEBUG:root:refresh_list (build tasks) another test on redraw <class 'core.task.Task'>
DEBUG:root:refresh_list (build tasks) yet another test <class 'core.task.Task'>
DEBUG:root:refresh_list (build tasks) yet another test# <class 'core.task.Task'>
DEBUG:root:refresh_list (build tasks) bored of testing <class 'core.task.Task'>
DEBUG:root:refresh_list (build tasks) again <class 'core.task.Task'>
DEBUG:root:refresh_list (build tasks) final test?! hopefull <class 'core.task.Task'>
DEBUG:root:refresh_list (build tasks) teste <class 'core.task.Task'>
DEBUG:root:refresh_list (build tasks) final test please god work <class 'core.task.Task'>
DEBUG:root:refresh_list (build tasks) klsjdhfklsdf <class 'core.task.Task'>
DEBUG:root:refresh_list (build tasks) lksdfg <class 'core.task.Task'>
DEBUG:root:refresh_list (build tasks) dsfsdf <class 'core.task.Task'>
DEBUG:root:refresh_list (build tasks) sdfdsf <class 'core.task.Task'>
DEBUG:root:refresh_list (build tasks) sdf <class 'core.task.Task'>
DEBUG:root:refresh_list (build tasks) ds <class 'core.task.Task'>
DEBUG:root:refresh_list (build tasks) dsfsdf <class 'core.task.Task'>
DEBUG:root:refresh_list (build tasks) sdfdsf <class 'core.task.Task'>
DEBUG:root:refresh_list (build tasks) sdfsdf sd fsda fas f <class 'core.task.Task'>
DEBUG:root:refresh_list (build tasks) My new task <class 'core.task.Task'>
DEBUG:root:refresh_list (build tasks) 2026-01-23 Another new task <class 'core.task.Task'>
DEBUG:root:refresh_list (build tasks) a new task <class 'core.task.Task'>
DEBUG:root:refresh_list (build tasks) sadsad <class 'core.task.Task'>
DEBUG:asyncio:Using selector: EpollSelector
DEBUG:asyncio:Using selector: EpollSelector
DEBUG:root:refresh_list (build tasks) a newly added task <class 'core.task.Task'>
DEBUG:root:refresh_list (build tasks) My new test on Monday <class 'core.task.Task'>
DEBUG:root:refresh_list (build tasks) second time trying <class 'core.task.Task'>
DEBUG:root:refresh_list (build tasks) test task on tuesday <class 'core.task.Task'>
DEBUG:root:refresh_list (build tasks) third task on tuesday <class 'core.task.Task'>
DEBUG:root:refresh_list (build tasks) 4th task on tuesday <class 'core.task.Task'>
DEBUG:root:refresh_list (build tasks) 5th time a charm <class 'core.task.Task'>
DEBUG:root:refresh_list (build tasks) ksdfkjds <class 'core.task.Task'>
DEBUG:root:refresh_list (build tasks) Another task added in <class 'core.task.Task'>
DEBUG:root:refresh_list (build tasks) My new task <class 'core.task.Task'>
DEBUG:root:refresh_list (build tasks) another test on redraw <class 'core.task.Task'>
DEBUG:root:refresh_list (build tasks) yet another test <class 'core.task.Task'>
DEBUG:root:refresh_list (build tasks) yet another test# <class 'core.task.Task'>
DEBUG:root:refresh_list (build tasks) bored of testing <class 'core.task.Task'>
DEBUG:root:refresh_list (build tasks) again <class 'core.task.Task'>
DEBUG:root:refresh_list (build tasks) final test?! hopefull <class 'core.task.Task'>
DEBUG:root:refresh_list (build tasks) teste <class 'core.task.Task'>
DEBUG:root:refresh_list (build tasks) final test please god work <class 'core.task.Task'>
DEBUG:root:refresh_list (build tasks) klsjdhfklsdf <class 'core.task.Task'>
DEBUG:root:refresh_list (build tasks) lksdfg <class 'core.task.Task'>
DEBUG:root:refresh_list (build tasks) dsfsdf <class 'core.task.Task'>
DEBUG:root:refresh_list (build tasks) sdfdsf <class 'core.task.Task'>
DEBUG:root:refresh_list (build tasks) sdf <class 'core.task.Task'>
DEBUG:root:refresh_list (build tasks) ds <class 'core.task.Task'>
DEBUG:root:refresh_list (build tasks) dsfsdf <class 'core.task.Task'>
DEBUG:root:refresh_list (build tasks) sdfdsf <class 'core.task.Task'>
DEBUG:root:refresh_list (build tasks) sdfsdf sd fsda fas f <class 'core.task.Task'>
DEBUG:root:refresh_list (build tasks) My new task <class 'core.task.Task'>
DEBUG:root:refresh_list (build tasks) 2026-01-23 Another new task <class 'core.task.Task'>
DEBUG:root:refresh_list (build tasks) a new task <class 'core.task.Task'>
DEBUG:root:refresh_list (build tasks) sadsad <class 'core.task.Task'>
DEBUG:asyncio:Using selector: EpollSelector
DEBUG:root:refresh_list (build tasks) a newly added task <class 'core.task.Task'>
DEBUG:root:refresh_list (build tasks) My new test on Monday <class 'core.task.Task'>
DEBUG:root:refresh_list (build tasks) second time trying <class 'core.task.Task'>
DEBUG:root:refresh_list (build tasks) test task on tuesday <class 'core.task.Task'>
DEBUG:root:refresh_list (build tasks) third task on tuesday <class 'core.task.Task'>
DEBUG:root:refresh_list (build tasks) 4th task on tuesday <class 'core.task.Task'>
DEBUG:root:refresh_list (build tasks) 5th time a charm <class 'core.task.Task'>
DEBUG:root:refresh_list (build tasks) ksdfkjds <class 'core.task.Task'>
DEBUG:root:refresh_list (build tasks) Another task added in <class 'core.task.Task'>
DEBUG:root:refresh_list (build tasks) My new task <class 'core.task.Task'>
DEBUG:root:refresh_list (build tasks) another test on redraw <class 'core.task.Task'>
DEBUG:root:refresh_list (build tasks) yet another test <class 'core.task.Task'>
DEBUG:root:refresh_list (build tasks) yet another test# <class 'core.task.Task'>
DEBUG:root:refresh_list (build tasks) bored of testing <class 'core.task.Task'>
DEBUG:root:refresh_list (build tasks) again <class 'core.task.Task'>
DEBUG:root:refresh_list (build tasks) final test?! hopefull <class 'core.task.Task'>
DEBUG:root:refresh_list (build tasks) teste <class 'core.task.Task'>
DEBUG:root:refresh_list (build tasks) final test please god work <class 'core.task.Task'>
DEBUG:root:refresh_list (build tasks) klsjdhfklsdf <class 'core.task.Task'>
DEBUG:root:refresh_list (build tasks) lksdfg <class 'core.task.Task'>
DEBUG:root:refresh_list (build tasks) dsfsdf <class 'core.task.Task'>
DEBUG:root:refresh_list (build tasks) sdfdsf <class 'core.task.Task'>
DEBUG:root:refresh_list (build tasks) sdf <class 'core.task.Task'>
DEBUG:root:refresh_list (build tasks) ds <class 'core.task.Task'>
DEBUG:root:refresh_list (build tasks) dsfsdf <class 'core.task.Task'>
DEBUG:root:refresh_list (build tasks) sdfdsf <class 'core.task.Task'>
DEBUG:root:refresh_list (build tasks) sdfsdf sd fsda fas f <class 'core.task.Task'>
DEBUG:root:refresh_list (build tasks) My new task <class 'core.task.Task'>
DEBUG:root:refresh_list (build tasks) 2026-01-23 Another new task <class 'core.task.Task'>
DEBUG:root:refresh_list (build tasks) a new task <class 'core.task.Task'>
DEBUG:root:refresh_list (build tasks) sadsad <class 'core.task.Task'>
DEBUG:asyncio:Using selector: EpollSelector
DEBUG:root:refresh_list (build tasks) a newly added task <class 'core.task.Task'>
DEBUG:root:refresh_list (build tasks) My new test on Monday <class 'core.task.Task'>
DEBUG:root:refresh_list (build tasks) second time trying <class 'core.task.Task'>
DEBUG:root:refresh_list (build tasks) test task on tuesday <class 'core.task.Task'>
DEBUG:root:refresh_list (build tasks) third task on tuesday <class 'core.task.Task'>
DEBUG:root:refresh_list (build tasks) 4th task on tuesday <class 'core.task.Task'>
DEBUG:root:refresh_list (build tasks) 5th time a charm <class 'core.task.Task'>
DEBUG:root:refresh_list (build tasks) ksdfkjds <class 'core.task.Task'>
DEBUG:root:refresh_list (build tasks) Another task added in <class 'core.task.Task'>
DEBUG:root:refresh_list (build tasks) My new task <class 'core.task.Task'>
DEBUG:root:refresh_list (build tasks) another test on redraw <class 'core.task.Task'>
DEBUG:root:refresh_list (build tasks) yet another test <class 'core.task.Task'>
DEBUG:root:refresh_list (build tasks) yet another test# <class 'core.task.Task'>
DEBUG:root:refresh_list (build tasks) bored of testing <class 'core.task.Task'>
DEBUG:root:refresh_list (build tasks) again <class 'core.task.Task'>
DEBUG:root:refresh_list (build tasks) final test?! hopefull <class 'core.task.Task'>
DEBUG:root:refresh_list (build tasks) teste <class 'core.task.Task'>
DEBUG:root:refresh_list (build tasks) final test please god work <class 'core.task.Task'>
DEBUG:root:refresh_list (build tasks) klsjdhfklsdf <class 'core.task.Task'>
DEBUG:root:refresh_list (build tasks) lksdfg <class 'core.task.Task'>
DEBUG:root:refresh_list (build tasks) dsfsdf <class 'core.task.Task'>
DEBUG:root:refresh_list (build tasks) sdfdsf <class 'core.task.Task'>
DEBUG:root:refresh_list (build tasks) sdf <class 'core.task.Task'>
DEBUG:root:refresh_list (build tasks) ds <class 'core.task.Task'>
DEBUG:root:refresh_list (build tasks) dsfsdf <class 'core.task.Task'>
DEBUG:root:refresh_list (build tasks) sdfdsf <class 'core.task.Task'>
DEBUG:root:refresh_list (build tasks) sdfsdf sd fsda fas f <class 'core.task.Task'>
DEBUG:root:refresh_list (build tasks) My new task <class 'core.task.Task'>
DEBUG:root:refresh_list (build tasks) 2026-01-23 Another new task <class 'core.task.Task'>
DEBUG:root:refresh_list (build tasks) a new task <class 'core.task.Task'>
DEBUG:root:refresh_list (build tasks) sadsad <class 'core.task.Task'>
DEBUG:asyncio:Using selector: EpollSelector
DEBUG:root:refresh_list (build tasks) a newly added task <class 'core.task.Task'>
DEBUG:root:refresh_list (build tasks) My new test on Monday <class 'core.task.Task'>
DEBUG:root:refresh_list (build tasks) second time trying <class 'core.task.Task'>
DEBUG:root:refresh_list (build tasks) test task on tuesday <class 'core.task.Task'>
DEBUG:root:refresh_list (build tasks) third task on tuesday <class 'core.task.Task'>
DEBUG:root:refresh_list (build tasks) 4th task on tuesday <class 'core.task.Task'>
DEBUG:root:refresh_list (build tasks) 5th time a charm <class 'core.task.Task'>
DEBUG:root:refresh_list (build tasks) ksdfkjds <class 'core.task.Task'>
DEBUG:root:refresh_list (build tasks) Another task added in <class 'core.task.Task'>
DEBUG:root:refresh_list (build tasks) My new task <class 'core.task.Task'>
DEBUG:root:refresh_list (build tasks) another test on redraw <class 'core.task.Task'>
DEBUG:root:refresh_list (build tasks) yet another test <class 'core.task.Task'>
DEBUG:root:refresh_list (build tasks) yet another test# <class 'core.task.Task'>
DEBUG:root:refresh_list (build tasks) bored of testing <class 'core.task.Task'>
DEBUG:root:refresh_list (build tasks) again <class 'core.task.Task'>
DEBUG:root:refresh_list (build tasks) final test?! hopefull <class 'core.task.Task'>
DEBUG:root:refresh_list (build tasks) teste <class 'core.task.Task'>
DEBUG:root:refresh_list (build tasks) final test please god work <class 'core.task.Task'>
DEBUG:root:refresh_list (build tasks) klsjdhfklsdf <class 'core.task.Task'>
DEBUG:root:refresh_list (build tasks) lksdfg <class 'core.task.Task'>
DEBUG:root:refresh_list (build tasks) dsfsdf <class 'core.task.Task'>
DEBUG:root:refresh_list (build tasks) sdfdsf <class 'core.task.Task'>
DEBUG:root:refresh_list (build tasks) sdf <class 'core.task.Task'>
DEBUG:root:refresh_list (build tasks) ds <class 'core.task.Task'>
DEBUG:root:refresh_list (build tasks) dsfsdf <class 'core.task.Task'>
DEBUG:root:refresh_list (build tasks) sdfdsf <class 'core.task.Task'>
DEBUG:root:refresh_list (build tasks) sdfsdf sd fsda fas f <class 'core.task.Task'>
DEBUG:root:refresh_list (build tasks) My new task <class 'core.task.Task'>
DEBUG:root:refresh_list (build tasks) 2026-01-23 Another new task <class 'core.task.Task'>
DEBUG:root:refresh_list (build tasks) a new task <class 'core.task.Task'>
DEBUG:root:refresh_list (build tasks) sadsad <class 'core.task.Task'>
DEBUG:asyncio:Using selector: EpollSelector
DEBUG:root:refresh_list (build tasks) a newly added task <class 'core.task.Task'>
DEBUG:root:refresh_list (build tasks) My new test on Monday <class 'core.task.Task'>
DEBUG:root:refresh_list (build tasks) second time trying <class 'core.task.Task'>
DEBUG:root:refresh_list (build tasks) test task on tuesday <class 'core.task.Task'>
DEBUG:root:refresh_list (build tasks) third task on tuesday <class 'core.task.Task'>
DEBUG:root:refresh_list (build tasks) 4th task on tuesday <class 'core.task.Task'>
DEBUG:root:refresh_list (build tasks) 5th time a charm <class 'core.task.Task'>
DEBUG:root:refresh_list (build tasks) ksdfkjds <class 'core.task.Task'>
DEBUG:root:refresh_list (build tasks) Another task added in <class 'core.task.Task'>
DEBUG:root:refresh_list (build tasks) My new task <class 'core.task.Task'>
DEBUG:root:refresh_list (build tasks) another test on redraw <class 'core.task.Task'>
DEBUG:root:refresh_list (build tasks) yet another test <class 'core.task.Task'>
DEBUG:root:refresh_list (build tasks) yet another test# <class 'core.task.Task'>
DEBUG:root:refresh_list (build tasks) bored of testing <class 'core.task.Task'>
DEBUG:root:refresh_list (build tasks) again <class 'core.task.Task'>
DEBUG:root:refresh_list (build tasks) final test?! hopefull <class 'core.task.Task'>
DEBUG:root:refresh_list (build tasks) teste <class 'core.task.Task'>
DEBUG:root:refresh_list (build tasks) final test please god work <class 'core.task.Task'>
DEBUG:root:refresh_list (build tasks) klsjdhfklsdf <class 'core.task.Task'>
DEBUG:root:refresh_list (build tasks) lksdfg <class 'core.task.Task'>
DEBUG:root:refresh_list (build tasks) dsfsdf <class 'core.task.Task'>
DEBUG:root:refresh_list (build tasks) sdfdsf <class 'core.task.Task'>
DEBUG:root:refresh_list (build tasks) sdf <class 'core.task.Task'>
DEBUG:root:refresh_list (build tasks) ds <class 'core.task.Task'>
DEBUG:root:refresh_list (build tasks) dsfsdf <class 'core.task.Task'>
DEBUG:root:refresh_list (build tasks) sdfdsf <class 'core.task.Task'>
DEBUG:root:refresh_list (build tasks) sdfsdf sd fsda fas f <class 'core.task.Task'>
DEBUG:root:refresh_list (build tasks) My new task <class 'core.task.Task'>
DEBUG:root:refresh_list (build tasks) 2026-01-23 Another new task <class 'core.task.Task'>
DEBUG:root:refresh_list (build tasks) a new task <class 'core.task.Task'>
DEBUG:root:refresh_list (build tasks) sadsad <class 'core.task.Task'>
DEBUG:root:Update Summary -- Total 31
DEBUG:root:Update Summary -- Active 18
DEBUG:root:Update Summary -- Progress 1
DEBUG:root:Update Summary -- Hold 5
DEBUG:asyncio:Using selector: EpollSelector
DEBUG:root:refresh_list (build tasks) a newly added task <class 'core.task.Task'>
DEBUG:root:refresh_list (build tasks) My new test on Monday <class 'core.task.Task'>
DEBUG:root:refresh_list (build tasks) second time trying <class 'core.task.Task'>
DEBUG:root:refresh_list (build tasks) test task on tuesday <class 'core.task.Task'>
DEBUG:root:refresh_list (build tasks) third task on tuesday <class 'core.task.Task'>
DEBUG:root:refresh_list (build tasks) 4th task on tuesday <class 'core.task.Task'>
DEBUG:root:refresh_list (build tasks) 5th time a charm <class 'core.task.Task'>
DEBUG:root:refresh_list (build tasks) ksdfkjds <class 'core.task.Task'>
DEBUG:root:refresh_list (build tasks) Another task added in <class 'core.task.Task'>
DEBUG:root:refresh_list (build tasks) My new task <class 'core.task.Task'>
DEBUG:root:refresh_list (build tasks) another test on redraw <class 'core.task.Task'>
DEBUG:root:refresh_list (build tasks) yet another test <class 'core.task.Task'>
DEBUG:root:refresh_list (build tasks) yet another test# <class 'core.task.Task'>
DEBUG:root:refresh_list (build tasks) bored of testing <class 'core.task.Task'>
DEBUG:root:refresh_list (build tasks) again <class 'core.task.Task'>
DEBUG:root:refresh_list (build tasks) final test?! hopefull <class 'core.task.Task'>
DEBUG:root:refresh_list (build tasks) teste <class 'core.task.Task'>
DEBUG:root:refresh_list (build tasks) final test please god work <class 'core.task.Task'>
DEBUG:root:refresh_list (build tasks) klsjdhfklsdf <class 'core.task.Task'>
DEBUG:root:refresh_list (build tasks) lksdfg <class 'core.task.Task'>
DEBUG:root:refresh_list (build tasks) dsfsdf <class 'core.task.Task'>
DEBUG:root:refresh_list (build tasks) sdfdsf <class 'core.task.Task'>
DEBUG:root:refresh_list (build tasks) sdf <class 'core.task.Task'>
DEBUG:root:refresh_list (build tasks) ds <class 'core.task.Task'>
DEBUG:root:refresh_list (build tasks) dsfsdf <class 'core.task.Task'>
DEBUG:root:refresh_list (build tasks) sdfdsf <class 'core.task.Task'>
DEBUG:root:refresh_list (build tasks) sdfsdf sd fsda fas f <class 'core.task.Task'>
DEBUG:root:refresh_list (build tasks) My new task <class 'core.task.Task'>
DEBUG:root:refresh_list (build tasks) 2026-01-23 Another new task <class 'core.task.Task'>
DEBUG:root:refresh_list (build tasks) a new task <class 'core.task.Task'>
DEBUG:root:refresh_list (build tasks) sadsad <class 'core.task.Task'>
DEBUG:root:Update Summary -- Total 31
DEBUG:root:Update Summary -- Active 18
DEBUG:root:Update Summary -- Progress 1
DEBUG:root:Update Summary -- Hold 5
DEBUG:asyncio:Using selector: EpollSelector
DEBUG:root:refresh_list (build tasks) a newly added task <class 'core.task.Task'>
DEBUG:root:refresh_list (build tasks) My new test on Monday <class 'core.task.Task'>
DEBUG:root:refresh_list (build tasks) second time trying <class 'core.task.Task'>
DEBUG:root:refresh_list (build tasks) test task on tuesday <class 'core.task.Task'>
DEBUG:root:refresh_list (build tasks) third task on tuesday <class 'core.task.Task'>
DEBUG:root:refresh_list (build tasks) 4th task on tuesday <class 'core.task.Task'>
DEBUG:root:refresh_list (build tasks) 5th time a charm <class 'core.task.Task'>
DEBUG:root:refresh_list (build tasks) ksdfkjds <class 'core.task.Task'>
DEBUG:root:refresh_list (build tasks) Another task added in <class 'core.task.Task'>
DEBUG:root:refresh_list (build tasks) My new task <class 'core.task.Task'>
DEBUG:root:refresh_list (build tasks) another test on redraw <class 'core.task.Task'>
DEBUG:root:refresh_list (build tasks) yet another test <class 'core.task.Task'>
DEBUG:root:refresh_list (build tasks) yet another test# <class 'core.task.Task'>
DEBUG:root:refresh_list (build tasks) bored of testing <class 'core.task.Task'>
DEBUG:root:refresh_list (build tasks) again <class 'core.task.Task'>
DEBUG:root:refresh_list (build tasks) final test?! hopefull <class 'core.task.Task'>
DEBUG:root:refresh_list (build tasks) teste <class 'core.task.Task'>
DEBUG:root:refresh_list (build tasks) final test please god work <class 'core.task.Task'>
DEBUG:root:refresh_list (build tasks) klsjdhfklsdf <class 'core.task.Task'>
DEBUG:root:refresh_list (build tasks) lksdfg <class 'core.task.Task'>
DEBUG:root:refresh_list (build tasks) dsfsdf <class 'core.task.Task'>
DEBUG:root:refresh_list (build tasks) sdfdsf <class 'core.task.Task'>
DEBUG:root:refresh_list (build tasks) sdf <class 'core.task.Task'>
DEBUG:root:refresh_list (build tasks) ds <class 'core.task.Task'>
DEBUG:root:refresh_list (build tasks) dsfsdf <class 'core.task.Task'>
DEBUG:root:refresh_list (build tasks) sdfdsf <class 'core.task.Task'>
DEBUG:root:refresh_list (build tasks) sdfsdf sd fsda fas f <class 'core.task.Task'>
DEBUG:root:refresh_list (build tasks) My new task <class 'core.task.Task'>
DEBUG:root:refresh_list (build tasks) 2026-01-23 Another new task <class 'core.task.Task'>
DEBUG:root:refresh_list (build tasks) a new task <class 'core.task.Task'>
DEBUG:root:refresh_list (build tasks) sadsad <class 'core.task.Task'>
DEBUG:root:Update Summary -- Total 31
DEBUG:root:Update Summary -- Active 18
DEBUG:root:Update Summary -- Progress 1
DEBUG:root:Update Summary -- Hold 5
DEBUG:asyncio:Using selector: EpollSelector
DEBUG:root:refresh_list (build tasks) a newly added task <class 'core.task.Task'>
DEBUG:root:refresh_list (build tasks) My new test on Monday <class 'core.task.Task'>
DEBUG:root:refresh_list (build tasks) second time trying <class 'core.task.Task'>
DEBUG:root:refresh_list (build tasks) test task on tuesday <class 'core.task.Task'>
DEBUG:root:refresh_list (build tasks) third task on tuesday <class 'core.task.Task'>
DEBUG:root:refresh_list (build tasks) 4th task on tuesday <class 'core.task.Task'>
DEBUG:root:refresh_list (build tasks) 5th time a charm <class 'core.task.Task'>
DEBUG:root:refresh_list (build tasks) ksdfkjds <class 'core.task.Task'>
DEBUG:root:refresh_list (build tasks) Another task added in <class 'core.task.Task'>
DEBUG:root:refresh_list (build tasks) My new task <class 'core.task.Task'>
DEBUG:root:refresh_list (build tasks) another test on redraw <class 'core.task.Task'>
DEBUG:root:refresh_list (build tasks) yet another test <class 'core.task.Task'>
DEBUG:root:refresh_list (build tasks) yet another test# <class 'core.task.Task'>
DEBUG:root:refresh_list (build tasks) bored of testing <class 'core.task.Task'>
DEBUG:root:refresh_list (build tasks) again <class 'core.task.Task'>
DEBUG:root:refresh_list (build tasks) final test?! hopefull <class 'core.task.Task'>
DEBUG:root:refresh_list (build tasks) teste <class 'core.task.Task'>
DEBUG:root:refresh_list (build tasks) final test please god work <class 'core.task.Task'>
DEBUG:root:refresh_list (build tasks) klsjdhfklsdf <class 'core.task.Task'>
DEBUG:root:refresh_list (build tasks) lksdfg <class 'core.task.Task'>
DEBUG:root:refresh_list (build tasks) dsfsdf <class 'core.task.Task'>
DEBUG:root:refresh_list (build tasks) sdfdsf <class 'core.task.Task'>
DEBUG:root:refresh_list (build tasks) sdf <class 'core.task.Task'>
DEBUG:root:refresh_list (build tasks) ds <class 'core.task.Task'>
DEBUG:root:refresh_list (build tasks) dsfsdf <class 'core.task.Task'>
DEBUG:root:refresh_list (build tasks) sdfdsf <class 'core.task.Task'>
DEBUG:root:refresh_list (build tasks) sdfsdf sd fsda fas f <class 'core.task.Task'>
DEBUG:root:refresh_list (build tasks) My new task <class 'core.task.Task'>
DEBUG:root:refresh_list (build tasks) 2026-01-23 Another new task <class 'core.task.Task'>
DEBUG:root:refresh_list (build tasks) a new task <class 'core.task.Task'>
DEBUG:root:refresh_list (build tasks) sadsad <class 'core.task.Task'>
DEBUG:root:Update Summary -- Total 31
DEBUG:root:Update Summary -- Active 18
DEBUG:root:Update Summary -- Progress 1
DEBUG:root:Update Summary -- Hold 5
DEBUG:asyncio:Using selector: EpollSelector
DEBUG:root:Update Summary -- Total 31
DEBUG:root:Update Summary -- Active 18
DEBUG:root:Update Summary -- Progress 1
DEBUG:root:Update Summary -- Hold 5
DEBUG:root:action_toggle_status: item type (inital) <class '__main__.TaskItem'>
DEBUG:root:action_toggle_status: item.task type (inital) <class '_asyncio.Task'>
DEBUG:root:_apply_status: item type (initial) <class '__main__.TaskItem'>
DEBUG:root:_apply_status: item.model type (initial) <class 'core.task.Task'>
DEBUG:root:action_toggle_status: item type (inital) <class '__main__.TaskItem'>
DEBUG:root:action_toggle_status: item.task type (inital) <class '_asyncio.Task'>
DEBUG:root:_apply_status: item type (initial) <class '__main__.TaskItem'>
DEBUG:root:_apply_status: item.model type (initial) <class 'core.task.Task'>
DEBUG:asyncio:Using selector: EpollSelector
DEBUG:root:Update Summary -- Total 31
DEBUG:root:Update Summary -- Active 19
DEBUG:root:Update Summary -- Progress 1
DEBUG:root:Update Summary -- Hold 3
DEBUG:root:action_toggle_status: item type (inital) <class '__main__.TaskItem'>
DEBUG:root:action_toggle_status: item.task type (inital) <class '_asyncio.Task'>
DEBUG:root:_apply_status: item type (initial) <class '__main__.TaskItem'>
DEBUG:root:_apply_status: item.model type (initial) <class 'core.task.Task'>
DEBUG:asyncio:Using selector: EpollSelector
DEBUG:root:Update Summary -- Total 31
DEBUG:root:Update Summary -- Active 18
DEBUG:root:Update Summary -- Progress 1
DEBUG:root:Update Summary -- Hold 3
DEBUG:asyncio:Using selector: EpollSelector
DEBUG:root:Update Summary -- Total 31
DEBUG:root:Update Summary -- Active 18
DEBUG:root:Update Summary -- Progress 1
DEBUG:root:Update Summary -- Hold 3
DEBUG:root:action_toggle_status: item type (inital) <class '__main__.TaskItem'>
DEBUG:root:action_toggle_status: item.task type (inital) <class '_asyncio.Task'>
DEBUG:root:_apply_status: item type (initial) <class '__main__.TaskItem'>
DEBUG:root:_apply_status: item.model type (initial) <class 'core.task.Task'>
DEBUG:asyncio:Using selector: EpollSelector
DEBUG:root:Update Summary -- Total 31
DEBUG:root:Update Summary -- Active 18
DEBUG:root:Update Summary -- Progress 2
DEBUG:root:Update Summary -- Hold 3
DEBUG:root:action_toggle_status: item type (inital) <class '__main__.TaskItem'>
DEBUG:root:action_toggle_status: item.task type (inital) <class '_asyncio.Task'>
DEBUG:root:_apply_status: item type (initial) <class '__main__.TaskItem'>
DEBUG:root:_apply_status: item.model type (initial) <class 'core.task.Task'>
DEBUG:asyncio:Using selector: EpollSelector
DEBUG:root:Update Summary -- Total 31
DEBUG:root:Update Summary -- Active 17
DEBUG:root:Update Summary -- Progress 2
DEBUG:root:Update Summary -- Hold 4
DEBUG:asyncio:Using selector: EpollSelector
DEBUG:root:Update Summary -- Total 31
DEBUG:root:Update Summary -- Active 17
DEBUG:root:Update Summary -- Progress 2
DEBUG:root:Update Summary -- Hold 4
DEBUG:asyncio:Using selector: EpollSelector
DEBUG:asyncio:Using selector: EpollSelector
DEBUG:asyncio:Using selector: EpollSelector
DEBUG:asyncio:Using selector: EpollSelector
DEBUG:root:Update Summary -- Total 31
DEBUG:root:Update Summary -- Active 17
DEBUG:root:Update Summary -- Progress 2
DEBUG:root:Update Summary -- Hold 4
DEBUG:asyncio:Using selector: EpollSelector
DEBUG:root:Update Summary -- Total 31
DEBUG:root:Update Summary -- Active 17
DEBUG:root:Update Summary -- Progress 2
DEBUG:root:Update Summary -- Hold 4
DEBUG:root:Filter applied f a 
DEBUG:asyncio:Using selector: EpollSelector
DEBUG:root:Update Summary -- Total 31
DEBUG:root:Update Summary -- Active 17
DEBUG:root:Update Summary -- Progress 2
DEBUG:root:Update Summary -- Hold 4
DEBUG:root:Filter applied f a 
DEBUG:root:Filter applied f c 
DEBUG:root:Filter applied f h 
DEBUG:root:Filter applied f x 
DEBUG:asyncio:Using selector: EpollSelector
DEBUG:root:Update Summary -- Total 31
DEBUG:root:Update Summary -- Active 17
DEBUG:root:Update Summary -- Progress 2
DEBUG:root:Update Summary -- Hold 4
DEBUG:root:action_toggle_status: item type (inital) <class '__main__.TaskItem'>
DEBUG:root:action_toggle_status: item.task type (inital) <class '_asyncio.Task'>
DEBUG:root:_apply_status: item type (initial) <class '__main__.TaskItem'>
DEBUG:root:_apply_status: item.model type (initial) <class 'core.task.Task'>
DEBUG:root:Filter applied f h 
DEBUG:root:Filter applied f x 
DEBUG:asyncio:Using selector: EpollSelector
DEBUG:root:Update Summary -- Total 32
DEBUG:root:Update Summary -- Active 17
DEBUG:root:Update Summary -- Progress 2
DEBUG:root:Update Summary -- Hold 5
DEBUG:root:action_toggle_status: item type (inital) <class '__main__.TaskItem'>
DEBUG:root:action_toggle_status: item.task type (inital) <class '_asyncio.Task'>
DEBUG:root:_apply_status: item type (initial) <class '__main__.TaskItem'>
DEBUG:root:_apply_status: item.model type (initial) <class 'core.task.Task'>
DEBUG:root:action_toggle_status: item type (inital) <class '__main__.TaskItem'>
DEBUG:root:action_toggle_status: item.task type (inital) <class '_asyncio.Task'>
DEBUG:root:_apply_status: item type (initial) <class '__main__.TaskItem'>
DEBUG:root:_apply_status: item.model type (initial) <class 'core.task.Task'>
DEBUG:root:action_toggle_status: item type (inital) <class '__main__.TaskItem'>
DEBUG:root:action_toggle_status: item.task type (inital) <class '_asyncio.Task'>
DEBUG:root:_apply_status: item type (initial) <class '__main__.TaskItem'>
DEBUG:root:_apply_status: item.model type (initial) <class 'core.task.Task'>
DEBUG:asyncio:Using selector: EpollSelector
DEBUG:root:Update Summary -- Total 32
DEBUG:root:Update Summary -- Active 19
DEBUG:root:Update Summary -- Progress 0
DEBUG:root:Update Summary -- Hold 5
DEBUG:root:Filter applied f a 
DEBUG:root:action_toggle_status: item type (inital) <class '__main__.TaskItem'>
DEBUG:root:action_toggle_status: item.task type (inital) <class '_asyncio.Task'>
DEBUG:root:Filter applied f h 
DEBUG:root:Filter applied f h 
DEBUG:root:_apply_status: item type (initial) <class '__main__.TaskItem'>
DEBUG:root:_apply_status: item.model type (initial) <class 'core.task.Task'>
DEBUG:asyncio:Using selector: EpollSelector
DEBUG:root:Update Summary -- Total 32
DEBUG:root:Update Summary -- Active 18
DEBUG:root:Update Summary -- Progress 0
DEBUG:root:Update Summary -- Hold 6
DEBUG:root:action_toggle_status: item type (inital) <class '__main__.TaskItem'>
DEBUG:root:action_toggle_status: item.task type (inital) <class '_asyncio.Task'>
DEBUG:root:_apply_status: item type (initial) <class '__main__.TaskItem'>
DEBUG:root:_apply_status: item.model type (initial) <class 'core.task.Task'>
DEBUG:root:Update Summary -- Total 32
DEBUG:root:Update Summary -- Active 19
DEBUG:root:Update Summary -- Progress 0
DEBUG:root:Update Summary -- Hold 5
DEBUG:root:action_toggle_status: item type (inital) <class '__main__.TaskItem'>
DEBUG:root:action_toggle_status: item.task type (inital) <class '_asyncio.Task'>
DEBUG:root:_apply_status: item type (initial) <class '__main__.TaskItem'>
DEBUG:root:_apply_status: item.model type (initial) <class 'core.task.Task'>
DEBUG:root:Update Summary -- Total 32
DEBUG:root:Update Summary -- Active 18
DEBUG:root:Update Summary -- Progress 1
DEBUG:root:Update Summary -- Hold 5
DEBUG:root:action_toggle_status: item type (inital) <class '__main__.TaskItem'>
DEBUG:root:action_toggle_status: item.task type (inital) <class '_asyncio.Task'>
DEBUG:root:_apply_status: item type (initial) <class '__main__.TaskItem'>
DEBUG:root:_apply_status: item.model type (initial) <class 'core.task.Task'>
DEBUG:root:Update Summary -- Total 32
DEBUG:root:Update Summary -- Active 18
DEBUG:root:Update Summary -- Progress 0
DEBUG:root:Update Summary -- Hold 6
DEBUG:asyncio:Using selector: EpollSelector
DEBUG:root:Update Summary -- Total 32
DEBUG:root:Update Summary -- Active 18
DEBUG:root:Update Summary -- Progress 0
DEBUG:root:Update Summary -- Hold 6
DEBUG:root:Filter applied f a 
DEBUG:root:action_toggle_status: item type (inital) <class '__main__.TaskItem'>
DEBUG:root:action_toggle_status: item.task type (inital) <class '_asyncio.Task'>
DEBUG:root:_apply_status: item type (initial) <class '__main__.TaskItem'>
DEBUG:root:_apply_status: item.model type (initial) <class 'core.task.Task'>
DEBUG:root:Update Summary -- Total 32
DEBUG:root:Update Summary -- Active 17
DEBUG:root:Update Summary -- Progress 0
DEBUG:root:Update Summary -- Hold 6
DEBUG:root:Filter applied f x 
DEBUG:root:Filter applied f x 
DEBUG:root:action_toggle_status: item type (inital) <class '__main__.TaskItem'>
DEBUG:root:action_toggle_status: item.task type (inital) <class '_asyncio.Task'>
DEBUG:root:_apply_status: item type (initial) <class '__main__.TaskItem'>
DEBUG:root:_apply_status: item.model type (initial) <class 'core.task.Task'>
DEBUG:root:Update Summary -- Total 32
DEBUG:root:Update Summary -- Active 18
DEBUG:root:Update Summary -- Progress 0
DEBUG:root:Update Summary -- Hold 5
DEBUG:root:Filter applied f h 
DEBUG:root:action_toggle_status: item type (inital) <class '__main__.TaskItem'>
DEBUG:root:action_toggle_status: item.task type (inital) <class '_asyncio.Task'>
DEBUG:root:_apply_status: item type (initial) <class '__main__.TaskItem'>
DEBUG:root:_apply_status: item.model type (initial) <class 'core.task.Task'>
DEBUG:root:Update Summary -- Total 32
DEBUG:root:Update Summary -- Active 19
DEBUG:root:Update Summary -- Progress 0
DEBUG:root:Update Summary -- Hold 4
DEBUG:root:Filter applied f x 
DEBUG:asyncio:Using selector: EpollSelector
DEBUG:root:Update Summary -- Total 0
DEBUG:root:Update Summary -- Active 0
DEBUG:root:Update Summary -- Progress 0
DEBUG:root:Update Summary -- Hold 0
DEBUG:asyncio:Using selector: EpollSelector
DEBUG:root:Update Summary -- Total 1
DEBUG:root:Update Summary -- Active 1
DEBUG:root:Update Summary -- Progress 0
DEBUG:root:Update Summary -- Hold 0
DEBUG:asyncio:Using selector: EpollSelector
DEBUG:root:Update Summary -- Total 0
DEBUG:root:Update Summary -- Active 0
DEBUG:root:Update Summary -- Progress 0
DEBUG:root:Update Summary -- Hold 0
DEBUG:root:Update Summary -- Total 0
DEBUG:root:Update Summary -- Active 0
DEBUG:root:Update Summary -- Progress 0
DEBUG:root:Update Summary -- Hold 0
DEBUG:root:Update Summary -- Total 0
DEBUG:root:Update Summary -- Active 0
DEBUG:root:Update Summary -- Progress 0
DEBUG:root:Update Summary -- Hold 0
DEBUG:root:Filter applied f i 
DEBUG:root:Filter applied f c 
DEBUG:root:Filter applied f x 
DEBUG:asyncio:Using selector: EpollSelector
DEBUG:root:Update Summary -- Total 1
DEBUG:root:Update Summary -- Active 1
DEBUG:root:Update Summary -- Progress 0
DEBUG:root:Update Summary -- Hold 0
DEBUG:root:Update Summary -- Total 1
DEBUG:root:Update Summary -- Active 1
DEBUG:root:Update Summary -- Progress 0
DEBUG:root:Update Summary -- Hold 0
DEBUG:asyncio:Using selector: EpollSelector
DEBUG:root:Update Summary -- Total 0
DEBUG:root:Update Summary -- Active 0
DEBUG:root:Update Summary -- Progress 0
DEBUG:root:Update Summary -- Hold 0
DEBUG:root:Update Summary -- Total 0
DEBUG:root:Update Summary -- Active 0
DEBUG:root:Update Summary -- Progress 0
DEBUG:root:Update Summary -- Hold 0
DEBUG:asyncio:Using selector: EpollSelector
DEBUG:root:Update Summary -- Total 1
DEBUG:root:Update Summary -- Active 1
DEBUG:root:Update Summary -- Progress 0
DEBUG:root:Update Summary -- Hold 0
DEBUG:root:Update Summary -- Total 1
DEBUG:root:Update Summary -- Active 1
DEBUG:root:Update Summary -- Progress 0
DEBUG:root:Update Summary -- Hold 0
DEBUG:asyncio:Using selector: EpollSelector
DEBUG:root:Update Summary -- Total 2
DEBUG:root:Update Summary -- Active 2
DEBUG:root:Update Summary -- Progress 0
DEBUG:root:Update Summary -- Hold 0
DEBUG:asyncio:Using selector: EpollSelector
DEBUG:root:Update Summary -- Total 0
DEBUG:root:Update Summary -- Active 0
DEBUG:root:Update Summary -- Progress 0
DEBUG:root:Update Summary -- Hold 0
DEBUG:root:Update Summary -- Total 1
DEBUG:root:Update Summary -- Active 1
DEBUG:root:Update Summary -- Progress 0
DEBUG:root:Update Summary -- Hold 0
DEBUG:root:Filter applied f i 
DEBUG:root:Update Summary -- Total 2
DEBUG:root:Update Summary -- Active 2
DEBUG:root:Update Summary -- Progress 0
DEBUG:root:Update Summary -- Hold 0
DEBUG:root:Filter applied f x 
DEBUG:root:action_toggle_status: item type (inital) <class '__main__.TaskItem'>
DEBUG:root:action_toggle_status: item.task type (inital) <class '_asyncio.Task'>
DEBUG:root:Filter applied f i 
DEBUG:root:_apply_status: item type (initial) <class '__main__.TaskItem'>
DEBUG:root:_apply_status: item.model type (initial) <class 'core.task.Task'>
DEBUG:asyncio:Using selector: EpollSelector
DEBUG:root:Update Summary -- Total 2
DEBUG:root:Update Summary -- Active 1
DEBUG:root:Update Summary -- Progress 1
DEBUG:root:Update Summary -- Hold 0
DEBUG:root:Filter applied f i 
DEBUG:root:Update Summary -- Total 3
DEBUG:root:Update Summary -- Active 2
DEBUG:root:Update Summary -- Progress 1
DEBUG:root:Update Summary -- Hold 0
DEBUG:root:Filter applied f x 
DEBUG:root:Filter applied f h 
DEBUG:root:Filter applied f x 
DEBUG:root:Update Summary -- Total 4
DEBUG:root:Update Summary -- Active 3
DEBUG:root:Update Summary -- Progress 1
DEBUG:root:Update Summary -- Hold 0
DEBUG:root:Filter applied f a 
DEBUG:root:Filter applied f h 
DEBUG:root:Update Summary -- Total 5
DEBUG:root:Update Summary -- Active 4
DEBUG:root:Update Summary -- Progress 1
DEBUG:root:Update Summary -- Hold 0
DEBUG:asyncio:Using selector: EpollSelector
DEBUG:root:Update Summary -- Total 5
DEBUG:root:Update Summary -- Active 4
DEBUG:root:Update Summary -- Progress 1
DEBUG:root:Update Summary -- Hold 0
DEBUG:root:action_toggle_status: item type (inital) <class '__main__.TaskItem'>
DEBUG:root:action_toggle_status: item.task type (inital) <class '_asyncio.Task'>
DEBUG:root:_apply_status: item type (initial) <class '__main__.TaskItem'>
DEBUG:root:_apply_status: item.model type (initial) <class 'core.task.Task'>
DEBUG:root:Update Summary -- Total 5
DEBUG:root:Update Summary -- Active 5
DEBUG:root:Update Summary -- Progress 0
DEBUG:root:Update Summary -- Hold 0
DEBUG:root:action_toggle_status: item type (inital) <class '__main__.TaskItem'>
DEBUG:root:action_toggle_status: item.task type (inital) <class '_asyncio.Task'>
DEBUG:root:_apply_status: item type (initial) <class '__main__.TaskItem'>
DEBUG:root:_apply_status: item.model type (initial) <class 'core.task.Task'>
DEBUG:root:Update Summary -- Total 5
DEBUG:root:Update Summary -- Active 4
DEBUG:root:Update Summary -- Progress 1
DEBUG:root:Update Summary -- Hold 0
DEBUG:root:action_toggle_status: item type (inital) <class '__main__.TaskItem'>
DEBUG:root:action_toggle_status: item.task type (inital) <class '_asyncio.Task'>
DEBUG:root:_apply_status: item type (initial) <class '__main__.TaskItem'>
DEBUG:root:_apply_status: item.model type (initial) <class 'core.task.Task'>
DEBUG:root:Update Summary -- Total 5
DEBUG:root:Update Summary -- Active 4
DEBUG:root:Update Summary -- Progress 0
DEBUG:root:Update Summary -- Hold 1
DEBUG:root:action_toggle_status: item type (inital) <class '__main__.TaskItem'>
DEBUG:root:action_toggle_status: item.task type (inital) <class '_asyncio.Task'>
DEBUG:root:_apply_status: item type (initial) <class '__main__.TaskItem'>
DEBUG:root:_apply_status: item.model type (initial) <class 'core.task.Task'>
DEBUG:root:Update Summary -- Total 5
DEBUG:root:Update Summary -- Active 4
DEBUG:root:Update Summary -- Progress 0
DEBUG:root:Update Summary -- Hold 0
DEBUG:root:action_toggle_status: item type (inital) <class '__main__.TaskItem'>
DEBUG:root:action_toggle_status: item.task type (inital) <class '_asyncio.Task'>
DEBUG:root:_apply_status: item type (initial) <class '__main__.TaskItem'>
DEBUG:root:_apply_status: item.model type (initial) <class 'core.task.Task'>
DEBUG:root:Update Summary -- Total 5
DEBUG:root:Update Summary -- Active 4
DEBUG:root:Update Summary -- Progress 0
DEBUG:root:Update Summary -- Hold 0
DEBUG:root:action_toggle_status: item type (inital) <class '__main__.TaskItem'>
DEBUG:root:action_toggle_status: item.task type (inital) <class '_asyncio.Task'>
DEBUG:root:_apply_status: item type (initial) <class '__main__.TaskItem'>
DEBUG:root:_apply_status: item.model type (initial) <class 'core.task.Task'>
DEBUG:root:Update Summary -- Total 5
DEBUG:root:Update Summary -- Active 4
DEBUG:root:Update Summary -- Progress 1
DEBUG:root:Update Summary -- Hold 0
DEBUG:root:Filter applied f i 
DEBUG:root:action_toggle_status: item type (inital) <class '__main__.TaskItem'>
DEBUG:root:action_toggle_status: item.task type (inital) <class '_asyncio.Task'>
DEBUG:root:_apply_status: item type (initial) <class '__main__.TaskItem'>
DEBUG:root:_apply_status: item.model type (initial) <class 'core.task.Task'>
DEBUG:root:Update Summary -- Total 5
DEBUG:root:Update Summary -- Active 4
DEBUG:root:Update Summary -- Progress 0
DEBUG:root:Update Summary -- Hold 1
DEBUG:root:Filter applied f x 
DEBUG:root:action_toggle_status: item type (inital) <class '__main__.TaskItem'>
DEBUG:root:action_toggle_status: item.task type (inital) <class '_asyncio.Task'>
DEBUG:root:_apply_status: item type (initial) <class '__main__.TaskItem'>
DEBUG:root:_apply_status: item.model type (initial) <class 'core.task.Task'>
DEBUG:root:Update Summary -- Total 5
DEBUG:root:Update Summary -- Active 3
DEBUG:root:Update Summary -- Progress 0
DEBUG:root:Update Summary -- Hold 2
DEBUG:root:Filter applied f c 
DEBUG:root:Filter applied f x 
DEBUG:asyncio:Using selector: EpollSelector
DEBUG:root:Update Summary -- Total 5
DEBUG:root:Update Summary -- Active 3
DEBUG:root:Update Summary -- Progress 0
DEBUG:root:Update Summary -- Hold 2
DEBUG:asyncio:Using selector: EpollSelector
DEBUG:asyncio:Using selector: EpollSelector
DEBUG:root:Update Summary -- Total 0
DEBUG:root:Update Summary -- Active 0
DEBUG:root:Update Summary -- Progress 0
DEBUG:root:Update Summary -- Hold 0
DEBUG:asyncio:Using selector: EpollSelector
DEBUG:root:Update Summary -- Total 0
DEBUG:root:Update Summary -- Active 0
DEBUG:root:Update Summary -- Progress 0
DEBUG:root:Update Summary -- Hold 0
DEBUG:asyncio:Using selector: EpollSelector
DEBUG:root:Update Summary -- Total 0
DEBUG:root:Update Summary -- Active 0
DEBUG:root:Update Summary -- Progress 0
DEBUG:root:Update Summary -- Hold 0
DEBUG:asyncio:Using selector: EpollSelector
DEBUG:root:Update Summary -- Total 0
DEBUG:root:Update Summary -- Active 0
DEBUG:root:Update Summary -- Progress 0
DEBUG:root:Update Summary -- Hold 0
DEBUG:root:Update Summary -- Total 1
DEBUG:root:Update Summary -- Active 1
DEBUG:root:Update Summary -- Progress 0
DEBUG:root:Update Summary -- Hold 0
DEBUG:asyncio:Using selector: EpollSelector
DEBUG:root:Update Summary -- Total 0
DEBUG:root:Update Summary -- Active 0
DEBUG:root:Update Summary -- Progress 0
DEBUG:root:Update Summary -- Hold 0
DEBUG:root:Add Task event: Suit jacket for funeral | 
DEBUG:asyncio:Using selector: EpollSelector
DEBUG:root:Update Summary -- Total 0
DEBUG:root:Update Summary -- Active 0
DEBUG:root:Update Summary -- Progress 0
DEBUG:root:Update Summary -- Hold 0
DEBUG:root:Add Task event: Suit jacket | Home
DEBUG:asyncio:Using selector: EpollSelector
DEBUG:root:Update Summary -- Total 0
DEBUG:root:Update Summary -- Active 0
DEBUG:root:Update Summary -- Progress 0
DEBUG:root:Update Summary -- Hold 0
DEBUG:root:Add Task event: suit | home
DEBUG:asyncio:Using selector: EpollSelector
DEBUG:root:Update Summary -- Total 0
DEBUG:root:Update Summary -- Active 0
DEBUG:root:Update Summary -- Progress 0
DEBUG:root:Update Summary -- Hold 0
DEBUG:root:Add Task event: suit | home
DEBUG:asyncio:Using selector: EpollSelector
DEBUG:root:Update Summary -- Total 0
DEBUG:root:Update Summary -- Active 0
DEBUG:root:Update Summary -- Progress 0
DEBUG:root:Update Summary -- Hold 0
DEBUG:root:Add Task event: test | home
DEBUG:root:Update Summary -- Total 1
DEBUG:root:Update Summary -- Active 1
DEBUG:root:Update Summary -- Progress 0
DEBUG:root:Update Summary -- Hold 0
DEBUG:asyncio:Using selector: EpollSelector
DEBUG:asyncio:Using selector: EpollSelector
DEBUG:asyncio:Using selector: EpollSelector
DEBUG:asyncio:Using selector: EpollSelector
DEBUG:asyncio:Using selector: EpollSelector
DEBUG:asyncio:Using selector: EpollSelector
DEBUG:root:get_visible_tasks attr: <bound method TodoApp.get_visible_tasks of TodoApp(title='TodoApp', classes={'-dark-mode'}, pseudo_classes={'focus', 'dark'})>
DEBUG:root:get_visible_tasks() returned: None
DEBUG:root:type: <class 'NoneType'>
DEBUG:asyncio:Using selector: EpollSelector
DEBUG:root:get_visible_tasks attr: <bound method TodoApp.get_visible_tasks of TodoApp(title='TodoApp', classes={'-dark-mode'}, pseudo_classes={'dark', 'focus'})>
DEBUG:root:get_visible_tasks() returned: None
DEBUG:root:type: <class 'NoneType'>
DEBUG:asyncio:Using selector: EpollSelector
DEBUG:root:get_visible_tasks attr: <bound method TodoApp.get_visible_tasks of TodoApp(title='TodoApp', classes={'-dark-mode'}, pseudo_classes={'focus', 'dark'})>
DEBUG:root:get_visible_tasks() returned: []
DEBUG:root:type: <class 'list'>
DEBUG:root:Update Summary -- Total 0
DEBUG:root:Update Summary -- Active 0
DEBUG:root:Update Summary -- Progress 0
DEBUG:root:Update Summary -- Hold 0
DEBUG:asyncio:Using selector: EpollSelector
DEBUG:root:get_visible_tasks attr: <bound method TodoApp.get_visible_tasks of TodoApp(title='TodoApp', classes={'-dark-mode'}, pseudo_classes={'focus', 'dark'})>
DEBUG:root:get_visible_tasks() returned: []
DEBUG:root:type: <class 'list'>
DEBUG:root:Update Summary -- Total 0
DEBUG:root:Update Summary -- Active 0
DEBUG:root:Update Summary -- Progress 0
DEBUG:root:Update Summary -- Hold 0
DEBUG:root:Add Task event: Organise Suit | Home
DEBUG:root:get_visible_tasks attr: <bound method TodoApp.get_visible_tasks of TodoApp(title='TodoApp', classes={'-dark-mode'}, pseudo_classes={'focus', 'dark'})>
DEBUG:root:get_visible_tasks() returned: [<core.task.Task object at 0x7f8d734e9e80>]
DEBUG:root:type: <class 'list'>
DEBUG:root:Update Summary -- Total 1
DEBUG:root:Update Summary -- Active 1
DEBUG:root:Update Summary -- Progress 0
DEBUG:root:Update Summary -- Hold 0
DEBUG:root:Add Task event: submit bid file | Work
DEBUG:root:get_visible_tasks attr: <bound method TodoApp.get_visible_tasks of TodoApp(title='TodoApp', classes={'-dark-mode'}, pseudo_classes={'focus', 'dark'})>
DEBUG:root:get_visible_tasks() returned: [<core.task.Task object at 0x7f8d734e9e80>, <core.task.Task object at 0x7f8d71df6d50>]
DEBUG:root:type: <class 'list'>
DEBUG:root:Update Summary -- Total 2
DEBUG:root:Update Summary -- Active 2
DEBUG:root:Update Summary -- Progress 0
DEBUG:root:Update Summary -- Hold 0
DEBUG:root:get_visible_tasks attr: <bound method TodoApp.get_visible_tasks of TodoApp(title='TodoApp', classes={'-dark-mode'}, pseudo_classes={'focus', 'dark'})>
DEBUG:root:get_visible_tasks() returned: [<core.task.Task object at 0x7f8d734e9e80>, <core.task.Task object at 0x7f8d71df6d50>]
DEBUG:root:type: <class 'list'>
DEBUG:root:Add Task event: check conversion | work
DEBUG:root:get_visible_tasks attr: <bound method TodoApp.get_visible_tasks of TodoApp(title='TodoApp', classes={'-dark-mode'}, pseudo_classes={'focus', 'dark'})>
DEBUG:root:get_visible_tasks() returned: [<core.task.Task object at 0x7f8d734e9e80>, <core.task.Task object at 0x7f8d71df6d50>, <core.task.Task object at 0x7f8d71a839d0>]
DEBUG:root:type: <class 'list'>
DEBUG:root:Update Summary -- Total 3
DEBUG:root:Update Summary -- Active 3
DEBUG:root:Update Summary -- Progress 0
DEBUG:root:Update Summary -- Hold 0
DEBUG:root:Add Task event: mac grading | work
DEBUG:root:get_visible_tasks attr: <bound method TodoApp.get_visible_tasks of TodoApp(title='TodoApp', classes={'-dark-mode'}, pseudo_classes={'focus', 'dark'})>
DEBUG:root:get_visible_tasks() returned: [<core.task.Task object at 0x7f8d734e9e80>, <core.task.Task object at 0x7f8d71df6d50>, <core.task.Task object at 0x7f8d71a839d0>, <core.task.Task object at 0x7f8d722eac40>]
DEBUG:root:type: <class 'list'>
DEBUG:root:Update Summary -- Total 4
DEBUG:root:Update Summary -- Active 4
DEBUG:root:Update Summary -- Progress 0
DEBUG:root:Update Summary -- Hold 0
DEBUG:root:Add Task event: pay funeral | home
DEBUG:root:get_visible_tasks attr: <bound method TodoApp.get_visible_tasks of TodoApp(title='TodoApp', classes={'-dark-mode'}, pseudo_classes={'focus', 'dark'})>
DEBUG:root:get_visible_tasks() returned: [<core.task.Task object at 0x7f8d734e9e80>, <core.task.Task object at 0x7f8d71d46060>, <core.task.Task object at 0x7f8d71df6d50>, <core.task.Task object at 0x7f8d71a839d0>, <core.task.Task object at 0x7f8d722eac40>]
DEBUG:root:type: <class 'list'>
DEBUG:root:Update Summary -- Total 5
DEBUG:root:Update Summary -- Active 5
DEBUG:root:Update Summary -- Progress 0
DEBUG:root:Update Summary -- Hold 0
DEBUG:root:get_visible_tasks attr: <bound method TodoApp.get_visible_tasks of TodoApp(title='TodoApp', classes={'-dark-mode'}, pseudo_classes={'focus', 'dark'})>
DEBUG:root:get_visible_tasks() returned: [<core.task.Task object at 0x7f8d71df6d50>, <core.task.Task object at 0x7f8d71a839d0>, <core.task.Task object at 0x7f8d722eac40>, <core.task.Task object at 0x7f8d734e9e80>, <core.task.Task object at 0x7f8d71d46060>]
DEBUG:root:type: <class 'list'>
DEBUG:root:get_visible_tasks attr: <bound method TodoApp.get_visible_tasks of TodoApp(title='TodoApp', classes={'-dark-mode'}, pseudo_classes={'focus', 'dark'})>
DEBUG:root:get_visible_tasks() returned: [<core.task.Task object at 0x7f8d71a839d0>, <core.task.Task object at 0x7f8d722eac40>, <core.task.Task object at 0x7f8d734e9e80>, <core.task.Task object at 0x7f8d71d46060>, <core.task.Task object at 0x7f8d71df6d50>]
DEBUG:root:type: <class 'list'>
DEBUG:root:action_toggle_status: item type (inital) <class '__main__.TaskItem'>
DEBUG:root:action_toggle_status: item.task type (inital) <class '_asyncio.Task'>
DEBUG:root:_apply_status: item type (initial) <class '__main__.TaskItem'>
DEBUG:root:_apply_status: item.model type (initial) <class 'core.task.Task'>
DEBUG:root:Update Summary -- Total 5
DEBUG:root:Update Summary -- Active 4
DEBUG:root:Update Summary -- Progress 0
DEBUG:root:Update Summary -- Hold 1
DEBUG:root:get_visible_tasks attr: <bound method TodoApp.get_visible_tasks of TodoApp(title='TodoApp', classes={'-dark-mode'}, pseudo_classes={'focus', 'dark'})>
DEBUG:root:get_visible_tasks() returned: [<core.task.Task object at 0x7f8d71df6d50>, <core.task.Task object at 0x7f8d71a839d0>, <core.task.Task object at 0x7f8d722eac40>, <core.task.Task object at 0x7f8d71d46060>, <core.task.Task object at 0x7f8d734e9e80>]
DEBUG:root:type: <class 'list'>
DEBUG:root:get_visible_tasks attr: <bound method TodoApp.get_visible_tasks of TodoApp(title='TodoApp', classes={'-dark-mode'}, pseudo_classes={'focus', 'dark'})>
DEBUG:root:get_visible_tasks() returned: [<core.task.Task object at 0x7f8d71a839d0>, <core.task.Task object at 0x7f8d722eac40>, <core.task.Task object at 0x7f8d734e9e80>, <core.task.Task object at 0x7f8d71d46060>, <core.task.Task object at 0x7f8d71df6d50>]
DEBUG:root:type: <class 'list'>
DEBUG:root:Add Task event: a | work
DEBUG:root:get_visible_tasks attr: <bound method TodoApp.get_visible_tasks of TodoApp(title='TodoApp', classes={'-dark-mode'}, pseudo_classes={'focus', 'dark'})>
DEBUG:root:get_visible_tasks() returned: [<core.task.Task object at 0x7f8d72091910>, <core.task.Task object at 0x7f8d71a839d0>, <core.task.Task object at 0x7f8d722eac40>, <core.task.Task object at 0x7f8d734e9e80>, <core.task.Task object at 0x7f8d71d46060>, <core.task.Task object at 0x7f8d71df6d50>]
DEBUG:root:type: <class 'list'>
DEBUG:root:Update Summary -- Total 6
DEBUG:root:Update Summary -- Active 5
DEBUG:root:Update Summary -- Progress 0
DEBUG:root:Update Summary -- Hold 1
DEBUG:root:Add Task event: z | home
DEBUG:root:get_visible_tasks attr: <bound method TodoApp.get_visible_tasks of TodoApp(title='TodoApp', classes={'-dark-mode'}, pseudo_classes={'focus', 'dark'})>
DEBUG:root:get_visible_tasks() returned: [<core.task.Task object at 0x7f8d72091910>, <core.task.Task object at 0x7f8d71a839d0>, <core.task.Task object at 0x7f8d722eac40>, <core.task.Task object at 0x7f8d734e9e80>, <core.task.Task object at 0x7f8d71d46060>, <core.task.Task object at 0x7f8d71df6d50>, <core.task.Task object at 0x7f8d71397680>]
DEBUG:root:type: <class 'list'>
DEBUG:root:Update Summary -- Total 7
DEBUG:root:Update Summary -- Active 6
DEBUG:root:Update Summary -- Progress 0
DEBUG:root:Update Summary -- Hold 1
DEBUG:root:get_visible_tasks attr: <bound method TodoApp.get_visible_tasks of TodoApp(title='TodoApp', classes={'-dark-mode'}, pseudo_classes={'focus', 'dark'})>
DEBUG:root:get_visible_tasks() returned: [<core.task.Task object at 0x7f8d71397680>, <core.task.Task object at 0x7f8d71df6d50>, <core.task.Task object at 0x7f8d71d46060>, <core.task.Task object at 0x7f8d734e9e80>, <core.task.Task object at 0x7f8d722eac40>, <core.task.Task object at 0x7f8d71a839d0>, <core.task.Task object at 0x7f8d72091910>]
DEBUG:root:type: <class 'list'>
DEBUG:root:get_visible_tasks attr: <bound method TodoApp.get_visible_tasks of TodoApp(title='TodoApp', classes={'-dark-mode'}, pseudo_classes={'focus', 'dark'})>
DEBUG:root:get_visible_tasks() returned: [<core.task.Task object at 0x7f8d734e9e80>, <core.task.Task object at 0x7f8d71d46060>, <core.task.Task object at 0x7f8d71397680>, <core.task.Task object at 0x7f8d71df6d50>, <core.task.Task object at 0x7f8d71a839d0>, <core.task.Task object at 0x7f8d722eac40>, <core.task.Task object at 0x7f8d72091910>]
DEBUG:root:type: <class 'list'>
DEBUG:root:get_visible_tasks attr: <bound method TodoApp.get_visible_tasks of TodoApp(title='TodoApp', classes={'-dark-mode'}, pseudo_classes={'focus', 'dark'})>
DEBUG:root:get_visible_tasks() returned: [<core.task.Task object at 0x7f8d71df6d50>, <core.task.Task object at 0x7f8d71a839d0>, <core.task.Task object at 0x7f8d722eac40>, <core.task.Task object at 0x7f8d71d46060>, <core.task.Task object at 0x7f8d72091910>, <core.task.Task object at 0x7f8d71397680>, <core.task.Task object at 0x7f8d734e9e80>]
DEBUG:root:type: <class 'list'>
DEBUG:root:get_visible_tasks attr: <bound method TodoApp.get_visible_tasks of TodoApp(title='TodoApp', classes={'-dark-mode'}, pseudo_classes={'focus', 'dark'})>
DEBUG:root:get_visible_tasks() returned: [<core.task.Task object at 0x7f8d734e9e80>, <core.task.Task object at 0x7f8d71df6d50>, <core.task.Task object at 0x7f8d71a839d0>, <core.task.Task object at 0x7f8d722eac40>, <core.task.Task object at 0x7f8d71d46060>, <core.task.Task object at 0x7f8d72091910>, <core.task.Task object at 0x7f8d71397680>]
DEBUG:root:type: <class 'list'>
DEBUG:root:get_visible_tasks attr: <bound method TodoApp.get_visible_tasks of TodoApp(title='TodoApp', classes={'-dark-mode'}, pseudo_classes={'focus', 'dark'})>
DEBUG:root:get_visible_tasks() returned: [<core.task.Task object at 0x7f8d72091910>, <core.task.Task object at 0x7f8d71a839d0>, <core.task.Task object at 0x7f8d722eac40>, <core.task.Task object at 0x7f8d734e9e80>, <core.task.Task object at 0x7f8d71d46060>, <core.task.Task object at 0x7f8d71df6d50>, <core.task.Task object at 0x7f8d71397680>]
DEBUG:root:type: <class 'list'>
DEBUG:root:get_visible_tasks attr: <bound method TodoApp.get_visible_tasks of TodoApp(title='TodoApp', classes={'-dark-mode'}, pseudo_classes={'focus', 'dark'})>
DEBUG:root:get_visible_tasks() returned: [<core.task.Task object at 0x7f8d71397680>, <core.task.Task object at 0x7f8d71df6d50>, <core.task.Task object at 0x7f8d71d46060>, <core.task.Task object at 0x7f8d734e9e80>, <core.task.Task object at 0x7f8d722eac40>, <core.task.Task object at 0x7f8d71a839d0>, <core.task.Task object at 0x7f8d72091910>]
DEBUG:root:type: <class 'list'>
DEBUG:root:get_visible_tasks attr: <bound method TodoApp.get_visible_tasks of TodoApp(title='TodoApp', classes={'-dark-mode'}, pseudo_classes={'focus', 'dark'})>
DEBUG:root:get_visible_tasks() returned: [<core.task.Task object at 0x7f8d72091910>, <core.task.Task object at 0x7f8d71a839d0>, <core.task.Task object at 0x7f8d722eac40>, <core.task.Task object at 0x7f8d734e9e80>, <core.task.Task object at 0x7f8d71d46060>, <core.task.Task object at 0x7f8d71df6d50>, <core.task.Task object at 0x7f8d71397680>]
DEBUG:root:type: <class 'list'>
DEBUG:asyncio:Using selector: KqueueSelector
DEBUG:asyncio:Using selector: KqueueSelector
DEBUG:root:get_visible_tasks attr: <bound method TodoApp.get_visible_tasks of TodoApp(title='TodoApp', classes={'-dark-mode'}, pseudo_classes={'focus', 'dark'})>
DEBUG:root:get_visible_tasks() returned: []
DEBUG:root:type: <class 'list'>
DEBUG:root:Update Summary -- Total 0
DEBUG:root:Update Summary -- Active 0
DEBUG:root:Update Summary -- Progress 0
DEBUG:root:Update Summary -- Hold 0
DEBUG:asyncio:Using selector: KqueueSelector
DEBUG:root:get_visible_tasks attr: <bound method TodoApp.get_visible_tasks of TodoApp(title='TodoApp', classes={'-dark-mode'}, pseudo_classes={'dark', 'focus'})>
DEBUG:root:get_visible_tasks() returned: []
DEBUG:root:type: <class 'list'>
DEBUG:root:Update Summary -- Total 0
DEBUG:root:Update Summary -- Active 0
DEBUG:root:Update Summary -- Progress 0
DEBUG:root:Update Summary -- Hold 0
DEBUG:root:Add Task event: Final submission for Apple | Apple bid
DEBUG:root:get_visible_tasks attr: <bound method TodoApp.get_visible_tasks of TodoApp(title='TodoApp', classes={'-dark-mode'}, pseudo_classes={'dark', 'focus'})>
DEBUG:root:get_visible_tasks() returned: [<core.task.Task object at 0x102fad0d0>]
DEBUG:root:type: <class 'list'>
DEBUG:root:Update Summary -- Total 1
DEBUG:root:Update Summary -- Active 1
DEBUG:root:Update Summary -- Progress 0
DEBUG:root:Update Summary -- Hold 0
DEBUG:root:Add Task event: Global Collections - Review US Master Data ( DIM PRODUCT) | PowerBI
DEBUG:root:get_visible_tasks attr: <bound method TodoApp.get_visible_tasks of TodoApp(title='TodoApp', classes={'-dark-mode'}, pseudo_classes={'dark', 'focus'})>
DEBUG:root:get_visible_tasks() returned: [<core.task.Task object at 0x102fad0d0>, <core.task.Task object at 0x102d3d0a0>]
DEBUG:root:type: <class 'list'>
DEBUG:root:Update Summary -- Total 2
DEBUG:root:Update Summary -- Active 2
DEBUG:root:Update Summary -- Progress 0
DEBUG:root:Update Summary -- Hold 0
DEBUG:root:get_visible_tasks attr: <bound method TodoApp.get_visible_tasks of TodoApp(title='TodoApp', classes={'-dark-mode'}, pseudo_classes={'dark', 'focus'})>
DEBUG:root:get_visible_tasks() returned: [<core.task.Task object at 0x102fad0d0>, <core.task.Task object at 0x102d3d0a0>]
DEBUG:root:type: <class 'list'>
DEBUG:root:Add Task event: FX Table - JDE New Table in AP | AP
DEBUG:root:get_visible_tasks attr: <bound method TodoApp.get_visible_tasks of TodoApp(title='TodoApp', classes={'-dark-mode'}, pseudo_classes={'dark', 'focus'})>
DEBUG:root:get_visible_tasks() returned: [<core.task.Task object at 0x103238b60>, <core.task.Task object at 0x102fad0d0>, <core.task.Task object at 0x102d3d0a0>]
DEBUG:root:type: <class 'list'>
DEBUG:root:Update Summary -- Total 3
DEBUG:root:Update Summary -- Active 3
DEBUG:root:Update Summary -- Progress 0
DEBUG:root:Update Summary -- Hold 0
DEBUG:root:Add Task event: Review Bid templates and add latest devices ready for next submission | Apple Bid
DEBUG:root:get_visible_tasks attr: <bound method TodoApp.get_visible_tasks of TodoApp(title='TodoApp', classes={'-dark-mode'}, pseudo_classes={'dark', 'focus'})>
DEBUG:root:get_visible_tasks() returned: [<core.task.Task object at 0x103238b60>, <core.task.Task object at 0x102fad0d0>, <core.task.Task object at 0x10300be30>, <core.task.Task object at 0x102d3d0a0>]
DEBUG:root:type: <class 'list'>
DEBUG:root:Update Summary -- Total 4
DEBUG:root:Update Summary -- Active 4
DEBUG:root:Update Summary -- Progress 0
DEBUG:root:Update Summary -- Hold 0
DEBUG:root:get_visible_tasks attr: <bound method TodoApp.get_visible_tasks of TodoApp(title='TodoApp', classes={'-dark-mode'}, pseudo_classes={'dark', 'focus'})>
DEBUG:root:get_visible_tasks() returned: [<core.task.Task object at 0x102fad0d0>, <core.task.Task object at 0x103238b60>, <core.task.Task object at 0x102d3d0a0>, <core.task.Task object at 0x10300be30>]
DEBUG:root:type: <class 'list'>
DEBUG:asyncio:Using selector: KqueueSelector
DEBUG:asyncio:Using selector: KqueueSelector
DEBUG:asyncio:Using selector: KqueueSelector
DEBUG:root:get_visible_tasks attr: <bound method TodoApp.get_visible_tasks of TodoApp(title='TodoApp', classes={'-dark-mode'}, pseudo_classes={'dark', 'focus'})>
DEBUG:root:get_visible_tasks() returned: []
DEBUG:root:type: <class 'list'>
DEBUG:root:Update Summary -- Total 0
DEBUG:root:Update Summary -- Active 0
DEBUG:root:Update Summary -- Progress 0
DEBUG:root:Update Summary -- Hold 0
DEBUG:asyncio:Using selector: KqueueSelector
DEBUG:root:get_visible_tasks attr: <bound method TodoApp.get_visible_tasks of TodoApp(title='TodoApp', classes={'-dark-mode'}, pseudo_classes={'dark', 'focus'})>
DEBUG:root:get_visible_tasks() returned: []
DEBUG:root:type: <class 'list'>
DEBUG:root:Update Summary -- Total 0
DEBUG:root:Update Summary -- Active 0
DEBUG:root:Update Summary -- Progress 0
DEBUG:root:Update Summary -- Hold 0
DEBUG:asyncio:Using selector: KqueueSelector
DEBUG:root:get_visible_tasks attr: <bound method TodoApp.get_visible_tasks of TodoApp(title='TodoApp', classes={'-dark-mode'}, pseudo_classes={'focus', 'dark'})>
DEBUG:root:get_visible_tasks() returned: []
DEBUG:root:type: <class 'list'>
DEBUG:root:Update Summary -- Total 0
DEBUG:root:Update Summary -- Active 0
DEBUG:root:Update Summary -- Progress 0
DEBUG:root:Update Summary -- Hold 0
DEBUG:asyncio:Using selector: KqueueSelector
DEBUG:root:get_visible_tasks attr: <bound method TodoApp.get_visible_tasks of TodoApp(title='TodoApp', classes={'-dark-mode'}, pseudo_classes={'focus', 'dark'})>
DEBUG:root:get_visible_tasks() returned: []
DEBUG:root:type: <class 'list'>
DEBUG:root:Update Summary -- Total 0
DEBUG:root:Update Summary -- Active 0
DEBUG:root:Update Summary -- Progress 0
DEBUG:root:Update Summary -- Hold 0
DEBUG:asyncio:Using selector: KqueueSelector
DEBUG:root:get_visible_tasks attr: <bound method TodoApp.get_visible_tasks of TodoApp(title='TodoApp', classes={'-dark-mode'}, pseudo_classes={'dark', 'focus'})>
DEBUG:root:get_visible_tasks() returned: []
DEBUG:root:type: <class 'list'>
DEBUG:root:Update Summary -- Total 0
DEBUG:root:Update Summary -- Active 0
DEBUG:root:Update Summary -- Progress 0
DEBUG:root:Update Summary -- Hold 0
DEBUG:root:Add Task event: mdm for collections | powerbi
DEBUG:root:get_visible_tasks attr: <bound method TodoApp.get_visible_tasks of TodoApp(title='TodoApp', classes={'-dark-mode'}, pseudo_classes={'dark', 'focus'})>
DEBUG:root:get_visible_tasks() returned: [<core.task.Task object at 0x106c39f10>]
DEBUG:root:type: <class 'list'>
DEBUG:root:Update Summary -- Total 1
DEBUG:root:Update Summary -- Active 1
DEBUG:root:Update Summary -- Progress 0
DEBUG:root:Update Summary -- Hold 0
DEBUG:asyncio:Using selector: KqueueSelector
DEBUG:asyncio:Using selector: KqueueSelector
DEBUG:root:get_visible_tasks attr: <bound method TodoApp.get_visible_tasks of TodoApp(title='TodoApp', classes={'-dark-mode'}, pseudo_classes={'dark', 'focus'})>
DEBUG:root:get_visible_tasks() returned: [<core.task.Task object at 0x102abb800>]
DEBUG:root:type: <class 'list'>
DEBUG:root:Update Summary -- Total 1
DEBUG:root:Update Summary -- Active 1
DEBUG:root:Update Summary -- Progress 0
DEBUG:root:Update Summary -- Hold 0
DEBUG:asyncio:Using selector: KqueueSelector
DEBUG:root:get_visible_tasks attr: <bound method TodoApp.get_visible_tasks of TodoApp(title='TodoApp', classes={'-dark-mode'}, pseudo_classes={'focus', 'dark'})>
DEBUG:root:get_visible_tasks() returned: [<core.task.Task object at 0x102ae1a00>]
DEBUG:root:type: <class 'list'>
DEBUG:root:Update Summary -- Total 1
DEBUG:root:Update Summary -- Active 1
DEBUG:root:Update Summary -- Progress 0
DEBUG:root:Update Summary -- Hold 0
DEBUG:asyncio:Using selector: KqueueSelector
DEBUG:root:get_visible_tasks attr: <bound method TodoApp.get_visible_tasks of TodoApp(title='TodoApp', classes={'-dark-mode'}, pseudo_classes={'dark', 'focus'})>
DEBUG:root:get_visible_tasks() returned: [<core.task.Task object at 0x104135bb0>]
DEBUG:root:type: <class 'list'>
DEBUG:root:Update Summary -- Total 1
DEBUG:root:Update Summary -- Active 1
DEBUG:root:Update Summary -- Progress 0
DEBUG:root:Update Summary -- Hold 0
DEBUG:asyncio:Using selector: KqueueSelector
DEBUG:root:get_visible_tasks attr: <bound method TodoApp.get_visible_tasks of TodoApp(title='TodoApp', classes={'-dark-mode'}, pseudo_classes={'focus', 'dark'})>
DEBUG:root:get_visible_tasks() returned: [<core.task.Task object at 0x106859bb0>]
DEBUG:root:type: <class 'list'>
DEBUG:root:Update Summary -- Total 1
DEBUG:root:Update Summary -- Active 1
DEBUG:root:Update Summary -- Progress 0
DEBUG:root:Update Summary -- Hold 0
DEBUG:root:Filter applied f a 
DEBUG:root:get_visible_tasks attr: <bound method TodoApp.get_visible_tasks of TodoApp(title='TodoApp', classes={'-dark-mode'}, pseudo_classes={'focus', 'dark'})>
DEBUG:root:get_visible_tasks() returned: [<core.task.Task object at 0x106859bb0>]
DEBUG:root:type: <class 'list'>
DEBUG:asyncio:Using selector: KqueueSelector
DEBUG:root:get_visible_tasks attr: <bound method TodoApp.get_visible_tasks of TodoApp(title='TodoApp', classes={'-dark-mode'}, pseudo_classes={'focus', 'dark'})>
DEBUG:root:get_visible_tasks() returned: [<core.task.Task object at 0x108d56ba0>]
DEBUG:root:type: <class 'list'>
DEBUG:root:Update Summary -- Total 1
DEBUG:root:Update Summary -- Active 1
DEBUG:root:Update Summary -- Progress 0
DEBUG:root:Update Summary -- Hold 0
DEBUG:asyncio:Using selector: KqueueSelector
DEBUG:root:get_visible_tasks attr: <bound method TodoApp.get_visible_tasks of TodoApp(title='TodoApp', classes={'-dark-mode'}, pseudo_classes={'focus', 'dark'})>
DEBUG:root:get_visible_tasks() returned: [<core.task.Task object at 0x10213f710>]
DEBUG:root:type: <class 'list'>
DEBUG:root:Update Summary -- Total 1
DEBUG:root:Update Summary -- Active 1
DEBUG:root:Update Summary -- Progress 0
DEBUG:root:Update Summary -- Hold 0
DEBUG:asyncio:Using selector: KqueueSelector
DEBUG:root:get_visible_tasks attr: <bound method TodoApp.get_visible_tasks of TodoApp(title='TodoApp', classes={'-dark-mode'}, pseudo_classes={'focus', 'dark'})>
DEBUG:root:get_visible_tasks() returned: [<core.task.Task object at 0x107728170>]
DEBUG:root:type: <class 'list'>
DEBUG:root:Update Summary -- Total 1
DEBUG:root:Update Summary -- Active 1
DEBUG:root:Update Summary -- Progress 0
DEBUG:root:Update Summary -- Hold 0
DEBUG:asyncio:Using selector: KqueueSelector
DEBUG:root:get_visible_tasks attr: <bound method TodoApp.get_visible_tasks of TodoApp(title='TodoApp', classes={'-dark-mode'}, pseudo_classes={'dark', 'focus'})>
DEBUG:root:get_visible_tasks() returned: [<core.task.Task object at 0x104287e30>]
DEBUG:root:type: <class 'list'>
DEBUG:root:Update Summary -- Total 1
DEBUG:root:Update Summary -- Active 1
DEBUG:root:Update Summary -- Progress 0
DEBUG:root:Update Summary -- Hold 0
DEBUG:asyncio:Using selector: KqueueSelector
DEBUG:root:get_visible_tasks attr: <bound method TodoApp.get_visible_tasks of TodoApp(title='TodoApp', classes={'-dark-mode'}, pseudo_classes={'dark', 'focus'})>
DEBUG:root:get_visible_tasks() returned: [<core.task.Task object at 0x102fb39e0>]
DEBUG:root:type: <class 'list'>
DEBUG:root:Update Summary -- Total 1
DEBUG:root:Update Summary -- Active 1
DEBUG:root:Update Summary -- Progress 0
DEBUG:root:Update Summary -- Hold 0
DEBUG:asyncio:Using selector: KqueueSelector
DEBUG:root:get_visible_tasks attr: <bound method TodoApp.get_visible_tasks of TodoApp(title='TodoApp', classes={'-dark-mode'}, pseudo_classes={'focus', 'dark'})>
DEBUG:root:get_visible_tasks() returned: [<core.task.Task object at 0x106617e30>]
DEBUG:root:type: <class 'list'>
DEBUG:root:Update Summary -- Total 1
DEBUG:root:Update Summary -- Active 1
DEBUG:root:Update Summary -- Progress 0
DEBUG:root:Update Summary -- Hold 0
DEBUG:asyncio:Using selector: KqueueSelector
DEBUG:root:get_visible_tasks attr: <bound method TodoApp.get_visible_tasks of TodoApp(title='TodoApp', classes={'-dark-mode'}, pseudo_classes={'dark', 'focus'})>
DEBUG:root:get_visible_tasks() returned: [<core.task.Task object at 0x1085529f0>]
DEBUG:root:type: <class 'list'>
DEBUG:root:Update Summary -- Total 1
DEBUG:root:Update Summary -- Active 1
DEBUG:root:Update Summary -- Progress 0
DEBUG:root:Update Summary -- Hold 0
DEBUG:asyncio:Using selector: KqueueSelector
DEBUG:root:get_visible_tasks attr: <bound method TodoApp.get_visible_tasks of TodoApp(title='TodoApp', classes={'-dark-mode'}, pseudo_classes={'focus', 'dark'})>
DEBUG:root:get_visible_tasks() returned: [<core.task.Task object at 0x1046ab620>]
DEBUG:root:type: <class 'list'>
DEBUG:root:Update Summary -- Total 1
DEBUG:root:Update Summary -- Active 1
DEBUG:root:Update Summary -- Progress 0
DEBUG:root:Update Summary -- Hold 0
DEBUG:root:Filter applied f a 
DEBUG:root:get_visible_tasks attr: <bound method TodoApp.get_visible_tasks of TodoApp(title='TodoApp', classes={'-dark-mode'}, pseudo_classes={'focus', 'dark'})>
DEBUG:root:get_visible_tasks() returned: [<core.task.Task object at 0x1046ab620>]
DEBUG:root:type: <class 'list'>
DEBUG:asyncio:Using selector: KqueueSelector
DEBUG:root:get_visible_tasks attr: <bound method TodoApp.get_visible_tasks of TodoApp(title='TodoApp', classes={'-dark-mode'}, pseudo_classes={'focus', 'dark'})>
DEBUG:root:get_visible_tasks() returned: [<core.task.Task object at 0x104657ad0>]
DEBUG:root:type: <class 'list'>
DEBUG:root:Update Summary -- Total 1
DEBUG:root:Update Summary -- Active 1
DEBUG:root:Update Summary -- Progress 0
DEBUG:root:Update Summary -- Hold 0
DEBUG:asyncio:Using selector: KqueueSelector
DEBUG:root:get_visible_tasks attr: <bound method TodoApp.get_visible_tasks of TodoApp(title='TodoApp', classes={'-dark-mode'}, pseudo_classes={'focus', 'dark'})>
DEBUG:root:get_visible_tasks() returned: [<core.task.Task object at 0x106603290>]
DEBUG:root:type: <class 'list'>
DEBUG:root:Update Summary -- Total 1
DEBUG:root:Update Summary -- Active 1
DEBUG:root:Update Summary -- Progress 0
DEBUG:root:Update Summary -- Hold 0
DEBUG:root:Selected category: Powerbi
DEBUG:root:get_visible_tasks attr: <bound method TodoApp.get_visible_tasks of TodoApp(title='TodoApp', classes={'-dark-mode'}, pseudo_classes={'focus', 'dark'})>
DEBUG:asyncio:Using selector: KqueueSelector
DEBUG:root:get_visible_tasks attr: <bound method TodoApp.get_visible_tasks of TodoApp(title='TodoApp', classes={'-dark-mode'}, pseudo_classes={'dark', 'focus'})>
DEBUG:root:get_visible_tasks: filter_status=None, filter_category=None, sort_key=None, sort_reverse=False
DEBUG:root:get_visible_tasks() returned: [<core.task.Task object at 0x10792c560>]
DEBUG:root:type: <class 'list'>
DEBUG:root:Update Summary -- Total 1
DEBUG:root:Update Summary -- Active 1
DEBUG:root:Update Summary -- Progress 0
DEBUG:root:Update Summary -- Hold 0
DEBUG:root:Selected category: Powerbi
DEBUG:root:get_visible_tasks attr: <bound method TodoApp.get_visible_tasks of TodoApp(title='TodoApp', classes={'-dark-mode'}, pseudo_classes={'dark', 'focus'})>
DEBUG:root:get_visible_tasks: filter_status=None, filter_category=Powerbi, sort_key=None, sort_reverse=False
DEBUG:asyncio:Using selector: KqueueSelector
DEBUG:root:get_visible_tasks attr: <bound method TodoApp.get_visible_tasks of TodoApp(title='TodoApp', classes={'-dark-mode'}, pseudo_classes={'focus', 'dark'})>
DEBUG:root:get_visible_tasks: filter_status=None, filter_category=None, sort_key=None, sort_reverse=False
DEBUG:root:get_visible_tasks() returned: [<core.task.Task object at 0x108956600>]
DEBUG:root:type: <class 'list'>
DEBUG:root:Update Summary -- Total 1
DEBUG:root:Update Summary -- Active 1
DEBUG:root:Update Summary -- Progress 0
DEBUG:root:Update Summary -- Hold 0
DEBUG:root:Selected category: Powerbi
DEBUG:root:get_visible_tasks attr: <bound method TodoApp.get_visible_tasks of TodoApp(title='TodoApp', classes={'-dark-mode'}, pseudo_classes={'focus', 'dark'})>
DEBUG:root:get_visible_tasks: filter_status=None, filter_category=Powerbi, sort_key=None, sort_reverse=False
DEBUG:asyncio:Using selector: KqueueSelector
DEBUG:root:get_visible_tasks attr: <bound method TodoApp.get_visible_tasks of TodoApp(title='TodoApp', classes={'-dark-mode'}, pseudo_classes={'dark', 'focus'})>
DEBUG:root:get_visible_tasks: filter_status=None, filter_category=None, sort_key=None, sort_reverse=False
DEBUG:root:get_visible_tasks() returned: [<core.task.Task object at 0x102e7f740>]
DEBUG:root:type: <class 'list'>
DEBUG:root:Update Summary -- Total 1
DEBUG:root:Update Summary -- Active 1
DEBUG:root:Update Summary -- Progress 0
DEBUG:root:Update Summary -- Hold 0
DEBUG:root:Selected category: Powerbi
DEBUG:root:get_visible_tasks attr: <bound method TodoApp.get_visible_tasks of TodoApp(title='TodoApp', classes={'-dark-mode'}, pseudo_classes={'dark', 'focus'})>
DEBUG:root:get_visible_tasks: filter_status=None, filter_category=Powerbi, sort_key=None, sort_reverse=False
DEBUG:root:get_visible_tasks() returned: []
DEBUG:root:type: <class 'list'>
DEBUG:root:Filter applied f x 
DEBUG:root:get_visible_tasks attr: <bound method TodoApp.get_visible_tasks of TodoApp(title='TodoApp', classes={'-dark-mode'}, pseudo_classes={'dark', 'focus'})>
DEBUG:root:get_visible_tasks: filter_status=None, filter_category=Powerbi, sort_key=None, sort_reverse=False
DEBUG:root:get_visible_tasks() returned: []
DEBUG:root:type: <class 'list'>
DEBUG:root:Filter applied f x 
DEBUG:root:get_visible_tasks attr: <bound method TodoApp.get_visible_tasks of TodoApp(title='TodoApp', classes={'-dark-mode'}, pseudo_classes={'dark', 'focus'})>
DEBUG:root:get_visible_tasks: filter_status=None, filter_category=Powerbi, sort_key=None, sort_reverse=False
DEBUG:root:get_visible_tasks() returned: []
DEBUG:root:type: <class 'list'>
DEBUG:asyncio:Using selector: KqueueSelector
DEBUG:root:get_visible_tasks attr: <bound method TodoApp.get_visible_tasks of TodoApp(title='TodoApp', classes={'-dark-mode'}, pseudo_classes={'focus', 'dark'})>
DEBUG:root:get_visible_tasks: filter_status=None, filter_category=None, sort_key=None, sort_reverse=False
DEBUG:root:get_visible_tasks() returned: [<core.task.Task object at 0x102d55df0>]
DEBUG:root:type: <class 'list'>
DEBUG:root:Update Summary -- Total 1
DEBUG:root:Update Summary -- Active 1
DEBUG:root:Update Summary -- Progress 0
DEBUG:root:Update Summary -- Hold 0
DEBUG:root:Selected category: Powerbi
DEBUG:root:get_visible_tasks attr: <bound method TodoApp.get_visible_tasks of TodoApp(title='TodoApp', classes={'-dark-mode'}, pseudo_classes={'focus', 'dark'})>
DEBUG:root:get_visible_tasks: filter_status=None, filter_category=Powerbi, sort_key=None, sort_reverse=False
DEBUG:root:get_visible_tasks() returned: []
DEBUG:root:type: <class 'list'>
DEBUG:asyncio:Using selector: KqueueSelector
DEBUG:root:get_visible_tasks attr: <bound method TodoApp.get_visible_tasks of TodoApp(title='TodoApp', classes={'-dark-mode'}, pseudo_classes={'dark', 'focus'})>
DEBUG:root:get_visible_tasks: filter_status=None, filter_category=None, sort_key=None, sort_reverse=False
DEBUG:root:get_visible_tasks() returned: [<core.task.Task object at 0x1046cb7a0>]
DEBUG:root:type: <class 'list'>
DEBUG:root:Update Summary -- Total 1
DEBUG:root:Update Summary -- Active 1
DEBUG:root:Update Summary -- Progress 0
DEBUG:root:Update Summary -- Hold 0
DEBUG:root:Add Task event: test | test
DEBUG:root:get_visible_tasks attr: <bound method TodoApp.get_visible_tasks of TodoApp(title='TodoApp', classes={'-dark-mode'}, pseudo_classes={'dark', 'focus'})>
DEBUG:root:get_visible_tasks: filter_status=None, filter_category=None, sort_key=None, sort_reverse=False
DEBUG:root:get_visible_tasks() returned: [<core.task.Task object at 0x1046cb7a0>, <core.task.Task object at 0x104d02270>]
DEBUG:root:type: <class 'list'>
DEBUG:root:Update Summary -- Total 2
DEBUG:root:Update Summary -- Active 2
DEBUG:root:Update Summary -- Progress 0
DEBUG:root:Update Summary -- Hold 0
DEBUG:root:Selected category: Test
DEBUG:root:get_visible_tasks attr: <bound method TodoApp.get_visible_tasks of TodoApp(title='TodoApp', classes={'-dark-mode'}, pseudo_classes={'dark', 'focus'})>
DEBUG:root:get_visible_tasks: filter_status=None, filter_category=Test, sort_key=None, sort_reverse=False
DEBUG:root:get_visible_tasks() returned: []
DEBUG:root:type: <class 'list'>
DEBUG:asyncio:Using selector: KqueueSelector
DEBUG:root:get_visible_tasks attr: <bound method TodoApp.get_visible_tasks of TodoApp(title='TodoApp', classes={'-dark-mode'}, pseudo_classes={'focus', 'dark'})>
DEBUG:root:get_visible_tasks: filter_status=None, filter_category=None, sort_key=None, sort_reverse=False
DEBUG:root:get_visible_tasks() returned: [<core.task.Task object at 0x1065537d0>, <core.task.Task object at 0x106551eb0>]
DEBUG:root:type: <class 'list'>
DEBUG:root:Update Summary -- Total 2
DEBUG:root:Update Summary -- Active 2
DEBUG:root:Update Summary -- Progress 0
DEBUG:root:Update Summary -- Hold 0
DEBUG:root:Selected category: Test
DEBUG:root:get_visible_tasks attr: <bound method TodoApp.get_visible_tasks of TodoApp(title='TodoApp', classes={'-dark-mode'}, pseudo_classes={'focus', 'dark'})>
DEBUG:root:get_visible_tasks: filter_status=None, filter_category=Test, sort_key=None, sort_reverse=False
DEBUG:root:get_visible_tasks() returned: []
DEBUG:root:type: <class 'list'>
DEBUG:asyncio:Using selector: KqueueSelector
DEBUG:root:get_visible_tasks attr: <bound method TodoApp.get_visible_tasks of TodoApp(title='TodoApp', classes={'-dark-mode'}, pseudo_classes={'focus', 'dark'})>
DEBUG:root:get_visible_tasks: filter_status=None, filter_category=None, sort_key=None, sort_reverse=False
DEBUG:root:get_visible_tasks() returned: [<core.task.Task object at 0x1063e01d0>, <core.task.Task object at 0x1063e3950>]
DEBUG:root:type: <class 'list'>
DEBUG:root:Update Summary -- Total 2
DEBUG:root:Update Summary -- Active 2
DEBUG:root:Update Summary -- Progress 0
DEBUG:root:Update Summary -- Hold 0
DEBUG:root:Selected category: Powerbi
DEBUG:root:get_visible_tasks attr: <bound method TodoApp.get_visible_tasks of TodoApp(title='TodoApp', classes={'-dark-mode'}, pseudo_classes={'focus', 'dark'})>
DEBUG:root:get_visible_tasks: filter_status=None, filter_category=Powerbi, sort_key=None, sort_reverse=False
DEBUG:root:get_visible_tasks() returned: []
DEBUG:root:type: <class 'list'>
DEBUG:asyncio:Using selector: KqueueSelector
DEBUG:root:get_visible_tasks attr: <bound method TodoApp.get_visible_tasks of TodoApp(title='TodoApp', classes={'-dark-mode'}, pseudo_classes={'focus', 'dark'})>
DEBUG:root:get_visible_tasks: filter_status=None, filter_category=None, sort_key=None, sort_reverse=False
DEBUG:root:get_visible_tasks() returned: [<core.task.Task object at 0x106fb38c0>, <core.task.Task object at 0x106fb3a10>]
DEBUG:root:type: <class 'list'>
DEBUG:root:Update Summary -- Total 2
DEBUG:root:Update Summary -- Active 2
DEBUG:root:Update Summary -- Progress 0
DEBUG:root:Update Summary -- Hold 0
DEBUG:root:Selected category: powerbi
DEBUG:root:get_visible_tasks attr: <bound method TodoApp.get_visible_tasks of TodoApp(title='TodoApp', classes={'-dark-mode'}, pseudo_classes={'focus', 'dark'})>
DEBUG:root:get_visible_tasks: filter_status=None, filter_category=powerbi, sort_key=None, sort_reverse=False
DEBUG:root:get_visible_tasks() returned: [<core.task.Task object at 0x106fb38c0>]
DEBUG:root:type: <class 'list'>
DEBUG:root:Filter applied f a 
DEBUG:root:get_visible_tasks attr: <bound method TodoApp.get_visible_tasks of TodoApp(title='TodoApp', classes={'-dark-mode'}, pseudo_classes={'focus', 'dark'})>
DEBUG:root:get_visible_tasks: filter_status=Status.ACTIVE, filter_category=powerbi, sort_key=None, sort_reverse=False
DEBUG:root:get_visible_tasks() returned: [<core.task.Task object at 0x106fb38c0>]
DEBUG:root:type: <class 'list'>
DEBUG:root:Selected category: test
DEBUG:root:get_visible_tasks attr: <bound method TodoApp.get_visible_tasks of TodoApp(title='TodoApp', classes={'-dark-mode'}, pseudo_classes={'focus', 'dark'})>
DEBUG:root:get_visible_tasks: filter_status=Status.ACTIVE, filter_category=test, sort_key=None, sort_reverse=False
DEBUG:root:get_visible_tasks() returned: [<core.task.Task object at 0x106fb3a10>]
DEBUG:root:type: <class 'list'>
DEBUG:asyncio:Using selector: KqueueSelector
DEBUG:root:get_visible_tasks attr: <bound method TodoApp.get_visible_tasks of TodoApp(title='TodoApp', classes={'-dark-mode'}, pseudo_classes={'focus', 'dark'})>
DEBUG:root:get_visible_tasks: filter_status=None, filter_category=None, sort_key=None, sort_reverse=False
DEBUG:root:get_visible_tasks() returned: [<core.task.Task object at 0x1028fa390>, <core.task.Task object at 0x1028fb410>]
DEBUG:root:type: <class 'list'>
DEBUG:root:Update Summary -- Total 2
DEBUG:root:Update Summary -- Active 2
DEBUG:root:Update Summary -- Progress 0
DEBUG:root:Update Summary -- Hold 0
DEBUG:asyncio:Using selector: KqueueSelector
DEBUG:root:get_visible_tasks attr: <bound method TodoApp.get_visible_tasks of TodoApp(title='TodoApp', classes={'-dark-mode'}, pseudo_classes={'dark', 'focus'})>
DEBUG:root:get_visible_tasks: filter_status=None, filter_category=None, sort_key=None, sort_reverse=False
DEBUG:root:get_visible_tasks() returned: [<core.task.Task object at 0x102c30050>, <core.task.Task object at 0x102c32000>]
DEBUG:root:type: <class 'list'>
DEBUG:root:Update Summary -- Total 2
DEBUG:root:Update Summary -- Active 2
DEBUG:root:Update Summary -- Progress 0
DEBUG:root:Update Summary -- Hold 0
DEBUG:root:Selected category: powerbi
DEBUG:root:get_visible_tasks attr: <bound method TodoApp.get_visible_tasks of TodoApp(title='TodoApp', classes={'-dark-mode'}, pseudo_classes={'dark', 'focus'})>
DEBUG:root:get_visible_tasks: filter_status=None, filter_category=powerbi, sort_key=None, sort_reverse=False
DEBUG:root:get_visible_tasks() returned: [<core.task.Task object at 0x102c30050>]
DEBUG:root:type: <class 'list'>
DEBUG:asyncio:Using selector: KqueueSelector
DEBUG:root:get_visible_tasks attr: <bound method TodoApp.get_visible_tasks of TodoApp(title='TodoApp', classes={'-dark-mode'}, pseudo_classes={'focus', 'dark'})>
DEBUG:root:get_visible_tasks: filter_status=None, filter_category=None, sort_key=None, sort_reverse=False
DEBUG:root:get_visible_tasks() returned: [<core.task.Task object at 0x106c8a780>, <core.task.Task object at 0x106c8b860>]
DEBUG:root:type: <class 'list'>
DEBUG:root:Update Summary -- Total 2
DEBUG:root:Update Summary -- Active 2
DEBUG:root:Update Summary -- Progress 0
DEBUG:root:Update Summary -- Hold 0
DEBUG:root:Selected category: test
DEBUG:root:get_visible_tasks attr: <bound method TodoApp.get_visible_tasks of TodoApp(title='TodoApp', classes={'-dark-mode'}, pseudo_classes={'focus', 'dark'})>
DEBUG:root:get_visible_tasks: filter_status=None, filter_category=test, sort_key=None, sort_reverse=False
DEBUG:root:get_visible_tasks() returned: [<core.task.Task object at 0x106c8b860>]
DEBUG:root:type: <class 'list'>
DEBUG:root:Selected category: test
DEBUG:root:get_visible_tasks attr: <bound method TodoApp.get_visible_tasks of TodoApp(title='TodoApp', classes={'-dark-mode'}, pseudo_classes={'focus', 'dark'})>
DEBUG:root:get_visible_tasks: filter_status=None, filter_category=test, sort_key=None, sort_reverse=False
DEBUG:root:get_visible_tasks() returned: [<core.task.Task object at 0x106c8b860>]
DEBUG:root:type: <class 'list'>
DEBUG:root:Selected category: powerbi
DEBUG:root:get_visible_tasks attr: <bound method TodoApp.get_visible_tasks of TodoApp(title='TodoApp', classes={'-dark-mode'}, pseudo_classes={'focus', 'dark'})>
DEBUG:root:get_visible_tasks: filter_status=None, filter_category=powerbi, sort_key=None, sort_reverse=False
DEBUG:root:get_visible_tasks() returned: [<core.task.Task object at 0x106c8a780>]
DEBUG:root:type: <class 'list'>
DEBUG:asyncio:Using selector: KqueueSelector
DEBUG:root:get_visible_tasks attr: <bound method TodoApp.get_visible_tasks of TodoApp(title='TodoApp', classes={'-dark-mode'}, pseudo_classes={'focus', 'dark'})>
DEBUG:root:get_visible_tasks: filter_status=None, filter_category=None, sort_key=None, sort_reverse=False
DEBUG:root:get_visible_tasks() returned: [<core.task.Task object at 0x118b4f7a0>, <core.task.Task object at 0x118b4c110>]
DEBUG:root:type: <class 'list'>
DEBUG:root:Update Summary -- Total 2
DEBUG:root:Update Summary -- Active 2
DEBUG:root:Update Summary -- Progress 0
DEBUG:root:Update Summary -- Hold 0
DEBUG:root:Selected category: powerbi
DEBUG:root:get_visible_tasks attr: <bound method TodoApp.get_visible_tasks of TodoApp(title='TodoApp', classes={'-dark-mode'}, pseudo_classes={'focus', 'dark'})>
DEBUG:root:get_visible_tasks: filter_status=None, filter_category=powerbi, sort_key=None, sort_reverse=False
DEBUG:root:get_visible_tasks() returned: [<core.task.Task object at 0x118b4f7a0>]
DEBUG:root:type: <class 'list'>
DEBUG:root:Filter applied f x 
DEBUG:root:get_visible_tasks attr: <bound method TodoApp.get_visible_tasks of TodoApp(title='TodoApp', classes={'-dark-mode'}, pseudo_classes={'focus', 'dark'})>
DEBUG:root:get_visible_tasks: filter_status=None, filter_category=None, sort_key=None, sort_reverse=False
DEBUG:root:get_visible_tasks() returned: [<core.task.Task object at 0x118b4f7a0>, <core.task.Task object at 0x118b4c110>]
DEBUG:root:type: <class 'list'>
DEBUG:asyncio:Using selector: KqueueSelector
DEBUG:root:get_visible_tasks attr: <bound method TodoApp.get_visible_tasks of TodoApp(title='TodoApp', classes={'-dark-mode'}, pseudo_classes={'focus', 'dark'})>
DEBUG:root:get_visible_tasks: filter_status=None, filter_category=None, sort_key=None, sort_reverse=False
DEBUG:root:get_visible_tasks() returned: [<core.task.Task object at 0x106cff470>, <core.task.Task object at 0x106cff710>]
DEBUG:root:type: <class 'list'>
DEBUG:root:Update Summary -- Total 2
DEBUG:root:Update Summary -- Active 2
DEBUG:root:Update Summary -- Progress 0
DEBUG:root:Update Summary -- Hold 0
DEBUG:root:Selected category: powerbi
DEBUG:root:get_visible_tasks attr: <bound method TodoApp.get_visible_tasks of TodoApp(title='TodoApp', classes={'-dark-mode'}, pseudo_classes={'focus', 'dark'})>
DEBUG:root:get_visible_tasks: filter_status=None, filter_category=powerbi, sort_key=None, sort_reverse=False
DEBUG:root:get_visible_tasks() returned: [<core.task.Task object at 0x106cff470>]
DEBUG:root:type: <class 'list'>
DEBUG:root:Selected category: test
DEBUG:root:get_visible_tasks attr: <bound method TodoApp.get_visible_tasks of TodoApp(title='TodoApp', classes={'-dark-mode'}, pseudo_classes={'focus', 'dark'})>
DEBUG:root:get_visible_tasks: filter_status=None, filter_category=test, sort_key=None, sort_reverse=False
DEBUG:root:get_visible_tasks() returned: [<core.task.Task object at 0x106cff710>]
DEBUG:root:type: <class 'list'>
DEBUG:root:Filter applied f x 
DEBUG:root:get_visible_tasks attr: <bound method TodoApp.get_visible_tasks of TodoApp(title='TodoApp', classes={'-dark-mode'}, pseudo_classes={'focus', 'dark'})>
DEBUG:root:get_visible_tasks: filter_status=None, filter_category=None, sort_key=None, sort_reverse=False
DEBUG:root:get_visible_tasks() returned: [<core.task.Task object at 0x106cff470>, <core.task.Task object at 0x106cff710>]
DEBUG:root:type: <class 'list'>
DEBUG:asyncio:Using selector: KqueueSelector
DEBUG:root:get_visible_tasks attr: <bound method TodoApp.get_visible_tasks of TodoApp(title='TodoApp', classes={'-dark-mode'}, pseudo_classes={'focus', 'dark'})>
DEBUG:root:get_visible_tasks: filter_status=None, filter_category=None, sort_key=None, sort_reverse=False
DEBUG:root:get_visible_tasks() returned: [<core.task.Task object at 0x1041537d0>, <core.task.Task object at 0x104150410>]
DEBUG:root:type: <class 'list'>
DEBUG:root:Update Summary -- Total 2
DEBUG:root:Update Summary -- Active 2
DEBUG:root:Update Summary -- Progress 0
DEBUG:root:Update Summary -- Hold 0
DEBUG:asyncio:Using selector: KqueueSelector
DEBUG:root:get_visible_tasks attr: <bound method TodoApp.get_visible_tasks of TodoApp(title='TodoApp', classes={'-dark-mode'}, pseudo_classes={'dark', 'focus'})>
DEBUG:root:get_visible_tasks: filter_status=None, filter_category=None, sort_key=None, sort_reverse=False
DEBUG:root:get_visible_tasks() returned: [<core.task.Task object at 0x1026a34a0>, <core.task.Task object at 0x1026a3770>]
DEBUG:root:type: <class 'list'>
DEBUG:root:Update Summary -- Total 2
DEBUG:root:Update Summary -- Active 2
DEBUG:root:Update Summary -- Progress 0
DEBUG:root:Update Summary -- Hold 0
DEBUG:asyncio:Using selector: KqueueSelector
DEBUG:root:get_visible_tasks attr: <bound method TodoApp.get_visible_tasks of TodoApp(title='TodoApp', classes={'-dark-mode'}, pseudo_classes={'focus', 'dark'})>
DEBUG:root:get_visible_tasks: filter_status=None, filter_category=None, sort_key=None, sort_reverse=False
DEBUG:root:get_visible_tasks() returned: [<core.task.Task object at 0x1048b1ca0>, <core.task.Task object at 0x1048b1430>]
DEBUG:root:type: <class 'list'>
DEBUG:root:Update Summary -- Total 2
DEBUG:root:Update Summary -- Active 2
DEBUG:root:Update Summary -- Progress 0
DEBUG:root:Update Summary -- Hold 0
DEBUG:asyncio:Using selector: KqueueSelector
DEBUG:root:get_visible_tasks attr: <bound method TodoApp.get_visible_tasks of TodoApp(title='TodoApp', classes={'-dark-mode'}, pseudo_classes={'dark', 'focus'})>
DEBUG:root:get_visible_tasks: filter_status=None, filter_category=None, sort_key=None, sort_reverse=False
DEBUG:root:get_visible_tasks() returned: [<core.task.Task object at 0x106180920>, <core.task.Task object at 0x106182e70>]
DEBUG:root:type: <class 'list'>
DEBUG:root:Update Summary -- Total 2
DEBUG:root:Update Summary -- Active 2
DEBUG:root:Update Summary -- Progress 0
DEBUG:root:Update Summary -- Hold 0
DEBUG:asyncio:Using selector: KqueueSelector
DEBUG:root:get_visible_tasks attr: <bound method TodoApp.get_visible_tasks of TodoApp(title='TodoApp', classes={'-dark-mode'}, pseudo_classes={'dark', 'focus'})>
DEBUG:root:get_visible_tasks: filter_status=None, filter_category=None, sort_key=None, sort_reverse=False
DEBUG:root:get_visible_tasks() returned: [<core.task.Task object at 0x10231c980>, <core.task.Task object at 0x10231fce0>]
DEBUG:root:type: <class 'list'>
DEBUG:root:Update Summary -- Total 2
DEBUG:root:Update Summary -- Active 2
DEBUG:root:Update Summary -- Progress 0
DEBUG:root:Update Summary -- Hold 0
DEBUG:root:Add Task event: test | manal category
DEBUG:root:get_visible_tasks attr: <bound method TodoApp.get_visible_tasks of TodoApp(title='TodoApp', classes={'-dark-mode'}, pseudo_classes={'dark', 'focus'})>
DEBUG:root:get_visible_tasks: filter_status=None, filter_category=None, sort_key=None, sort_reverse=False
DEBUG:root:get_visible_tasks() returned: [<core.task.Task object at 0x10231c980>, <core.task.Task object at 0x10231fce0>, <core.task.Task object at 0x10291c5c0>]
DEBUG:root:type: <class 'list'>
DEBUG:root:Update Summary -- Total 3
DEBUG:root:Update Summary -- Active 3
DEBUG:root:Update Summary -- Progress 0
DEBUG:root:Update Summary -- Hold 0
DEBUG:root:Selected category: manal category
DEBUG:root:get_visible_tasks attr: <bound method TodoApp.get_visible_tasks of TodoApp(title='TodoApp', classes={'-dark-mode'}, pseudo_classes={'dark', 'focus'})>
DEBUG:root:get_visible_tasks: filter_status=None, filter_category=manal category, sort_key=None, sort_reverse=False
DEBUG:root:get_visible_tasks() returned: [<core.task.Task object at 0x10291c5c0>]
DEBUG:root:type: <class 'list'>
DEBUG:root:Filter applied f x 
DEBUG:root:get_visible_tasks attr: <bound method TodoApp.get_visible_tasks of TodoApp(title='TodoApp', classes={'-dark-mode'}, pseudo_classes={'dark', 'focus'})>
DEBUG:root:get_visible_tasks: filter_status=None, filter_category=None, sort_key=None, sort_reverse=False
DEBUG:root:get_visible_tasks() returned: [<core.task.Task object at 0x10231c980>, <core.task.Task object at 0x10231fce0>, <core.task.Task object at 0x10291c5c0>]
DEBUG:root:type: <class 'list'>
DEBUG:asyncio:Using selector: KqueueSelector
DEBUG:root:get_visible_tasks attr: <bound method TodoApp.get_visible_tasks of TodoApp(title='TodoApp', classes={'-dark-mode'}, pseudo_classes={'focus', 'dark'})>
DEBUG:root:get_visible_tasks: filter_status=None, filter_category=None, sort_key=None, sort_reverse=False
DEBUG:root:get_visible_tasks() returned: [<core.task.Task object at 0x10346fc20>, <core.task.Task object at 0x10346fd40>, <core.task.Task object at 0x10346ee70>]
DEBUG:root:type: <class 'list'>
DEBUG:root:Update Summary -- Total 3
DEBUG:root:Update Summary -- Active 3
DEBUG:root:Update Summary -- Progress 0
DEBUG:root:Update Summary -- Hold 0
DEBUG:asyncio:Using selector: KqueueSelector
DEBUG:root:get_visible_tasks attr: <bound method TodoApp.get_visible_tasks of TodoApp(title='TodoApp', classes={'-dark-mode'}, pseudo_classes={'focus', 'dark'})>
DEBUG:root:get_visible_tasks: filter_status=None, filter_category=None, sort_key=None, sort_reverse=False
DEBUG:root:get_visible_tasks() returned: [<core.task.Task object at 0x10476cbc0>, <core.task.Task object at 0x10476ef90>, <core.task.Task object at 0x10476f020>]
DEBUG:root:type: <class 'list'>
DEBUG:root:Update Summary -- Total 3
DEBUG:root:Update Summary -- Active 3
DEBUG:root:Update Summary -- Progress 0
DEBUG:root:Update Summary -- Hold 0
DEBUG:asyncio:Using selector: KqueueSelector
DEBUG:root:get_visible_tasks attr: <bound method TodoApp.get_visible_tasks of TodoApp(title='TodoApp', classes={'-dark-mode'}, pseudo_classes={'focus', 'dark'})>
DEBUG:root:get_visible_tasks: filter_status=None, filter_category=None, sort_key=None, sort_reverse=False
DEBUG:root:get_visible_tasks() returned: [<core.task.Task object at 0x104b408c0>, <core.task.Task object at 0x104b42e40>, <core.task.Task object at 0x104b42f30>]
DEBUG:root:type: <class 'list'>
DEBUG:root:Update Summary -- Total 3
DEBUG:root:Update Summary -- Active 3
DEBUG:root:Update Summary -- Progress 0
DEBUG:root:Update Summary -- Hold 0
DEBUG:asyncio:Using selector: KqueueSelector
DEBUG:root:get_visible_tasks attr: <bound method TodoApp.get_visible_tasks of TodoApp(title='TodoApp', classes={'-dark-mode'}, pseudo_classes={'dark', 'focus'})>
DEBUG:root:get_visible_tasks: filter_status=None, filter_category=None, sort_key=None, sort_reverse=False
DEBUG:root:get_visible_tasks() returned: [<core.task.Task object at 0x1024a3470>, <core.task.Task object at 0x1024a00e0>, <core.task.Task object at 0x1024a2060>]
DEBUG:root:type: <class 'list'>
DEBUG:root:Update Summary -- Total 3
DEBUG:root:Update Summary -- Active 3
DEBUG:root:Update Summary -- Progress 0
DEBUG:root:Update Summary -- Hold 0
DEBUG:asyncio:Using selector: KqueueSelector
DEBUG:root:get_visible_tasks attr: <bound method TodoApp.get_visible_tasks of TodoApp(title='TodoApp', classes={'-dark-mode'}, pseudo_classes={'focus', 'dark'})>
DEBUG:root:get_visible_tasks: filter_status=None, filter_category=None, sort_key=None, sort_reverse=False
DEBUG:root:get_visible_tasks() returned: [<core.task.Task object at 0x102fc3bf0>, <core.task.Task object at 0x102fc2e70>, <core.task.Task object at 0x102fc3860>]
DEBUG:root:type: <class 'list'>
DEBUG:root:Update Summary -- Total 3
DEBUG:root:Update Summary -- Active 3
DEBUG:root:Update Summary -- Progress 0
DEBUG:root:Update Summary -- Hold 0
DEBUG:asyncio:Using selector: KqueueSelector
DEBUG:root:get_visible_tasks attr: <bound method TodoApp.get_visible_tasks of TodoApp(title='TodoApp', classes={'-dark-mode'}, pseudo_classes={'dark', 'focus'})>
DEBUG:root:get_visible_tasks: filter_status=None, filter_category=None, sort_key=None, sort_reverse=False
DEBUG:root:get_visible_tasks() returned: [<core.task.Task object at 0x102a55f10>, <core.task.Task object at 0x102a57470>, <core.task.Task object at 0x102a552e0>]
DEBUG:root:type: <class 'list'>
DEBUG:root:Update Summary -- Total 3
DEBUG:root:Update Summary -- Active 3
DEBUG:root:Update Summary -- Progress 0
DEBUG:root:Update Summary -- Hold 0
DEBUG:asyncio:Using selector: KqueueSelector
DEBUG:root:get_visible_tasks attr: <bound method TodoApp.get_visible_tasks of TodoApp(title='TodoApp', classes={'-dark-mode'}, pseudo_classes={'dark', 'focus'})>
DEBUG:root:get_visible_tasks: filter_status=None, filter_category=None, sort_key=None, sort_reverse=False
DEBUG:root:get_visible_tasks() returned: [<core.task.Task object at 0x106fbe3f0>, <core.task.Task object at 0x106d24bc0>, <core.task.Task object at 0x106fbe1b0>]
DEBUG:root:type: <class 'list'>
DEBUG:root:Update Summary -- Total 3
DEBUG:root:Update Summary -- Active 3
DEBUG:root:Update Summary -- Progress 0
DEBUG:root:Update Summary -- Hold 0
DEBUG:asyncio:Using selector: KqueueSelector
DEBUG:root:get_visible_tasks attr: <bound method TodoApp.get_visible_tasks of TodoApp(title='TodoApp', classes={'-dark-mode'}, pseudo_classes={'focus', 'dark'})>
DEBUG:root:get_visible_tasks: filter_status=None, filter_category=None, sort_key=None, sort_reverse=False
DEBUG:root:get_visible_tasks() returned: [<core.task.Task object at 0x10735d430>, <core.task.Task object at 0x10735d3a0>, <core.task.Task object at 0x10735dfd0>]
DEBUG:root:type: <class 'list'>
DEBUG:root:Update Summary -- Total 3
DEBUG:root:Update Summary -- Active 3
DEBUG:root:Update Summary -- Progress 0
DEBUG:root:Update Summary -- Hold 0
DEBUG:asyncio:Using selector: KqueueSelector
DEBUG:root:get_visible_tasks attr: <bound method TodoApp.get_visible_tasks of TodoApp(title='TodoApp', classes={'-dark-mode'}, pseudo_classes={'dark', 'focus'})>
DEBUG:root:get_visible_tasks: filter_status=None, filter_category=None, sort_key=None, sort_reverse=False
DEBUG:root:get_visible_tasks() returned: [<core.task.Task object at 0x105a543b0>, <core.task.Task object at 0x105a578c0>, <core.task.Task object at 0x105a562a0>]
DEBUG:root:type: <class 'list'>
DEBUG:root:Update Summary -- Total 3
DEBUG:root:Update Summary -- Active 3
DEBUG:root:Update Summary -- Progress 0
DEBUG:root:Update Summary -- Hold 0
DEBUG:root:Add Task event: test 3 | new query
DEBUG:root:get_visible_tasks attr: <bound method TodoApp.get_visible_tasks of TodoApp(title='TodoApp', classes={'-dark-mode'}, pseudo_classes={'dark', 'focus'})>
DEBUG:root:get_visible_tasks: filter_status=None, filter_category=None, sort_key=None, sort_reverse=False
DEBUG:root:get_visible_tasks() returned: [<core.task.Task object at 0x105a543b0>, <core.task.Task object at 0x105a578c0>, <core.task.Task object at 0x105a562a0>, <core.task.Task object at 0x105f87d70>]
DEBUG:root:type: <class 'list'>
DEBUG:root:Update Summary -- Total 4
DEBUG:root:Update Summary -- Active 4
DEBUG:root:Update Summary -- Progress 0
DEBUG:root:Update Summary -- Hold 0
DEBUG:root:Filter applied f a 
DEBUG:root:get_visible_tasks attr: <bound method TodoApp.get_visible_tasks of TodoApp(title='TodoApp', classes={'-dark-mode'}, pseudo_classes={'dark', 'focus'})>
DEBUG:root:get_visible_tasks: filter_status=Status.ACTIVE, filter_category=None, sort_key=None, sort_reverse=False
DEBUG:root:get_visible_tasks() returned: [<core.task.Task object at 0x105a543b0>, <core.task.Task object at 0x105a578c0>, <core.task.Task object at 0x105a562a0>, <core.task.Task object at 0x105f87d70>]
DEBUG:root:type: <class 'list'>
DEBUG:root:Selected category: manal category
DEBUG:root:get_visible_tasks attr: <bound method TodoApp.get_visible_tasks of TodoApp(title='TodoApp', classes={'-dark-mode'}, pseudo_classes={'dark', 'focus'})>
DEBUG:root:get_visible_tasks: filter_status=Status.ACTIVE, filter_category=manal category, sort_key=None, sort_reverse=False
DEBUG:root:get_visible_tasks() returned: [<core.task.Task object at 0x105a562a0>]
DEBUG:root:type: <class 'list'>
DEBUG:asyncio:Using selector: KqueueSelector
DEBUG:root:get_visible_tasks attr: <bound method TodoApp.get_visible_tasks of TodoApp(title='TodoApp', classes={'-dark-mode'}, pseudo_classes={'dark', 'focus'})>
DEBUG:root:get_visible_tasks: filter_status=None, filter_category=None, sort_key=None, sort_reverse=False
DEBUG:root:get_visible_tasks() returned: [<core.task.Task object at 0x104e81d30>, <core.task.Task object at 0x104db5220>, <core.task.Task object at 0x105315e50>, <core.task.Task object at 0x105315ee0>]
DEBUG:root:type: <class 'list'>
DEBUG:root:Update Summary -- Total 4
DEBUG:root:Update Summary -- Active 4
DEBUG:root:Update Summary -- Progress 0
DEBUG:root:Update Summary -- Hold 0
DEBUG:root:Filter applied f c 
DEBUG:root:get_visible_tasks attr: <bound method TodoApp.get_visible_tasks of TodoApp(title='TodoApp', classes={'-dark-mode'}, pseudo_classes={'dark', 'focus'})>
DEBUG:root:get_visible_tasks: filter_status=Status.CANCELLED, filter_category=None, sort_key=None, sort_reverse=False
DEBUG:root:get_visible_tasks() returned: []
DEBUG:root:type: <class 'list'>
DEBUG:root:Filter applied f a 
DEBUG:root:get_visible_tasks attr: <bound method TodoApp.get_visible_tasks of TodoApp(title='TodoApp', classes={'-dark-mode'}, pseudo_classes={'dark', 'focus'})>
DEBUG:root:get_visible_tasks: filter_status=Status.ACTIVE, filter_category=None, sort_key=None, sort_reverse=False
DEBUG:root:get_visible_tasks() returned: [<core.task.Task object at 0x104e81d30>, <core.task.Task object at 0x104db5220>, <core.task.Task object at 0x105315e50>, <core.task.Task object at 0x105315ee0>]
DEBUG:root:type: <class 'list'>
DEBUG:root:Filter applied f i 
DEBUG:root:get_visible_tasks attr: <bound method TodoApp.get_visible_tasks of TodoApp(title='TodoApp', classes={'-dark-mode'}, pseudo_classes={'dark', 'focus'})>
DEBUG:root:get_visible_tasks: filter_status=Status.IN_PROGRESS, filter_category=None, sort_key=None, sort_reverse=False
DEBUG:root:get_visible_tasks() returned: []
DEBUG:root:type: <class 'list'>
DEBUG:root:Filter applied f a 
DEBUG:root:get_visible_tasks attr: <bound method TodoApp.get_visible_tasks of TodoApp(title='TodoApp', classes={'-dark-mode'}, pseudo_classes={'dark', 'focus'})>
DEBUG:root:get_visible_tasks: filter_status=Status.ACTIVE, filter_category=None, sort_key=None, sort_reverse=False
DEBUG:root:get_visible_tasks() returned: [<core.task.Task object at 0x104e81d30>, <core.task.Task object at 0x104db5220>, <core.task.Task object at 0x105315e50>, <core.task.Task object at 0x105315ee0>]
DEBUG:root:type: <class 'list'>
DEBUG:root:Filter applied f i 
DEBUG:root:get_visible_tasks attr: <bound method TodoApp.get_visible_tasks of TodoApp(title='TodoApp', classes={'-dark-mode'}, pseudo_classes={'dark', 'focus'})>
DEBUG:root:get_visible_tasks: filter_status=Status.IN_PROGRESS, filter_category=None, sort_key=None, sort_reverse=False
DEBUG:root:get_visible_tasks() returned: []
DEBUG:root:type: <class 'list'>
DEBUG:root:Filter applied f c 
DEBUG:root:get_visible_tasks attr: <bound method TodoApp.get_visible_tasks of TodoApp(title='TodoApp', classes={'-dark-mode'}, pseudo_classes={'dark', 'focus'})>
DEBUG:root:get_visible_tasks: filter_status=Status.CANCELLED, filter_category=None, sort_key=None, sort_reverse=False
DEBUG:root:get_visible_tasks() returned: []
DEBUG:root:type: <class 'list'>
DEBUG:root:Filter applied f c 
DEBUG:root:get_visible_tasks attr: <bound method TodoApp.get_visible_tasks of TodoApp(title='TodoApp', classes={'-dark-mode'}, pseudo_classes={'dark', 'focus'})>
DEBUG:root:get_visible_tasks: filter_status=Status.CANCELLED, filter_category=None, sort_key=None, sort_reverse=False
DEBUG:root:get_visible_tasks() returned: []
DEBUG:root:type: <class 'list'>
DEBUG:root:Filter applied f i 
DEBUG:root:get_visible_tasks attr: <bound method TodoApp.get_visible_tasks of TodoApp(title='TodoApp', classes={'-dark-mode'}, pseudo_classes={'dark', 'focus'})>
DEBUG:root:get_visible_tasks: filter_status=Status.IN_PROGRESS, filter_category=None, sort_key=None, sort_reverse=False
DEBUG:root:get_visible_tasks() returned: []
DEBUG:root:type: <class 'list'>
DEBUG:root:Filter applied f i 
DEBUG:root:get_visible_tasks attr: <bound method TodoApp.get_visible_tasks of TodoApp(title='TodoApp', classes={'-dark-mode'}, pseudo_classes={'dark', 'focus'})>
DEBUG:root:get_visible_tasks: filter_status=Status.IN_PROGRESS, filter_category=None, sort_key=None, sort_reverse=False
DEBUG:root:get_visible_tasks() returned: []
DEBUG:root:type: <class 'list'>
DEBUG:root:Filter applied f i 
DEBUG:root:get_visible_tasks attr: <bound method TodoApp.get_visible_tasks of TodoApp(title='TodoApp', classes={'-dark-mode'}, pseudo_classes={'dark', 'focus'})>
DEBUG:root:get_visible_tasks: filter_status=Status.IN_PROGRESS, filter_category=None, sort_key=None, sort_reverse=False
DEBUG:root:get_visible_tasks() returned: []
DEBUG:root:type: <class 'list'>
DEBUG:root:Filter applied f i 
DEBUG:root:get_visible_tasks attr: <bound method TodoApp.get_visible_tasks of TodoApp(title='TodoApp', classes={'-dark-mode'}, pseudo_classes={'dark', 'focus'})>
DEBUG:root:get_visible_tasks: filter_status=Status.IN_PROGRESS, filter_category=None, sort_key=None, sort_reverse=False
DEBUG:root:get_visible_tasks() returned: []
DEBUG:root:type: <class 'list'>
DEBUG:root:Filter applied f i 
DEBUG:root:get_visible_tasks attr: <bound method TodoApp.get_visible_tasks of TodoApp(title='TodoApp', classes={'-dark-mode'}, pseudo_classes={'dark', 'focus'})>
DEBUG:root:get_visible_tasks: filter_status=Status.IN_PROGRESS, filter_category=None, sort_key=None, sort_reverse=False
DEBUG:root:get_visible_tasks() returned: []
DEBUG:root:type: <class 'list'>
DEBUG:root:Filter applied f i 
DEBUG:root:get_visible_tasks attr: <bound method TodoApp.get_visible_tasks of TodoApp(title='TodoApp', classes={'-dark-mode'}, pseudo_classes={'dark', 'focus'})>
DEBUG:root:get_visible_tasks: filter_status=Status.IN_PROGRESS, filter_category=None, sort_key=None, sort_reverse=False
DEBUG:root:get_visible_tasks() returned: []
DEBUG:root:type: <class 'list'>
DEBUG:root:Filter applied f c 
DEBUG:root:get_visible_tasks attr: <bound method TodoApp.get_visible_tasks of TodoApp(title='TodoApp', classes={'-dark-mode'}, pseudo_classes={'dark', 'focus'})>
DEBUG:root:get_visible_tasks: filter_status=Status.CANCELLED, filter_category=None, sort_key=None, sort_reverse=False
DEBUG:root:get_visible_tasks() returned: []
DEBUG:root:type: <class 'list'>
DEBUG:root:Filter applied f i 
DEBUG:root:get_visible_tasks attr: <bound method TodoApp.get_visible_tasks of TodoApp(title='TodoApp', classes={'-dark-mode'}, pseudo_classes={'dark', 'focus'})>
DEBUG:root:get_visible_tasks: filter_status=Status.IN_PROGRESS, filter_category=None, sort_key=None, sort_reverse=False
DEBUG:root:get_visible_tasks() returned: []
DEBUG:root:type: <class 'list'>
DEBUG:root:Filter applied f i 
DEBUG:root:get_visible_tasks attr: <bound method TodoApp.get_visible_tasks of TodoApp(title='TodoApp', classes={'-dark-mode'}, pseudo_classes={'dark', 'focus'})>
DEBUG:root:get_visible_tasks: filter_status=Status.IN_PROGRESS, filter_category=None, sort_key=None, sort_reverse=False
DEBUG:root:get_visible_tasks() returned: []
DEBUG:root:type: <class 'list'>
DEBUG:root:Filter applied f i 
DEBUG:root:get_visible_tasks attr: <bound method TodoApp.get_visible_tasks of TodoApp(title='TodoApp', classes={'-dark-mode'}, pseudo_classes={'dark', 'focus'})>
DEBUG:root:get_visible_tasks: filter_status=Status.IN_PROGRESS, filter_category=None, sort_key=None, sort_reverse=False
DEBUG:root:get_visible_tasks() returned: []
DEBUG:root:type: <class 'list'>
DEBUG:root:Filter applied f i 
DEBUG:root:get_visible_tasks attr: <bound method TodoApp.get_visible_tasks of TodoApp(title='TodoApp', classes={'-dark-mode'}, pseudo_classes={'dark', 'focus'})>
DEBUG:root:get_visible_tasks: filter_status=Status.IN_PROGRESS, filter_category=None, sort_key=None, sort_reverse=False
DEBUG:root:get_visible_tasks() returned: []
DEBUG:root:type: <class 'list'>
DEBUG:root:Filter applied f i 
DEBUG:root:get_visible_tasks attr: <bound method TodoApp.get_visible_tasks of TodoApp(title='TodoApp', classes={'-dark-mode'}, pseudo_classes={'dark', 'focus'})>
DEBUG:root:get_visible_tasks: filter_status=Status.IN_PROGRESS, filter_category=None, sort_key=None, sort_reverse=False
DEBUG:root:get_visible_tasks() returned: []
DEBUG:root:type: <class 'list'>
DEBUG:root:Filter applied f i 
DEBUG:root:get_visible_tasks attr: <bound method TodoApp.get_visible_tasks of TodoApp(title='TodoApp', classes={'-dark-mode'}, pseudo_classes={'dark', 'focus'})>
DEBUG:root:get_visible_tasks: filter_status=Status.IN_PROGRESS, filter_category=None, sort_key=None, sort_reverse=False
DEBUG:root:get_visible_tasks() returned: []
DEBUG:root:type: <class 'list'>
DEBUG:root:Filter applied f i 
DEBUG:root:get_visible_tasks attr: <bound method TodoApp.get_visible_tasks of TodoApp(title='TodoApp', classes={'-dark-mode'}, pseudo_classes={'dark', 'focus'})>
DEBUG:root:get_visible_tasks: filter_status=Status.IN_PROGRESS, filter_category=None, sort_key=None, sort_reverse=False
DEBUG:root:get_visible_tasks() returned: []
DEBUG:root:type: <class 'list'>
DEBUG:root:Filter applied f a 
DEBUG:root:get_visible_tasks attr: <bound method TodoApp.get_visible_tasks of TodoApp(title='TodoApp', classes={'-dark-mode'}, pseudo_classes={'dark', 'focus'})>
DEBUG:root:get_visible_tasks: filter_status=Status.ACTIVE, filter_category=None, sort_key=None, sort_reverse=False
DEBUG:root:get_visible_tasks() returned: [<core.task.Task object at 0x104e81d30>, <core.task.Task object at 0x104db5220>, <core.task.Task object at 0x105315e50>, <core.task.Task object at 0x105315ee0>]
DEBUG:root:type: <class 'list'>
DEBUG:root:Filter applied f i 
DEBUG:root:get_visible_tasks attr: <bound method TodoApp.get_visible_tasks of TodoApp(title='TodoApp', classes={'-dark-mode'}, pseudo_classes={'dark', 'focus'})>
DEBUG:root:get_visible_tasks: filter_status=Status.IN_PROGRESS, filter_category=None, sort_key=None, sort_reverse=False
DEBUG:root:get_visible_tasks() returned: []
DEBUG:root:type: <class 'list'>
DEBUG:root:Filter applied f c 
DEBUG:root:get_visible_tasks attr: <bound method TodoApp.get_visible_tasks of TodoApp(title='TodoApp', classes={'-dark-mode'}, pseudo_classes={'dark', 'focus'})>
DEBUG:root:get_visible_tasks: filter_status=Status.CANCELLED, filter_category=None, sort_key=None, sort_reverse=False
DEBUG:root:get_visible_tasks() returned: []
DEBUG:root:type: <class 'list'>
DEBUG:root:Filter applied f i 
DEBUG:root:get_visible_tasks attr: <bound method TodoApp.get_visible_tasks of TodoApp(title='TodoApp', classes={'-dark-mode'}, pseudo_classes={'dark', 'focus'})>
DEBUG:root:get_visible_tasks: filter_status=Status.IN_PROGRESS, filter_category=None, sort_key=None, sort_reverse=False
DEBUG:root:get_visible_tasks() returned: []
DEBUG:root:type: <class 'list'>
DEBUG:root:Filter applied f i 
DEBUG:root:get_visible_tasks attr: <bound method TodoApp.get_visible_tasks of TodoApp(title='TodoApp', classes={'-dark-mode'}, pseudo_classes={'dark', 'focus'})>
DEBUG:root:get_visible_tasks: filter_status=Status.IN_PROGRESS, filter_category=None, sort_key=None, sort_reverse=False
DEBUG:root:get_visible_tasks() returned: []
DEBUG:root:type: <class 'list'>
DEBUG:root:Filter applied f i 
DEBUG:root:get_visible_tasks attr: <bound method TodoApp.get_visible_tasks of TodoApp(title='TodoApp', classes={'-dark-mode'}, pseudo_classes={'dark', 'focus'})>
DEBUG:root:get_visible_tasks: filter_status=Status.IN_PROGRESS, filter_category=None, sort_key=None, sort_reverse=False
DEBUG:root:get_visible_tasks() returned: []
DEBUG:root:type: <class 'list'>
DEBUG:root:Filter applied f a 
DEBUG:root:get_visible_tasks attr: <bound method TodoApp.get_visible_tasks of TodoApp(title='TodoApp', classes={'-dark-mode'}, pseudo_classes={'dark', 'focus'})>
DEBUG:root:get_visible_tasks: filter_status=Status.ACTIVE, filter_category=None, sort_key=None, sort_reverse=False
DEBUG:root:get_visible_tasks() returned: [<core.task.Task object at 0x104e81d30>, <core.task.Task object at 0x104db5220>, <core.task.Task object at 0x105315e50>, <core.task.Task object at 0x105315ee0>]
DEBUG:root:type: <class 'list'>
DEBUG:root:Filter applied f a 
DEBUG:root:get_visible_tasks attr: <bound method TodoApp.get_visible_tasks of TodoApp(title='TodoApp', classes={'-dark-mode'}, pseudo_classes={'dark', 'focus'})>
DEBUG:root:get_visible_tasks: filter_status=Status.ACTIVE, filter_category=None, sort_key=None, sort_reverse=False
DEBUG:root:get_visible_tasks() returned: [<core.task.Task object at 0x104e81d30>, <core.task.Task object at 0x104db5220>, <core.task.Task object at 0x105315e50>, <core.task.Task object at 0x105315ee0>]
DEBUG:root:type: <class 'list'>
DEBUG:root:Filter applied f i 
DEBUG:root:get_visible_tasks attr: <bound method TodoApp.get_visible_tasks of TodoApp(title='TodoApp', classes={'-dark-mode'}, pseudo_classes={'dark', 'focus'})>
DEBUG:root:get_visible_tasks: filter_status=Status.IN_PROGRESS, filter_category=None, sort_key=None, sort_reverse=False
DEBUG:root:get_visible_tasks() returned: []
DEBUG:root:type: <class 'list'>
DEBUG:root:Filter applied f c 
DEBUG:root:get_visible_tasks attr: <bound method TodoApp.get_visible_tasks of TodoApp(title='TodoApp', classes={'-dark-mode'}, pseudo_classes={'dark', 'focus'})>
DEBUG:root:get_visible_tasks: filter_status=Status.CANCELLED, filter_category=None, sort_key=None, sort_reverse=False
DEBUG:root:get_visible_tasks() returned: []
DEBUG:root:type: <class 'list'>
DEBUG:root:Filter applied f i 
DEBUG:root:get_visible_tasks attr: <bound method TodoApp.get_visible_tasks of TodoApp(title='TodoApp', classes={'-dark-mode'}, pseudo_classes={'dark', 'focus'})>
DEBUG:root:get_visible_tasks: filter_status=Status.IN_PROGRESS, filter_category=None, sort_key=None, sort_reverse=False
DEBUG:root:get_visible_tasks() returned: []
DEBUG:root:type: <class 'list'>
DEBUG:root:Filter applied f c 
DEBUG:root:get_visible_tasks attr: <bound method TodoApp.get_visible_tasks of TodoApp(title='TodoApp', classes={'-dark-mode'}, pseudo_classes={'dark', 'focus'})>
DEBUG:root:get_visible_tasks: filter_status=Status.CANCELLED, filter_category=None, sort_key=None, sort_reverse=False
DEBUG:root:get_visible_tasks() returned: []
DEBUG:root:type: <class 'list'>
DEBUG:root:Filter applied f i 
DEBUG:root:get_visible_tasks attr: <bound method TodoApp.get_visible_tasks of TodoApp(title='TodoApp', classes={'-dark-mode'}, pseudo_classes={'dark', 'focus'})>
DEBUG:root:get_visible_tasks: filter_status=Status.IN_PROGRESS, filter_category=None, sort_key=None, sort_reverse=False
DEBUG:root:get_visible_tasks() returned: []
DEBUG:root:type: <class 'list'>
DEBUG:root:Filter applied f i 
DEBUG:root:get_visible_tasks attr: <bound method TodoApp.get_visible_tasks of TodoApp(title='TodoApp', classes={'-dark-mode'}, pseudo_classes={'dark', 'focus'})>
DEBUG:root:get_visible_tasks: filter_status=Status.IN_PROGRESS, filter_category=None, sort_key=None, sort_reverse=False
DEBUG:root:get_visible_tasks() returned: []
DEBUG:root:type: <class 'list'>
DEBUG:root:Filter applied f i 
DEBUG:root:get_visible_tasks attr: <bound method TodoApp.get_visible_tasks of TodoApp(title='TodoApp', classes={'-dark-mode'}, pseudo_classes={'dark', 'focus'})>
DEBUG:root:get_visible_tasks: filter_status=Status.IN_PROGRESS, filter_category=None, sort_key=None, sort_reverse=False
DEBUG:root:get_visible_tasks() returned: []
DEBUG:root:type: <class 'list'>
DEBUG:root:Filter applied f i 
DEBUG:root:get_visible_tasks attr: <bound method TodoApp.get_visible_tasks of TodoApp(title='TodoApp', classes={'-dark-mode'}, pseudo_classes={'dark', 'focus'})>
DEBUG:root:get_visible_tasks: filter_status=Status.IN_PROGRESS, filter_category=None, sort_key=None, sort_reverse=False
DEBUG:root:get_visible_tasks() returned: []
DEBUG:root:type: <class 'list'>
DEBUG:root:Filter applied f i 
DEBUG:root:get_visible_tasks attr: <bound method TodoApp.get_visible_tasks of TodoApp(title='TodoApp', classes={'-dark-mode'}, pseudo_classes={'dark', 'focus'})>
DEBUG:root:get_visible_tasks: filter_status=Status.IN_PROGRESS, filter_category=None, sort_key=None, sort_reverse=False
DEBUG:root:get_visible_tasks() returned: []
DEBUG:root:type: <class 'list'>
DEBUG:root:Filter applied f i 
DEBUG:root:get_visible_tasks attr: <bound method TodoApp.get_visible_tasks of TodoApp(title='TodoApp', classes={'-dark-mode'}, pseudo_classes={'dark', 'focus'})>
DEBUG:root:get_visible_tasks: filter_status=Status.IN_PROGRESS, filter_category=None, sort_key=None, sort_reverse=False
DEBUG:root:get_visible_tasks() returned: []
DEBUG:root:type: <class 'list'>
DEBUG:root:Filter applied f a 
DEBUG:root:get_visible_tasks attr: <bound method TodoApp.get_visible_tasks of TodoApp(title='TodoApp', classes={'-dark-mode'}, pseudo_classes={'dark', 'focus'})>
DEBUG:root:get_visible_tasks: filter_status=Status.ACTIVE, filter_category=None, sort_key=None, sort_reverse=False
DEBUG:root:get_visible_tasks() returned: [<core.task.Task object at 0x104e81d30>, <core.task.Task object at 0x104db5220>, <core.task.Task object at 0x105315e50>, <core.task.Task object at 0x105315ee0>]
DEBUG:root:type: <class 'list'>
DEBUG:root:Filter applied f i 
DEBUG:root:get_visible_tasks attr: <bound method TodoApp.get_visible_tasks of TodoApp(title='TodoApp', classes={'-dark-mode'}, pseudo_classes={'dark', 'focus'})>
DEBUG:root:get_visible_tasks: filter_status=Status.IN_PROGRESS, filter_category=None, sort_key=None, sort_reverse=False
DEBUG:root:get_visible_tasks() returned: []
DEBUG:root:type: <class 'list'>
DEBUG:root:Filter applied f i 
DEBUG:root:get_visible_tasks attr: <bound method TodoApp.get_visible_tasks of TodoApp(title='TodoApp', classes={'-dark-mode'}, pseudo_classes={'dark', 'focus'})>
DEBUG:root:get_visible_tasks: filter_status=Status.IN_PROGRESS, filter_category=None, sort_key=None, sort_reverse=False
DEBUG:root:get_visible_tasks() returned: []
DEBUG:root:type: <class 'list'>
DEBUG:root:Filter applied f i 
DEBUG:root:get_visible_tasks attr: <bound method TodoApp.get_visible_tasks of TodoApp(title='TodoApp', classes={'-dark-mode'}, pseudo_classes={'dark', 'focus'})>
DEBUG:root:get_visible_tasks: filter_status=Status.IN_PROGRESS, filter_category=None, sort_key=None, sort_reverse=False
DEBUG:root:get_visible_tasks() returned: []
DEBUG:root:type: <class 'list'>
DEBUG:root:Filter applied f i 
DEBUG:root:get_visible_tasks attr: <bound method TodoApp.get_visible_tasks of TodoApp(title='TodoApp', classes={'-dark-mode'}, pseudo_classes={'dark', 'focus'})>
DEBUG:root:get_visible_tasks: filter_status=Status.IN_PROGRESS, filter_category=None, sort_key=None, sort_reverse=False
DEBUG:root:get_visible_tasks() returned: []
DEBUG:root:type: <class 'list'>
DEBUG:root:Filter applied f i 
DEBUG:root:get_visible_tasks attr: <bound method TodoApp.get_visible_tasks of TodoApp(title='TodoApp', classes={'-dark-mode'}, pseudo_classes={'dark', 'focus'})>
DEBUG:root:get_visible_tasks: filter_status=Status.IN_PROGRESS, filter_category=None, sort_key=None, sort_reverse=False
DEBUG:root:get_visible_tasks() returned: []
DEBUG:root:type: <class 'list'>
DEBUG:root:Filter applied f i 
DEBUG:root:get_visible_tasks attr: <bound method TodoApp.get_visible_tasks of TodoApp(title='TodoApp', classes={'-dark-mode'}, pseudo_classes={'dark', 'focus'})>
DEBUG:root:get_visible_tasks: filter_status=Status.IN_PROGRESS, filter_category=None, sort_key=None, sort_reverse=False
DEBUG:root:get_visible_tasks() returned: []
DEBUG:root:type: <class 'list'>
DEBUG:root:Filter applied f h 
DEBUG:root:get_visible_tasks attr: <bound method TodoApp.get_visible_tasks of TodoApp(title='TodoApp', classes={'-dark-mode'}, pseudo_classes={'dark', 'focus'})>
DEBUG:root:get_visible_tasks: filter_status=Status.HOLD, filter_category=None, sort_key=None, sort_reverse=False
DEBUG:root:get_visible_tasks() returned: []
DEBUG:root:type: <class 'list'>
DEBUG:root:Filter applied f a 
DEBUG:root:get_visible_tasks attr: <bound method TodoApp.get_visible_tasks of TodoApp(title='TodoApp', classes={'-dark-mode'}, pseudo_classes={'dark', 'focus'})>
DEBUG:root:get_visible_tasks: filter_status=Status.ACTIVE, filter_category=None, sort_key=None, sort_reverse=False
DEBUG:root:get_visible_tasks() returned: [<core.task.Task object at 0x104e81d30>, <core.task.Task object at 0x104db5220>, <core.task.Task object at 0x105315e50>, <core.task.Task object at 0x105315ee0>]
DEBUG:root:type: <class 'list'>
DEBUG:root:Filter applied f i 
DEBUG:root:get_visible_tasks attr: <bound method TodoApp.get_visible_tasks of TodoApp(title='TodoApp', classes={'-dark-mode'}, pseudo_classes={'dark', 'focus'})>
DEBUG:root:get_visible_tasks: filter_status=Status.IN_PROGRESS, filter_category=None, sort_key=None, sort_reverse=False
DEBUG:root:get_visible_tasks() returned: []
DEBUG:root:type: <class 'list'>
DEBUG:root:Filter applied f h 
DEBUG:root:get_visible_tasks attr: <bound method TodoApp.get_visible_tasks of TodoApp(title='TodoApp', classes={'-dark-mode'}, pseudo_classes={'dark', 'focus'})>
DEBUG:root:get_visible_tasks: filter_status=Status.HOLD, filter_category=None, sort_key=None, sort_reverse=False
DEBUG:root:get_visible_tasks() returned: []
DEBUG:root:type: <class 'list'>
DEBUG:root:Filter applied f i 
DEBUG:root:get_visible_tasks attr: <bound method TodoApp.get_visible_tasks of TodoApp(title='TodoApp', classes={'-dark-mode'}, pseudo_classes={'dark', 'focus'})>
DEBUG:root:get_visible_tasks: filter_status=Status.IN_PROGRESS, filter_category=None, sort_key=None, sort_reverse=False
DEBUG:root:get_visible_tasks() returned: []
DEBUG:root:type: <class 'list'>
DEBUG:root:Filter applied f i 
DEBUG:root:get_visible_tasks attr: <bound method TodoApp.get_visible_tasks of TodoApp(title='TodoApp', classes={'-dark-mode'}, pseudo_classes={'dark', 'focus'})>
DEBUG:root:get_visible_tasks: filter_status=Status.IN_PROGRESS, filter_category=None, sort_key=None, sort_reverse=False
DEBUG:root:get_visible_tasks() returned: []
DEBUG:root:type: <class 'list'>
DEBUG:root:Filter applied f i 
DEBUG:root:get_visible_tasks attr: <bound method TodoApp.get_visible_tasks of TodoApp(title='TodoApp', classes={'-dark-mode'}, pseudo_classes={'dark', 'focus'})>
DEBUG:root:get_visible_tasks: filter_status=Status.IN_PROGRESS, filter_category=None, sort_key=None, sort_reverse=False
DEBUG:root:get_visible_tasks() returned: []
DEBUG:root:type: <class 'list'>
DEBUG:root:Filter applied f i 
DEBUG:root:get_visible_tasks attr: <bound method TodoApp.get_visible_tasks of TodoApp(title='TodoApp', classes={'-dark-mode'}, pseudo_classes={'dark', 'focus'})>
DEBUG:root:get_visible_tasks: filter_status=Status.IN_PROGRESS, filter_category=None, sort_key=None, sort_reverse=False
DEBUG:root:get_visible_tasks() returned: []
DEBUG:root:type: <class 'list'>
DEBUG:root:Filter applied f c 
DEBUG:root:get_visible_tasks attr: <bound method TodoApp.get_visible_tasks of TodoApp(title='TodoApp', classes={'-dark-mode'}, pseudo_classes={'dark', 'focus'})>
DEBUG:root:get_visible_tasks: filter_status=Status.CANCELLED, filter_category=None, sort_key=None, sort_reverse=False
DEBUG:root:get_visible_tasks() returned: []
DEBUG:root:type: <class 'list'>
DEBUG:root:Filter applied f a 
DEBUG:root:get_visible_tasks attr: <bound method TodoApp.get_visible_tasks of TodoApp(title='TodoApp', classes={'-dark-mode'}, pseudo_classes={'dark', 'focus'})>
DEBUG:root:get_visible_tasks: filter_status=Status.ACTIVE, filter_category=None, sort_key=None, sort_reverse=False
DEBUG:root:get_visible_tasks() returned: [<core.task.Task object at 0x104e81d30>, <core.task.Task object at 0x104db5220>, <core.task.Task object at 0x105315e50>, <core.task.Task object at 0x105315ee0>]
DEBUG:root:type: <class 'list'>
DEBUG:root:Filter applied f i 
DEBUG:root:get_visible_tasks attr: <bound method TodoApp.get_visible_tasks of TodoApp(title='TodoApp', classes={'-dark-mode'}, pseudo_classes={'dark', 'focus'})>
DEBUG:root:get_visible_tasks: filter_status=Status.IN_PROGRESS, filter_category=None, sort_key=None, sort_reverse=False
DEBUG:root:get_visible_tasks() returned: []
DEBUG:root:type: <class 'list'>
DEBUG:root:Filter applied f c 
DEBUG:root:get_visible_tasks attr: <bound method TodoApp.get_visible_tasks of TodoApp(title='TodoApp', classes={'-dark-mode'}, pseudo_classes={'dark', 'focus'})>
DEBUG:root:get_visible_tasks: filter_status=Status.CANCELLED, filter_category=None, sort_key=None, sort_reverse=False
DEBUG:root:get_visible_tasks() returned: []
DEBUG:root:type: <class 'list'>
DEBUG:root:Filter applied f c 
DEBUG:root:get_visible_tasks attr: <bound method TodoApp.get_visible_tasks of TodoApp(title='TodoApp', classes={'-dark-mode'}, pseudo_classes={'dark', 'focus'})>
DEBUG:root:get_visible_tasks: filter_status=Status.CANCELLED, filter_category=None, sort_key=None, sort_reverse=False
DEBUG:root:get_visible_tasks() returned: []
DEBUG:root:type: <class 'list'>
DEBUG:root:Filter applied f c 
DEBUG:root:get_visible_tasks attr: <bound method TodoApp.get_visible_tasks of TodoApp(title='TodoApp', classes={'-dark-mode'}, pseudo_classes={'dark', 'focus'})>
DEBUG:root:get_visible_tasks: filter_status=Status.CANCELLED, filter_category=None, sort_key=None, sort_reverse=False
DEBUG:root:get_visible_tasks() returned: []
DEBUG:root:type: <class 'list'>
DEBUG:root:Filter applied f i 
DEBUG:root:get_visible_tasks attr: <bound method TodoApp.get_visible_tasks of TodoApp(title='TodoApp', classes={'-dark-mode'}, pseudo_classes={'dark', 'focus'})>
DEBUG:root:get_visible_tasks: filter_status=Status.IN_PROGRESS, filter_category=None, sort_key=None, sort_reverse=False
DEBUG:root:get_visible_tasks() returned: []
DEBUG:root:type: <class 'list'>
DEBUG:root:Filter applied f i 
DEBUG:root:get_visible_tasks attr: <bound method TodoApp.get_visible_tasks of TodoApp(title='TodoApp', classes={'-dark-mode'}, pseudo_classes={'dark', 'focus'})>
DEBUG:root:get_visible_tasks: filter_status=Status.IN_PROGRESS, filter_category=None, sort_key=None, sort_reverse=False
DEBUG:root:get_visible_tasks() returned: []
DEBUG:root:type: <class 'list'>
DEBUG:root:Filter applied f i 
DEBUG:root:get_visible_tasks attr: <bound method TodoApp.get_visible_tasks of TodoApp(title='TodoApp', classes={'-dark-mode'}, pseudo_classes={'dark', 'focus'})>
DEBUG:root:get_visible_tasks: filter_status=Status.IN_PROGRESS, filter_category=None, sort_key=None, sort_reverse=False
DEBUG:root:get_visible_tasks() returned: []
DEBUG:root:type: <class 'list'>
DEBUG:root:Filter applied f i 
DEBUG:root:get_visible_tasks attr: <bound method TodoApp.get_visible_tasks of TodoApp(title='TodoApp', classes={'-dark-mode'}, pseudo_classes={'dark', 'focus'})>
DEBUG:root:get_visible_tasks: filter_status=Status.IN_PROGRESS, filter_category=None, sort_key=None, sort_reverse=False
DEBUG:root:get_visible_tasks() returned: []
DEBUG:root:type: <class 'list'>
DEBUG:root:Filter applied f x 
DEBUG:root:get_visible_tasks attr: <bound method TodoApp.get_visible_tasks of TodoApp(title='TodoApp', classes={'-dark-mode'}, pseudo_classes={'dark', 'focus'})>
DEBUG:root:get_visible_tasks: filter_status=None, filter_category=None, sort_key=None, sort_reverse=False
DEBUG:root:get_visible_tasks() returned: [<core.task.Task object at 0x104e81d30>, <core.task.Task object at 0x104db5220>, <core.task.Task object at 0x105315e50>, <core.task.Task object at 0x105315ee0>]
DEBUG:root:type: <class 'list'>
DEBUG:root:Filter applied f c 
DEBUG:root:get_visible_tasks attr: <bound method TodoApp.get_visible_tasks of TodoApp(title='TodoApp', classes={'-dark-mode'}, pseudo_classes={'dark', 'focus'})>
DEBUG:root:get_visible_tasks: filter_status=Status.CANCELLED, filter_category=None, sort_key=None, sort_reverse=False
DEBUG:root:get_visible_tasks() returned: []
DEBUG:root:type: <class 'list'>
DEBUG:root:Filter applied f a 
DEBUG:root:get_visible_tasks attr: <bound method TodoApp.get_visible_tasks of TodoApp(title='TodoApp', classes={'-dark-mode'}, pseudo_classes={'dark', 'focus'})>
DEBUG:root:get_visible_tasks: filter_status=Status.ACTIVE, filter_category=None, sort_key=None, sort_reverse=False
DEBUG:root:get_visible_tasks() returned: [<core.task.Task object at 0x104e81d30>, <core.task.Task object at 0x104db5220>, <core.task.Task object at 0x105315e50>, <core.task.Task object at 0x105315ee0>]
DEBUG:root:type: <class 'list'>
DEBUG:root:Filter applied f i 
DEBUG:root:get_visible_tasks attr: <bound method TodoApp.get_visible_tasks of TodoApp(title='TodoApp', classes={'-dark-mode'}, pseudo_classes={'dark', 'focus'})>
DEBUG:root:get_visible_tasks: filter_status=Status.IN_PROGRESS, filter_category=None, sort_key=None, sort_reverse=False
DEBUG:root:get_visible_tasks() returned: []
DEBUG:root:type: <class 'list'>
DEBUG:root:Filter applied f i 
DEBUG:root:get_visible_tasks attr: <bound method TodoApp.get_visible_tasks of TodoApp(title='TodoApp', classes={'-dark-mode'}, pseudo_classes={'dark', 'focus'})>
DEBUG:root:get_visible_tasks: filter_status=Status.IN_PROGRESS, filter_category=None, sort_key=None, sort_reverse=False
DEBUG:root:get_visible_tasks() returned: []
DEBUG:root:type: <class 'list'>
DEBUG:root:Filter applied f i 
DEBUG:root:get_visible_tasks attr: <bound method TodoApp.get_visible_tasks of TodoApp(title='TodoApp', classes={'-dark-mode'}, pseudo_classes={'dark', 'focus'})>
DEBUG:root:get_visible_tasks: filter_status=Status.IN_PROGRESS, filter_category=None, sort_key=None, sort_reverse=False
DEBUG:root:get_visible_tasks() returned: []
DEBUG:root:type: <class 'list'>
DEBUG:root:Filter applied f i 
DEBUG:root:get_visible_tasks attr: <bound method TodoApp.get_visible_tasks of TodoApp(title='TodoApp', classes={'-dark-mode'}, pseudo_classes={'dark', 'focus'})>
DEBUG:root:get_visible_tasks: filter_status=Status.IN_PROGRESS, filter_category=None, sort_key=None, sort_reverse=False
DEBUG:root:get_visible_tasks() returned: []
DEBUG:root:type: <class 'list'>
DEBUG:root:Filter applied f i 
DEBUG:root:get_visible_tasks attr: <bound method TodoApp.get_visible_tasks of TodoApp(title='TodoApp', classes={'-dark-mode'}, pseudo_classes={'dark', 'focus'})>
DEBUG:root:get_visible_tasks: filter_status=Status.IN_PROGRESS, filter_category=None, sort_key=None, sort_reverse=False
DEBUG:root:get_visible_tasks() returned: []
DEBUG:root:type: <class 'list'>
DEBUG:root:Filter applied f i 
DEBUG:root:get_visible_tasks attr: <bound method TodoApp.get_visible_tasks of TodoApp(title='TodoApp', classes={'-dark-mode'}, pseudo_classes={'dark', 'focus'})>
DEBUG:root:get_visible_tasks: filter_status=Status.IN_PROGRESS, filter_category=None, sort_key=None, sort_reverse=False
DEBUG:root:get_visible_tasks() returned: []
DEBUG:root:type: <class 'list'>
DEBUG:root:Filter applied f i 
DEBUG:root:get_visible_tasks attr: <bound method TodoApp.get_visible_tasks of TodoApp(title='TodoApp', classes={'-dark-mode'}, pseudo_classes={'dark', 'focus'})>
DEBUG:root:get_visible_tasks: filter_status=Status.IN_PROGRESS, filter_category=None, sort_key=None, sort_reverse=False
DEBUG:root:get_visible_tasks() returned: []
DEBUG:root:type: <class 'list'>
DEBUG:root:Filter applied f c 
DEBUG:root:get_visible_tasks attr: <bound method TodoApp.get_visible_tasks of TodoApp(title='TodoApp', classes={'-dark-mode'}, pseudo_classes={'dark', 'focus'})>
DEBUG:root:get_visible_tasks: filter_status=Status.CANCELLED, filter_category=None, sort_key=None, sort_reverse=False
DEBUG:root:get_visible_tasks() returned: []
DEBUG:root:type: <class 'list'>
DEBUG:root:Filter applied f i 
DEBUG:root:get_visible_tasks attr: <bound method TodoApp.get_visible_tasks of TodoApp(title='TodoApp', classes={'-dark-mode'}, pseudo_classes={'dark', 'focus'})>
DEBUG:root:get_visible_tasks: filter_status=Status.IN_PROGRESS, filter_category=None, sort_key=None, sort_reverse=False
DEBUG:root:get_visible_tasks() returned: []
DEBUG:root:type: <class 'list'>
DEBUG:root:Filter applied f i 
DEBUG:root:get_visible_tasks attr: <bound method TodoApp.get_visible_tasks of TodoApp(title='TodoApp', classes={'-dark-mode'}, pseudo_classes={'dark', 'focus'})>
DEBUG:root:get_visible_tasks: filter_status=Status.IN_PROGRESS, filter_category=None, sort_key=None, sort_reverse=False
DEBUG:root:get_visible_tasks() returned: []
DEBUG:root:type: <class 'list'>
DEBUG:root:Filter applied f i 
DEBUG:root:get_visible_tasks attr: <bound method TodoApp.get_visible_tasks of TodoApp(title='TodoApp', classes={'-dark-mode'}, pseudo_classes={'dark', 'focus'})>
DEBUG:root:get_visible_tasks: filter_status=Status.IN_PROGRESS, filter_category=None, sort_key=None, sort_reverse=False
DEBUG:root:get_visible_tasks() returned: []
DEBUG:root:type: <class 'list'>
DEBUG:root:Filter applied f i 
DEBUG:root:get_visible_tasks attr: <bound method TodoApp.get_visible_tasks of TodoApp(title='TodoApp', classes={'-dark-mode'}, pseudo_classes={'dark', 'focus'})>
DEBUG:root:get_visible_tasks: filter_status=Status.IN_PROGRESS, filter_category=None, sort_key=None, sort_reverse=False
DEBUG:root:get_visible_tasks() returned: []
DEBUG:root:type: <class 'list'>
DEBUG:root:Filter applied f c 
DEBUG:root:get_visible_tasks attr: <bound method TodoApp.get_visible_tasks of TodoApp(title='TodoApp', classes={'-dark-mode'}, pseudo_classes={'dark', 'focus'})>
DEBUG:root:get_visible_tasks: filter_status=Status.CANCELLED, filter_category=None, sort_key=None, sort_reverse=False
DEBUG:root:get_visible_tasks() returned: []
DEBUG:root:type: <class 'list'>
DEBUG:root:Filter applied f i 
DEBUG:root:get_visible_tasks attr: <bound method TodoApp.get_visible_tasks of TodoApp(title='TodoApp', classes={'-dark-mode'}, pseudo_classes={'dark', 'focus'})>
DEBUG:root:get_visible_tasks: filter_status=Status.IN_PROGRESS, filter_category=None, sort_key=None, sort_reverse=False
DEBUG:root:get_visible_tasks() returned: []
DEBUG:root:type: <class 'list'>
DEBUG:root:Filter applied f i 
DEBUG:root:get_visible_tasks attr: <bound method TodoApp.get_visible_tasks of TodoApp(title='TodoApp', classes={'-dark-mode'}, pseudo_classes={'dark', 'focus'})>
DEBUG:root:get_visible_tasks: filter_status=Status.IN_PROGRESS, filter_category=None, sort_key=None, sort_reverse=False
DEBUG:root:get_visible_tasks() returned: []
DEBUG:root:type: <class 'list'>
DEBUG:root:Filter applied f i 
DEBUG:root:get_visible_tasks attr: <bound method TodoApp.get_visible_tasks of TodoApp(title='TodoApp', classes={'-dark-mode'}, pseudo_classes={'dark', 'focus'})>
DEBUG:root:get_visible_tasks: filter_status=Status.IN_PROGRESS, filter_category=None, sort_key=None, sort_reverse=False
DEBUG:root:get_visible_tasks() returned: []
DEBUG:root:type: <class 'list'>
DEBUG:root:Filter applied f i 
DEBUG:root:get_visible_tasks attr: <bound method TodoApp.get_visible_tasks of TodoApp(title='TodoApp', classes={'-dark-mode'}, pseudo_classes={'dark', 'focus'})>
DEBUG:root:get_visible_tasks: filter_status=Status.IN_PROGRESS, filter_category=None, sort_key=None, sort_reverse=False
DEBUG:root:get_visible_tasks() returned: []
DEBUG:root:type: <class 'list'>
DEBUG:root:Filter applied f a 
DEBUG:root:get_visible_tasks attr: <bound method TodoApp.get_visible_tasks of TodoApp(title='TodoApp', classes={'-dark-mode'}, pseudo_classes={'dark', 'focus'})>
DEBUG:root:get_visible_tasks: filter_status=Status.ACTIVE, filter_category=None, sort_key=None, sort_reverse=False
DEBUG:root:get_visible_tasks() returned: [<core.task.Task object at 0x104e81d30>, <core.task.Task object at 0x104db5220>, <core.task.Task object at 0x105315e50>, <core.task.Task object at 0x105315ee0>]
DEBUG:root:type: <class 'list'>
DEBUG:root:Filter applied f a 
DEBUG:root:get_visible_tasks attr: <bound method TodoApp.get_visible_tasks of TodoApp(title='TodoApp', classes={'-dark-mode'}, pseudo_classes={'dark', 'focus'})>
DEBUG:root:get_visible_tasks: filter_status=Status.ACTIVE, filter_category=None, sort_key=None, sort_reverse=False
DEBUG:root:get_visible_tasks() returned: [<core.task.Task object at 0x104e81d30>, <core.task.Task object at 0x104db5220>, <core.task.Task object at 0x105315e50>, <core.task.Task object at 0x105315ee0>]
DEBUG:root:type: <class 'list'>
DEBUG:root:Filter applied f a 
DEBUG:root:get_visible_tasks attr: <bound method TodoApp.get_visible_tasks of TodoApp(title='TodoApp', classes={'-dark-mode'}, pseudo_classes={'dark', 'focus'})>
DEBUG:root:get_visible_tasks: filter_status=Status.ACTIVE, filter_category=None, sort_key=None, sort_reverse=False
DEBUG:root:get_visible_tasks() returned: [<core.task.Task object at 0x104e81d30>, <core.task.Task object at 0x104db5220>, <core.task.Task object at 0x105315e50>, <core.task.Task object at 0x105315ee0>]
DEBUG:root:type: <class 'list'>
DEBUG:root:Filter applied f c 
DEBUG:root:get_visible_tasks attr: <bound method TodoApp.get_visible_tasks of TodoApp(title='TodoApp', classes={'-dark-mode'}, pseudo_classes={'dark', 'focus'})>
DEBUG:root:get_visible_tasks: filter_status=Status.CANCELLED, filter_category=None, sort_key=None, sort_reverse=False
DEBUG:root:get_visible_tasks() returned: []
DEBUG:root:type: <class 'list'>
DEBUG:root:Filter applied f i 
DEBUG:root:get_visible_tasks attr: <bound method TodoApp.get_visible_tasks of TodoApp(title='TodoApp', classes={'-dark-mode'}, pseudo_classes={'dark', 'focus'})>
DEBUG:root:get_visible_tasks: filter_status=Status.IN_PROGRESS, filter_category=None, sort_key=None, sort_reverse=False
DEBUG:root:get_visible_tasks() returned: []
DEBUG:root:type: <class 'list'>
DEBUG:root:Filter applied f a 
DEBUG:root:get_visible_tasks attr: <bound method TodoApp.get_visible_tasks of TodoApp(title='TodoApp', classes={'-dark-mode'}, pseudo_classes={'dark', 'focus'})>
DEBUG:root:get_visible_tasks: filter_status=Status.ACTIVE, filter_category=None, sort_key=None, sort_reverse=False
DEBUG:root:get_visible_tasks() returned: [<core.task.Task object at 0x104e81d30>, <core.task.Task object at 0x104db5220>, <core.task.Task object at 0x105315e50>, <core.task.Task object at 0x105315ee0>]
DEBUG:root:type: <class 'list'>
DEBUG:root:Filter applied f i 
DEBUG:root:get_visible_tasks attr: <bound method TodoApp.get_visible_tasks of TodoApp(title='TodoApp', classes={'-dark-mode'}, pseudo_classes={'dark', 'focus'})>
DEBUG:root:get_visible_tasks: filter_status=Status.IN_PROGRESS, filter_category=None, sort_key=None, sort_reverse=False
DEBUG:root:get_visible_tasks() returned: []
DEBUG:root:type: <class 'list'>
DEBUG:root:Filter applied f a 
DEBUG:root:get_visible_tasks attr: <bound method TodoApp.get_visible_tasks of TodoApp(title='TodoApp', classes={'-dark-mode'}, pseudo_classes={'dark', 'focus'})>
DEBUG:root:get_visible_tasks: filter_status=Status.ACTIVE, filter_category=None, sort_key=None, sort_reverse=False
DEBUG:root:get_visible_tasks() returned: [<core.task.Task object at 0x104e81d30>, <core.task.Task object at 0x104db5220>, <core.task.Task object at 0x105315e50>, <core.task.Task object at 0x105315ee0>]
DEBUG:root:type: <class 'list'>
DEBUG:root:Filter applied f i 
DEBUG:root:get_visible_tasks attr: <bound method TodoApp.get_visible_tasks of TodoApp(title='TodoApp', classes={'-dark-mode'}, pseudo_classes={'dark', 'focus'})>
DEBUG:root:get_visible_tasks: filter_status=Status.IN_PROGRESS, filter_category=None, sort_key=None, sort_reverse=False
DEBUG:root:get_visible_tasks() returned: []
DEBUG:root:type: <class 'list'>
DEBUG:root:Filter applied f a 
DEBUG:root:get_visible_tasks attr: <bound method TodoApp.get_visible_tasks of TodoApp(title='TodoApp', classes={'-dark-mode'}, pseudo_classes={'dark', 'focus'})>
DEBUG:root:get_visible_tasks: filter_status=Status.ACTIVE, filter_category=None, sort_key=None, sort_reverse=False
DEBUG:root:get_visible_tasks() returned: [<core.task.Task object at 0x104e81d30>, <core.task.Task object at 0x104db5220>, <core.task.Task object at 0x105315e50>, <core.task.Task object at 0x105315ee0>]
DEBUG:root:type: <class 'list'>
DEBUG:root:Filter applied f a 
DEBUG:root:get_visible_tasks attr: <bound method TodoApp.get_visible_tasks of TodoApp(title='TodoApp', classes={'-dark-mode'}, pseudo_classes={'dark', 'focus'})>
DEBUG:root:get_visible_tasks: filter_status=Status.ACTIVE, filter_category=None, sort_key=None, sort_reverse=False
DEBUG:root:get_visible_tasks() returned: [<core.task.Task object at 0x104e81d30>, <core.task.Task object at 0x104db5220>, <core.task.Task object at 0x105315e50>, <core.task.Task object at 0x105315ee0>]
DEBUG:root:type: <class 'list'>
DEBUG:root:Filter applied f i 
DEBUG:root:get_visible_tasks attr: <bound method TodoApp.get_visible_tasks of TodoApp(title='TodoApp', classes={'-dark-mode'}, pseudo_classes={'dark', 'focus'})>
DEBUG:root:get_visible_tasks: filter_status=Status.IN_PROGRESS, filter_category=None, sort_key=None, sort_reverse=False
DEBUG:root:get_visible_tasks() returned: []
DEBUG:root:type: <class 'list'>
DEBUG:root:Filter applied f a 
DEBUG:root:get_visible_tasks attr: <bound method TodoApp.get_visible_tasks of TodoApp(title='TodoApp', classes={'-dark-mode'}, pseudo_classes={'dark', 'focus'})>
DEBUG:root:get_visible_tasks: filter_status=Status.ACTIVE, filter_category=None, sort_key=None, sort_reverse=False
DEBUG:root:get_visible_tasks() returned: [<core.task.Task object at 0x104e81d30>, <core.task.Task object at 0x104db5220>, <core.task.Task object at 0x105315e50>, <core.task.Task object at 0x105315ee0>]
DEBUG:root:type: <class 'list'>
DEBUG:root:Filter applied f i 
DEBUG:root:get_visible_tasks attr: <bound method TodoApp.get_visible_tasks of TodoApp(title='TodoApp', classes={'-dark-mode'}, pseudo_classes={'dark', 'focus'})>
DEBUG:root:get_visible_tasks: filter_status=Status.IN_PROGRESS, filter_category=None, sort_key=None, sort_reverse=False
DEBUG:root:get_visible_tasks() returned: []
DEBUG:root:type: <class 'list'>
DEBUG:root:Filter applied f a 
DEBUG:root:get_visible_tasks attr: <bound method TodoApp.get_visible_tasks of TodoApp(title='TodoApp', classes={'-dark-mode'}, pseudo_classes={'dark', 'focus'})>
DEBUG:root:get_visible_tasks: filter_status=Status.ACTIVE, filter_category=None, sort_key=None, sort_reverse=False
DEBUG:root:get_visible_tasks() returned: [<core.task.Task object at 0x104e81d30>, <core.task.Task object at 0x104db5220>, <core.task.Task object at 0x105315e50>, <core.task.Task object at 0x105315ee0>]
DEBUG:root:type: <class 'list'>
DEBUG:root:Filter applied f h 
DEBUG:root:get_visible_tasks attr: <bound method TodoApp.get_visible_tasks of TodoApp(title='TodoApp', classes={'-dark-mode'}, pseudo_classes={'dark', 'focus'})>
DEBUG:root:get_visible_tasks: filter_status=Status.HOLD, filter_category=None, sort_key=None, sort_reverse=False
DEBUG:root:get_visible_tasks() returned: []
DEBUG:root:type: <class 'list'>
DEBUG:root:Filter applied f a 
DEBUG:root:get_visible_tasks attr: <bound method TodoApp.get_visible_tasks of TodoApp(title='TodoApp', classes={'-dark-mode'}, pseudo_classes={'dark', 'focus'})>
DEBUG:root:get_visible_tasks: filter_status=Status.ACTIVE, filter_category=None, sort_key=None, sort_reverse=False
DEBUG:root:get_visible_tasks() returned: [<core.task.Task object at 0x104e81d30>, <core.task.Task object at 0x104db5220>, <core.task.Task object at 0x105315e50>, <core.task.Task object at 0x105315ee0>]
DEBUG:root:type: <class 'list'>
DEBUG:root:Filter applied f i 
DEBUG:root:get_visible_tasks attr: <bound method TodoApp.get_visible_tasks of TodoApp(title='TodoApp', classes={'-dark-mode'}, pseudo_classes={'dark', 'focus'})>
DEBUG:root:get_visible_tasks: filter_status=Status.IN_PROGRESS, filter_category=None, sort_key=None, sort_reverse=False
DEBUG:root:get_visible_tasks() returned: []
DEBUG:root:type: <class 'list'>
DEBUG:root:Filter applied f a 
DEBUG:root:get_visible_tasks attr: <bound method TodoApp.get_visible_tasks of TodoApp(title='TodoApp', classes={'-dark-mode'}, pseudo_classes={'dark', 'focus'})>
DEBUG:root:get_visible_tasks: filter_status=Status.ACTIVE, filter_category=None, sort_key=None, sort_reverse=False
DEBUG:root:get_visible_tasks() returned: [<core.task.Task object at 0x104e81d30>, <core.task.Task object at 0x104db5220>, <core.task.Task object at 0x105315e50>, <core.task.Task object at 0x105315ee0>]
DEBUG:root:type: <class 'list'>
DEBUG:root:Filter applied f i 
DEBUG:root:get_visible_tasks attr: <bound method TodoApp.get_visible_tasks of TodoApp(title='TodoApp', classes={'-dark-mode'}, pseudo_classes={'dark', 'focus'})>
DEBUG:root:get_visible_tasks: filter_status=Status.IN_PROGRESS, filter_category=None, sort_key=None, sort_reverse=False
DEBUG:root:get_visible_tasks() returned: []
DEBUG:root:type: <class 'list'>
DEBUG:root:Filter applied f a 
DEBUG:root:get_visible_tasks attr: <bound method TodoApp.get_visible_tasks of TodoApp(title='TodoApp', classes={'-dark-mode'}, pseudo_classes={'dark', 'focus'})>
DEBUG:root:get_visible_tasks: filter_status=Status.ACTIVE, filter_category=None, sort_key=None, sort_reverse=False
DEBUG:root:get_visible_tasks() returned: [<core.task.Task object at 0x104e81d30>, <core.task.Task object at 0x104db5220>, <core.task.Task object at 0x105315e50>, <core.task.Task object at 0x105315ee0>]
DEBUG:root:type: <class 'list'>
DEBUG:root:Filter applied f i 
DEBUG:root:get_visible_tasks attr: <bound method TodoApp.get_visible_tasks of TodoApp(title='TodoApp', classes={'-dark-mode'}, pseudo_classes={'dark', 'focus'})>
DEBUG:root:get_visible_tasks: filter_status=Status.IN_PROGRESS, filter_category=None, sort_key=None, sort_reverse=False
DEBUG:root:get_visible_tasks() returned: []
DEBUG:root:type: <class 'list'>
DEBUG:root:Filter applied f a 
DEBUG:root:get_visible_tasks attr: <bound method TodoApp.get_visible_tasks of TodoApp(title='TodoApp', classes={'-dark-mode'}, pseudo_classes={'dark', 'focus'})>
DEBUG:root:get_visible_tasks: filter_status=Status.ACTIVE, filter_category=None, sort_key=None, sort_reverse=False
DEBUG:root:get_visible_tasks() returned: [<core.task.Task object at 0x104e81d30>, <core.task.Task object at 0x104db5220>, <core.task.Task object at 0x105315e50>, <core.task.Task object at 0x105315ee0>]
DEBUG:root:type: <class 'list'>
DEBUG:root:Filter applied f i 
DEBUG:root:get_visible_tasks attr: <bound method TodoApp.get_visible_tasks of TodoApp(title='TodoApp', classes={'-dark-mode'}, pseudo_classes={'dark', 'focus'})>
DEBUG:root:get_visible_tasks: filter_status=Status.IN_PROGRESS, filter_category=None, sort_key=None, sort_reverse=False
DEBUG:root:get_visible_tasks() returned: []
DEBUG:root:type: <class 'list'>
DEBUG:root:Filter applied f a 
DEBUG:root:get_visible_tasks attr: <bound method TodoApp.get_visible_tasks of TodoApp(title='TodoApp', classes={'-dark-mode'}, pseudo_classes={'dark', 'focus'})>
DEBUG:root:get_visible_tasks: filter_status=Status.ACTIVE, filter_category=None, sort_key=None, sort_reverse=False
DEBUG:root:get_visible_tasks() returned: [<core.task.Task object at 0x104e81d30>, <core.task.Task object at 0x104db5220>, <core.task.Task object at 0x105315e50>, <core.task.Task object at 0x105315ee0>]
DEBUG:root:type: <class 'list'>
DEBUG:root:Filter applied f c 
DEBUG:root:get_visible_tasks attr: <bound method TodoApp.get_visible_tasks of TodoApp(title='TodoApp', classes={'-dark-mode'}, pseudo_classes={'dark', 'focus'})>
DEBUG:root:get_visible_tasks: filter_status=Status.CANCELLED, filter_category=None, sort_key=None, sort_reverse=False
DEBUG:root:get_visible_tasks() returned: []
DEBUG:root:type: <class 'list'>
DEBUG:root:Filter applied f i 
DEBUG:root:get_visible_tasks attr: <bound method TodoApp.get_visible_tasks of TodoApp(title='TodoApp', classes={'-dark-mode'}, pseudo_classes={'dark', 'focus'})>
DEBUG:root:get_visible_tasks: filter_status=Status.IN_PROGRESS, filter_category=None, sort_key=None, sort_reverse=False
DEBUG:root:get_visible_tasks() returned: []
DEBUG:root:type: <class 'list'>
DEBUG:root:Filter applied f c 
DEBUG:root:get_visible_tasks attr: <bound method TodoApp.get_visible_tasks of TodoApp(title='TodoApp', classes={'-dark-mode'}, pseudo_classes={'dark', 'focus'})>
DEBUG:root:get_visible_tasks: filter_status=Status.CANCELLED, filter_category=None, sort_key=None, sort_reverse=False
DEBUG:root:get_visible_tasks() returned: []
DEBUG:root:type: <class 'list'>
DEBUG:root:Filter applied f i 
DEBUG:root:get_visible_tasks attr: <bound method TodoApp.get_visible_tasks of TodoApp(title='TodoApp', classes={'-dark-mode'}, pseudo_classes={'dark', 'focus'})>
DEBUG:root:get_visible_tasks: filter_status=Status.IN_PROGRESS, filter_category=None, sort_key=None, sort_reverse=False
DEBUG:root:get_visible_tasks() returned: []
DEBUG:root:type: <class 'list'>
DEBUG:root:Filter applied f i 
DEBUG:root:get_visible_tasks attr: <bound method TodoApp.get_visible_tasks of TodoApp(title='TodoApp', classes={'-dark-mode'}, pseudo_classes={'dark', 'focus'})>
DEBUG:root:get_visible_tasks: filter_status=Status.IN_PROGRESS, filter_category=None, sort_key=None, sort_reverse=False
DEBUG:root:get_visible_tasks() returned: []
DEBUG:root:type: <class 'list'>
DEBUG:root:Filter applied f a 
DEBUG:root:get_visible_tasks attr: <bound method TodoApp.get_visible_tasks of TodoApp(title='TodoApp', classes={'-dark-mode'}, pseudo_classes={'dark', 'focus'})>
DEBUG:root:get_visible_tasks: filter_status=Status.ACTIVE, filter_category=None, sort_key=None, sort_reverse=False
DEBUG:root:get_visible_tasks() returned: [<core.task.Task object at 0x104e81d30>, <core.task.Task object at 0x104db5220>, <core.task.Task object at 0x105315e50>, <core.task.Task object at 0x105315ee0>]
DEBUG:root:type: <class 'list'>
DEBUG:root:Filter applied f i 
DEBUG:root:get_visible_tasks attr: <bound method TodoApp.get_visible_tasks of TodoApp(title='TodoApp', classes={'-dark-mode'}, pseudo_classes={'dark', 'focus'})>
DEBUG:root:get_visible_tasks: filter_status=Status.IN_PROGRESS, filter_category=None, sort_key=None, sort_reverse=False
DEBUG:root:get_visible_tasks() returned: []
DEBUG:root:type: <class 'list'>
DEBUG:root:Filter applied f a 
DEBUG:root:get_visible_tasks attr: <bound method TodoApp.get_visible_tasks of TodoApp(title='TodoApp', classes={'-dark-mode'}, pseudo_classes={'dark', 'focus'})>
DEBUG:root:get_visible_tasks: filter_status=Status.ACTIVE, filter_category=None, sort_key=None, sort_reverse=False
DEBUG:root:get_visible_tasks() returned: [<core.task.Task object at 0x104e81d30>, <core.task.Task object at 0x104db5220>, <core.task.Task object at 0x105315e50>, <core.task.Task object at 0x105315ee0>]
DEBUG:root:type: <class 'list'>
DEBUG:root:Filter applied f h 
DEBUG:root:get_visible_tasks attr: <bound method TodoApp.get_visible_tasks of TodoApp(title='TodoApp', classes={'-dark-mode'}, pseudo_classes={'dark', 'focus'})>
DEBUG:root:get_visible_tasks: filter_status=Status.HOLD, filter_category=None, sort_key=None, sort_reverse=False
DEBUG:root:get_visible_tasks() returned: []
DEBUG:root:type: <class 'list'>
DEBUG:root:Filter applied f x 
DEBUG:root:get_visible_tasks attr: <bound method TodoApp.get_visible_tasks of TodoApp(title='TodoApp', classes={'-dark-mode'}, pseudo_classes={'dark', 'focus'})>
DEBUG:root:get_visible_tasks: filter_status=None, filter_category=None, sort_key=None, sort_reverse=False
DEBUG:root:get_visible_tasks() returned: [<core.task.Task object at 0x104e81d30>, <core.task.Task object at 0x104db5220>, <core.task.Task object at 0x105315e50>, <core.task.Task object at 0x105315ee0>]
DEBUG:root:type: <class 'list'>
DEBUG:root:Filter applied f a 
DEBUG:root:get_visible_tasks attr: <bound method TodoApp.get_visible_tasks of TodoApp(title='TodoApp', classes={'-dark-mode'}, pseudo_classes={'dark', 'focus'})>
DEBUG:root:get_visible_tasks: filter_status=Status.ACTIVE, filter_category=None, sort_key=None, sort_reverse=False
DEBUG:root:get_visible_tasks() returned: [<core.task.Task object at 0x104e81d30>, <core.task.Task object at 0x104db5220>, <core.task.Task object at 0x105315e50>, <core.task.Task object at 0x105315ee0>]
DEBUG:root:type: <class 'list'>
DEBUG:root:Filter applied f a 
DEBUG:root:get_visible_tasks attr: <bound method TodoApp.get_visible_tasks of TodoApp(title='TodoApp', classes={'-dark-mode'}, pseudo_classes={'dark', 'focus'})>
DEBUG:root:get_visible_tasks: filter_status=Status.ACTIVE, filter_category=None, sort_key=None, sort_reverse=False
DEBUG:root:get_visible_tasks() returned: [<core.task.Task object at 0x104e81d30>, <core.task.Task object at 0x104db5220>, <core.task.Task object at 0x105315e50>, <core.task.Task object at 0x105315ee0>]
DEBUG:root:type: <class 'list'>
DEBUG:root:Filter applied f c 
DEBUG:root:get_visible_tasks attr: <bound method TodoApp.get_visible_tasks of TodoApp(title='TodoApp', classes={'-dark-mode'}, pseudo_classes={'dark', 'focus'})>
DEBUG:root:get_visible_tasks: filter_status=Status.CANCELLED, filter_category=None, sort_key=None, sort_reverse=False
DEBUG:root:get_visible_tasks() returned: []
DEBUG:root:type: <class 'list'>
DEBUG:root:Filter applied f i 
DEBUG:root:get_visible_tasks attr: <bound method TodoApp.get_visible_tasks of TodoApp(title='TodoApp', classes={'-dark-mode'}, pseudo_classes={'dark', 'focus'})>
DEBUG:root:get_visible_tasks: filter_status=Status.IN_PROGRESS, filter_category=None, sort_key=None, sort_reverse=False
DEBUG:root:get_visible_tasks() returned: []
DEBUG:root:type: <class 'list'>
DEBUG:root:Filter applied f c 
DEBUG:root:get_visible_tasks attr: <bound method TodoApp.get_visible_tasks of TodoApp(title='TodoApp', classes={'-dark-mode'}, pseudo_classes={'dark', 'focus'})>
DEBUG:root:get_visible_tasks: filter_status=Status.CANCELLED, filter_category=None, sort_key=None, sort_reverse=False
DEBUG:root:get_visible_tasks() returned: []
DEBUG:root:type: <class 'list'>
DEBUG:root:Filter applied f i 
DEBUG:root:get_visible_tasks attr: <bound method TodoApp.get_visible_tasks of TodoApp(title='TodoApp', classes={'-dark-mode'}, pseudo_classes={'dark', 'focus'})>
DEBUG:root:get_visible_tasks: filter_status=Status.IN_PROGRESS, filter_category=None, sort_key=None, sort_reverse=False
DEBUG:root:get_visible_tasks() returned: []
DEBUG:root:type: <class 'list'>
DEBUG:root:Filter applied f a 
DEBUG:root:get_visible_tasks attr: <bound method TodoApp.get_visible_tasks of TodoApp(title='TodoApp', classes={'-dark-mode'}, pseudo_classes={'dark', 'focus'})>
DEBUG:root:get_visible_tasks: filter_status=Status.ACTIVE, filter_category=None, sort_key=None, sort_reverse=False
DEBUG:root:get_visible_tasks() returned: [<core.task.Task object at 0x104e81d30>, <core.task.Task object at 0x104db5220>, <core.task.Task object at 0x105315e50>, <core.task.Task object at 0x105315ee0>]
DEBUG:root:type: <class 'list'>
DEBUG:root:Filter applied f a 
DEBUG:root:get_visible_tasks attr: <bound method TodoApp.get_visible_tasks of TodoApp(title='TodoApp', classes={'-dark-mode'}, pseudo_classes={'dark', 'focus'})>
DEBUG:root:get_visible_tasks: filter_status=Status.ACTIVE, filter_category=None, sort_key=None, sort_reverse=False
DEBUG:root:get_visible_tasks() returned: [<core.task.Task object at 0x104e81d30>, <core.task.Task object at 0x104db5220>, <core.task.Task object at 0x105315e50>, <core.task.Task object at 0x105315ee0>]
DEBUG:root:type: <class 'list'>
DEBUG:root:Filter applied f h 
DEBUG:root:get_visible_tasks attr: <bound method TodoApp.get_visible_tasks of TodoApp(title='TodoApp', classes={'-dark-mode'}, pseudo_classes={'dark', 'focus'})>
DEBUG:root:get_visible_tasks: filter_status=Status.HOLD, filter_category=None, sort_key=None, sort_reverse=False
DEBUG:root:get_visible_tasks() returned: []
DEBUG:root:type: <class 'list'>
DEBUG:root:Filter applied f a 
DEBUG:root:get_visible_tasks attr: <bound method TodoApp.get_visible_tasks of TodoApp(title='TodoApp', classes={'-dark-mode'}, pseudo_classes={'dark', 'focus'})>
DEBUG:root:get_visible_tasks: filter_status=Status.ACTIVE, filter_category=None, sort_key=None, sort_reverse=False
DEBUG:root:get_visible_tasks() returned: [<core.task.Task object at 0x104e81d30>, <core.task.Task object at 0x104db5220>, <core.task.Task object at 0x105315e50>, <core.task.Task object at 0x105315ee0>]
DEBUG:root:type: <class 'list'>
DEBUG:root:Filter applied f x 
DEBUG:root:get_visible_tasks attr: <bound method TodoApp.get_visible_tasks of TodoApp(title='TodoApp', classes={'-dark-mode'}, pseudo_classes={'dark', 'focus'})>
DEBUG:root:get_visible_tasks: filter_status=None, filter_category=None, sort_key=None, sort_reverse=False
DEBUG:root:get_visible_tasks() returned: [<core.task.Task object at 0x104e81d30>, <core.task.Task object at 0x104db5220>, <core.task.Task object at 0x105315e50>, <core.task.Task object at 0x105315ee0>]
DEBUG:root:type: <class 'list'>
DEBUG:root:Filter applied f a 
DEBUG:root:get_visible_tasks attr: <bound method TodoApp.get_visible_tasks of TodoApp(title='TodoApp', classes={'-dark-mode'}, pseudo_classes={'dark', 'focus'})>
DEBUG:root:get_visible_tasks: filter_status=Status.ACTIVE, filter_category=None, sort_key=None, sort_reverse=False
DEBUG:root:get_visible_tasks() returned: [<core.task.Task object at 0x104e81d30>, <core.task.Task object at 0x104db5220>, <core.task.Task object at 0x105315e50>, <core.task.Task object at 0x105315ee0>]
DEBUG:root:type: <class 'list'>
DEBUG:root:Filter applied f c 
DEBUG:root:get_visible_tasks attr: <bound method TodoApp.get_visible_tasks of TodoApp(title='TodoApp', classes={'-dark-mode'}, pseudo_classes={'dark', 'focus'})>
DEBUG:root:get_visible_tasks: filter_status=Status.CANCELLED, filter_category=None, sort_key=None, sort_reverse=False
DEBUG:root:get_visible_tasks() returned: []
DEBUG:root:type: <class 'list'>
DEBUG:root:Filter applied f h 
DEBUG:root:get_visible_tasks attr: <bound method TodoApp.get_visible_tasks of TodoApp(title='TodoApp', classes={'-dark-mode'}, pseudo_classes={'dark', 'focus'})>
DEBUG:root:get_visible_tasks: filter_status=Status.HOLD, filter_category=None, sort_key=None, sort_reverse=False
DEBUG:root:get_visible_tasks() returned: []
DEBUG:root:type: <class 'list'>
DEBUG:root:Filter applied f a 
DEBUG:root:get_visible_tasks attr: <bound method TodoApp.get_visible_tasks of TodoApp(title='TodoApp', classes={'-dark-mode'}, pseudo_classes={'dark', 'focus'})>
DEBUG:root:get_visible_tasks: filter_status=Status.ACTIVE, filter_category=None, sort_key=None, sort_reverse=False
DEBUG:root:get_visible_tasks() returned: [<core.task.Task object at 0x104e81d30>, <core.task.Task object at 0x104db5220>, <core.task.Task object at 0x105315e50>, <core.task.Task object at 0x105315ee0>]
DEBUG:root:type: <class 'list'>
DEBUG:root:Filter applied f a 
DEBUG:root:get_visible_tasks attr: <bound method TodoApp.get_visible_tasks of TodoApp(title='TodoApp', classes={'-dark-mode'}, pseudo_classes={'dark', 'focus'})>
DEBUG:root:get_visible_tasks: filter_status=Status.ACTIVE, filter_category=None, sort_key=None, sort_reverse=False
DEBUG:root:get_visible_tasks() returned: [<core.task.Task object at 0x104e81d30>, <core.task.Task object at 0x104db5220>, <core.task.Task object at 0x105315e50>, <core.task.Task object at 0x105315ee0>]
DEBUG:root:type: <class 'list'>
DEBUG:root:Filter applied f a 
DEBUG:root:get_visible_tasks attr: <bound method TodoApp.get_visible_tasks of TodoApp(title='TodoApp', classes={'-dark-mode'}, pseudo_classes={'dark', 'focus'})>
DEBUG:root:get_visible_tasks: filter_status=Status.ACTIVE, filter_category=None, sort_key=None, sort_reverse=False
DEBUG:root:get_visible_tasks() returned: [<core.task.Task object at 0x104e81d30>, <core.task.Task object at 0x104db5220>, <core.task.Task object at 0x105315e50>, <core.task.Task object at 0x105315ee0>]
DEBUG:root:type: <class 'list'>
DEBUG:root:Filter applied f c 
DEBUG:root:get_visible_tasks attr: <bound method TodoApp.get_visible_tasks of TodoApp(title='TodoApp', classes={'-dark-mode'}, pseudo_classes={'dark', 'focus'})>
DEBUG:root:get_visible_tasks: filter_status=Status.CANCELLED, filter_category=None, sort_key=None, sort_reverse=False
DEBUG:root:get_visible_tasks() returned: []
DEBUG:root:type: <class 'list'>
DEBUG:root:Filter applied f i 
DEBUG:root:get_visible_tasks attr: <bound method TodoApp.get_visible_tasks of TodoApp(title='TodoApp', classes={'-dark-mode'}, pseudo_classes={'dark', 'focus'})>
DEBUG:root:get_visible_tasks: filter_status=Status.IN_PROGRESS, filter_category=None, sort_key=None, sort_reverse=False
DEBUG:root:get_visible_tasks() returned: []
DEBUG:root:type: <class 'list'>
DEBUG:root:Filter applied f a 
DEBUG:root:get_visible_tasks attr: <bound method TodoApp.get_visible_tasks of TodoApp(title='TodoApp', classes={'-dark-mode'}, pseudo_classes={'dark', 'focus'})>
DEBUG:root:get_visible_tasks: filter_status=Status.ACTIVE, filter_category=None, sort_key=None, sort_reverse=False
DEBUG:root:get_visible_tasks() returned: [<core.task.Task object at 0x104e81d30>, <core.task.Task object at 0x104db5220>, <core.task.Task object at 0x105315e50>, <core.task.Task object at 0x105315ee0>]
DEBUG:root:type: <class 'list'>
DEBUG:root:Filter applied f a 
DEBUG:root:get_visible_tasks attr: <bound method TodoApp.get_visible_tasks of TodoApp(title='TodoApp', classes={'-dark-mode'}, pseudo_classes={'dark', 'focus'})>
DEBUG:root:get_visible_tasks: filter_status=Status.ACTIVE, filter_category=None, sort_key=None, sort_reverse=False
DEBUG:root:get_visible_tasks() returned: [<core.task.Task object at 0x104e81d30>, <core.task.Task object at 0x104db5220>, <core.task.Task object at 0x105315e50>, <core.task.Task object at 0x105315ee0>]
DEBUG:root:type: <class 'list'>
DEBUG:root:Filter applied f h 
DEBUG:root:get_visible_tasks attr: <bound method TodoApp.get_visible_tasks of TodoApp(title='TodoApp', classes={'-dark-mode'}, pseudo_classes={'dark', 'focus'})>
DEBUG:root:get_visible_tasks: filter_status=Status.HOLD, filter_category=None, sort_key=None, sort_reverse=False
DEBUG:root:get_visible_tasks() returned: []
DEBUG:root:type: <class 'list'>
DEBUG:root:Filter applied f c 
DEBUG:root:get_visible_tasks attr: <bound method TodoApp.get_visible_tasks of TodoApp(title='TodoApp', classes={'-dark-mode'}, pseudo_classes={'dark', 'focus'})>
DEBUG:root:get_visible_tasks: filter_status=Status.CANCELLED, filter_category=None, sort_key=None, sort_reverse=False
DEBUG:root:get_visible_tasks() returned: []
DEBUG:root:type: <class 'list'>
DEBUG:root:Filter applied f c 
DEBUG:root:get_visible_tasks attr: <bound method TodoApp.get_visible_tasks of TodoApp(title='TodoApp', classes={'-dark-mode'}, pseudo_classes={'dark', 'focus'})>
DEBUG:root:get_visible_tasks: filter_status=Status.CANCELLED, filter_category=None, sort_key=None, sort_reverse=False
DEBUG:root:get_visible_tasks() returned: []
DEBUG:root:type: <class 'list'>
DEBUG:root:Filter applied f a 
DEBUG:root:get_visible_tasks attr: <bound method TodoApp.get_visible_tasks of TodoApp(title='TodoApp', classes={'-dark-mode'}, pseudo_classes={'dark', 'focus'})>
DEBUG:root:get_visible_tasks: filter_status=Status.ACTIVE, filter_category=None, sort_key=None, sort_reverse=False
DEBUG:root:get_visible_tasks() returned: [<core.task.Task object at 0x104e81d30>, <core.task.Task object at 0x104db5220>, <core.task.Task object at 0x105315e50>, <core.task.Task object at 0x105315ee0>]
DEBUG:root:type: <class 'list'>
DEBUG:root:Filter applied f a 
DEBUG:root:get_visible_tasks attr: <bound method TodoApp.get_visible_tasks of TodoApp(title='TodoApp', classes={'-dark-mode'}, pseudo_classes={'dark', 'focus'})>
DEBUG:root:get_visible_tasks: filter_status=Status.ACTIVE, filter_category=None, sort_key=None, sort_reverse=False
DEBUG:root:get_visible_tasks() returned: [<core.task.Task object at 0x104e81d30>, <core.task.Task object at 0x104db5220>, <core.task.Task object at 0x105315e50>, <core.task.Task object at 0x105315ee0>]
DEBUG:root:type: <class 'list'>
DEBUG:root:Filter applied f a 
DEBUG:root:get_visible_tasks attr: <bound method TodoApp.get_visible_tasks of TodoApp(title='TodoApp', classes={'-dark-mode'}, pseudo_classes={'dark', 'focus'})>
DEBUG:root:get_visible_tasks: filter_status=Status.ACTIVE, filter_category=None, sort_key=None, sort_reverse=False
DEBUG:root:get_visible_tasks() returned: [<core.task.Task object at 0x104e81d30>, <core.task.Task object at 0x104db5220>, <core.task.Task object at 0x105315e50>, <core.task.Task object at 0x105315ee0>]
DEBUG:root:type: <class 'list'>
DEBUG:root:Filter applied f i 
DEBUG:root:get_visible_tasks attr: <bound method TodoApp.get_visible_tasks of TodoApp(title='TodoApp', classes={'-dark-mode'}, pseudo_classes={'dark', 'focus'})>
DEBUG:root:get_visible_tasks: filter_status=Status.IN_PROGRESS, filter_category=None, sort_key=None, sort_reverse=False
DEBUG:root:get_visible_tasks() returned: []
DEBUG:root:type: <class 'list'>
DEBUG:root:Filter applied f i 
DEBUG:root:get_visible_tasks attr: <bound method TodoApp.get_visible_tasks of TodoApp(title='TodoApp', classes={'-dark-mode'}, pseudo_classes={'dark', 'focus'})>
DEBUG:root:get_visible_tasks: filter_status=Status.IN_PROGRESS, filter_category=None, sort_key=None, sort_reverse=False
DEBUG:root:get_visible_tasks() returned: []
DEBUG:root:type: <class 'list'>
DEBUG:root:Filter applied f a 
DEBUG:root:get_visible_tasks attr: <bound method TodoApp.get_visible_tasks of TodoApp(title='TodoApp', classes={'-dark-mode'}, pseudo_classes={'dark', 'focus'})>
DEBUG:root:get_visible_tasks: filter_status=Status.ACTIVE, filter_category=None, sort_key=None, sort_reverse=False
DEBUG:root:get_visible_tasks() returned: [<core.task.Task object at 0x104e81d30>, <core.task.Task object at 0x104db5220>, <core.task.Task object at 0x105315e50>, <core.task.Task object at 0x105315ee0>]
DEBUG:root:type: <class 'list'>
DEBUG:root:Filter applied f a 
DEBUG:root:get_visible_tasks attr: <bound method TodoApp.get_visible_tasks of TodoApp(title='TodoApp', classes={'-dark-mode'}, pseudo_classes={'dark', 'focus'})>
DEBUG:root:get_visible_tasks: filter_status=Status.ACTIVE, filter_category=None, sort_key=None, sort_reverse=False
DEBUG:root:get_visible_tasks() returned: [<core.task.Task object at 0x104e81d30>, <core.task.Task object at 0x104db5220>, <core.task.Task object at 0x105315e50>, <core.task.Task object at 0x105315ee0>]
DEBUG:root:type: <class 'list'>
DEBUG:root:Filter applied f a 
DEBUG:root:get_visible_tasks attr: <bound method TodoApp.get_visible_tasks of TodoApp(title='TodoApp', classes={'-dark-mode'}, pseudo_classes={'dark', 'focus'})>
DEBUG:root:get_visible_tasks: filter_status=Status.ACTIVE, filter_category=None, sort_key=None, sort_reverse=False
DEBUG:root:get_visible_tasks() returned: [<core.task.Task object at 0x104e81d30>, <core.task.Task object at 0x104db5220>, <core.task.Task object at 0x105315e50>, <core.task.Task object at 0x105315ee0>]
DEBUG:root:type: <class 'list'>
DEBUG:root:Filter applied f h 
DEBUG:root:get_visible_tasks attr: <bound method TodoApp.get_visible_tasks of TodoApp(title='TodoApp', classes={'-dark-mode'}, pseudo_classes={'dark', 'focus'})>
DEBUG:root:get_visible_tasks: filter_status=Status.HOLD, filter_category=None, sort_key=None, sort_reverse=False
DEBUG:root:get_visible_tasks() returned: []
DEBUG:root:type: <class 'list'>
DEBUG:root:Filter applied f i 
DEBUG:root:get_visible_tasks attr: <bound method TodoApp.get_visible_tasks of TodoApp(title='TodoApp', classes={'-dark-mode'}, pseudo_classes={'dark', 'focus'})>
DEBUG:root:get_visible_tasks: filter_status=Status.IN_PROGRESS, filter_category=None, sort_key=None, sort_reverse=False
DEBUG:root:get_visible_tasks() returned: []
DEBUG:root:type: <class 'list'>
DEBUG:root:Filter applied f a 
DEBUG:root:get_visible_tasks attr: <bound method TodoApp.get_visible_tasks of TodoApp(title='TodoApp', classes={'-dark-mode'}, pseudo_classes={'dark', 'focus'})>
DEBUG:root:get_visible_tasks: filter_status=Status.ACTIVE, filter_category=None, sort_key=None, sort_reverse=False
DEBUG:root:get_visible_tasks() returned: [<core.task.Task object at 0x104e81d30>, <core.task.Task object at 0x104db5220>, <core.task.Task object at 0x105315e50>, <core.task.Task object at 0x105315ee0>]
DEBUG:root:type: <class 'list'>
DEBUG:root:Filter applied f i 
DEBUG:root:get_visible_tasks attr: <bound method TodoApp.get_visible_tasks of TodoApp(title='TodoApp', classes={'-dark-mode'}, pseudo_classes={'dark', 'focus'})>
DEBUG:root:get_visible_tasks: filter_status=Status.IN_PROGRESS, filter_category=None, sort_key=None, sort_reverse=False
DEBUG:root:get_visible_tasks() returned: []
DEBUG:root:type: <class 'list'>
DEBUG:root:Filter applied f i 
DEBUG:root:get_visible_tasks attr: <bound method TodoApp.get_visible_tasks of TodoApp(title='TodoApp', classes={'-dark-mode'}, pseudo_classes={'dark', 'focus'})>
DEBUG:root:get_visible_tasks: filter_status=Status.IN_PROGRESS, filter_category=None, sort_key=None, sort_reverse=False
DEBUG:root:get_visible_tasks() returned: []
DEBUG:root:type: <class 'list'>
DEBUG:root:Filter applied f a 
DEBUG:root:get_visible_tasks attr: <bound method TodoApp.get_visible_tasks of TodoApp(title='TodoApp', classes={'-dark-mode'}, pseudo_classes={'dark', 'focus'})>
DEBUG:root:get_visible_tasks: filter_status=Status.ACTIVE, filter_category=None, sort_key=None, sort_reverse=False
DEBUG:root:get_visible_tasks() returned: [<core.task.Task object at 0x104e81d30>, <core.task.Task object at 0x104db5220>, <core.task.Task object at 0x105315e50>, <core.task.Task object at 0x105315ee0>]
DEBUG:root:type: <class 'list'>
DEBUG:root:Filter applied f c 
DEBUG:root:get_visible_tasks attr: <bound method TodoApp.get_visible_tasks of TodoApp(title='TodoApp', classes={'-dark-mode'}, pseudo_classes={'dark', 'focus'})>
DEBUG:root:get_visible_tasks: filter_status=Status.CANCELLED, filter_category=None, sort_key=None, sort_reverse=False
DEBUG:root:get_visible_tasks() returned: []
DEBUG:root:type: <class 'list'>
DEBUG:root:Filter applied f a 
DEBUG:root:get_visible_tasks attr: <bound method TodoApp.get_visible_tasks of TodoApp(title='TodoApp', classes={'-dark-mode'}, pseudo_classes={'dark', 'focus'})>
DEBUG:root:get_visible_tasks: filter_status=Status.ACTIVE, filter_category=None, sort_key=None, sort_reverse=False
DEBUG:root:get_visible_tasks() returned: [<core.task.Task object at 0x104e81d30>, <core.task.Task object at 0x104db5220>, <core.task.Task object at 0x105315e50>, <core.task.Task object at 0x105315ee0>]
DEBUG:root:type: <class 'list'>
DEBUG:root:Filter applied f i 
DEBUG:root:get_visible_tasks attr: <bound method TodoApp.get_visible_tasks of TodoApp(title='TodoApp', classes={'-dark-mode'}, pseudo_classes={'dark', 'focus'})>
DEBUG:root:get_visible_tasks: filter_status=Status.IN_PROGRESS, filter_category=None, sort_key=None, sort_reverse=False
DEBUG:root:get_visible_tasks() returned: []
DEBUG:root:type: <class 'list'>
DEBUG:root:Filter applied f a 
DEBUG:root:get_visible_tasks attr: <bound method TodoApp.get_visible_tasks of TodoApp(title='TodoApp', classes={'-dark-mode'}, pseudo_classes={'dark', 'focus'})>
DEBUG:root:get_visible_tasks: filter_status=Status.ACTIVE, filter_category=None, sort_key=None, sort_reverse=False
DEBUG:root:get_visible_tasks() returned: [<core.task.Task object at 0x104e81d30>, <core.task.Task object at 0x104db5220>, <core.task.Task object at 0x105315e50>, <core.task.Task object at 0x105315ee0>]
DEBUG:root:type: <class 'list'>
DEBUG:root:Filter applied f c 
DEBUG:root:get_visible_tasks attr: <bound method TodoApp.get_visible_tasks of TodoApp(title='TodoApp', classes={'-dark-mode'}, pseudo_classes={'dark', 'focus'})>
DEBUG:root:get_visible_tasks: filter_status=Status.CANCELLED, filter_category=None, sort_key=None, sort_reverse=False
DEBUG:root:get_visible_tasks() returned: []
DEBUG:root:type: <class 'list'>
DEBUG:root:Filter applied f c 
DEBUG:root:get_visible_tasks attr: <bound method TodoApp.get_visible_tasks of TodoApp(title='TodoApp', classes={'-dark-mode'}, pseudo_classes={'dark', 'focus'})>
DEBUG:root:get_visible_tasks: filter_status=Status.CANCELLED, filter_category=None, sort_key=None, sort_reverse=False
DEBUG:root:get_visible_tasks() returned: []
DEBUG:root:type: <class 'list'>
DEBUG:root:Filter applied f h 
DEBUG:root:get_visible_tasks attr: <bound method TodoApp.get_visible_tasks of TodoApp(title='TodoApp', classes={'-dark-mode'}, pseudo_classes={'dark', 'focus'})>
DEBUG:root:get_visible_tasks: filter_status=Status.HOLD, filter_category=None, sort_key=None, sort_reverse=False
DEBUG:root:get_visible_tasks() returned: []
DEBUG:root:type: <class 'list'>
DEBUG:root:Filter applied f i 
DEBUG:root:get_visible_tasks attr: <bound method TodoApp.get_visible_tasks of TodoApp(title='TodoApp', classes={'-dark-mode'}, pseudo_classes={'dark', 'focus'})>
DEBUG:root:get_visible_tasks: filter_status=Status.IN_PROGRESS, filter_category=None, sort_key=None, sort_reverse=False
DEBUG:root:get_visible_tasks() returned: []
DEBUG:root:type: <class 'list'>
DEBUG:root:Filter applied f i 
DEBUG:root:get_visible_tasks attr: <bound method TodoApp.get_visible_tasks of TodoApp(title='TodoApp', classes={'-dark-mode'}, pseudo_classes={'dark', 'focus'})>
DEBUG:root:get_visible_tasks: filter_status=Status.IN_PROGRESS, filter_category=None, sort_key=None, sort_reverse=False
DEBUG:root:get_visible_tasks() returned: []
DEBUG:root:type: <class 'list'>
DEBUG:root:Filter applied f c 
DEBUG:root:get_visible_tasks attr: <bound method TodoApp.get_visible_tasks of TodoApp(title='TodoApp', classes={'-dark-mode'}, pseudo_classes={'dark', 'focus'})>
DEBUG:root:get_visible_tasks: filter_status=Status.CANCELLED, filter_category=None, sort_key=None, sort_reverse=False
DEBUG:root:get_visible_tasks() returned: []
DEBUG:root:type: <class 'list'>
DEBUG:root:Filter applied f i 
DEBUG:root:get_visible_tasks attr: <bound method TodoApp.get_visible_tasks of TodoApp(title='TodoApp', classes={'-dark-mode'}, pseudo_classes={'dark', 'focus'})>
DEBUG:root:get_visible_tasks: filter_status=Status.IN_PROGRESS, filter_category=None, sort_key=None, sort_reverse=False
DEBUG:root:get_visible_tasks() returned: []
DEBUG:root:type: <class 'list'>
DEBUG:root:Filter applied f i 
DEBUG:root:get_visible_tasks attr: <bound method TodoApp.get_visible_tasks of TodoApp(title='TodoApp', classes={'-dark-mode'}, pseudo_classes={'dark', 'focus'})>
DEBUG:root:get_visible_tasks: filter_status=Status.IN_PROGRESS, filter_category=None, sort_key=None, sort_reverse=False
DEBUG:root:get_visible_tasks() returned: []
DEBUG:root:type: <class 'list'>
DEBUG:root:Filter applied f i 
DEBUG:root:get_visible_tasks attr: <bound method TodoApp.get_visible_tasks of TodoApp(title='TodoApp', classes={'-dark-mode'}, pseudo_classes={'dark', 'focus'})>
DEBUG:root:get_visible_tasks: filter_status=Status.IN_PROGRESS, filter_category=None, sort_key=None, sort_reverse=False
DEBUG:root:get_visible_tasks() returned: []
DEBUG:root:type: <class 'list'>
DEBUG:root:Filter applied f i 
DEBUG:root:get_visible_tasks attr: <bound method TodoApp.get_visible_tasks of TodoApp(title='TodoApp', classes={'-dark-mode'}, pseudo_classes={'dark', 'focus'})>
DEBUG:root:get_visible_tasks: filter_status=Status.IN_PROGRESS, filter_category=None, sort_key=None, sort_reverse=False
DEBUG:root:get_visible_tasks() returned: []
DEBUG:root:type: <class 'list'>
DEBUG:root:Filter applied f c 
DEBUG:root:get_visible_tasks attr: <bound method TodoApp.get_visible_tasks of TodoApp(title='TodoApp', classes={'-dark-mode'}, pseudo_classes={'dark', 'focus'})>
DEBUG:root:get_visible_tasks: filter_status=Status.CANCELLED, filter_category=None, sort_key=None, sort_reverse=False
DEBUG:root:get_visible_tasks() returned: []
DEBUG:root:type: <class 'list'>
DEBUG:root:Filter applied f c 
DEBUG:root:get_visible_tasks attr: <bound method TodoApp.get_visible_tasks of TodoApp(title='TodoApp', classes={'-dark-mode'}, pseudo_classes={'dark', 'focus'})>
DEBUG:root:get_visible_tasks: filter_status=Status.CANCELLED, filter_category=None, sort_key=None, sort_reverse=False
DEBUG:root:get_visible_tasks() returned: []
DEBUG:root:type: <class 'list'>
DEBUG:root:Filter applied f h 
DEBUG:root:get_visible_tasks attr: <bound method TodoApp.get_visible_tasks of TodoApp(title='TodoApp', classes={'-dark-mode'}, pseudo_classes={'dark', 'focus'})>
DEBUG:root:get_visible_tasks: filter_status=Status.HOLD, filter_category=None, sort_key=None, sort_reverse=False
DEBUG:root:get_visible_tasks() returned: []
DEBUG:root:type: <class 'list'>
DEBUG:root:Filter applied f c 
DEBUG:root:get_visible_tasks attr: <bound method TodoApp.get_visible_tasks of TodoApp(title='TodoApp', classes={'-dark-mode'}, pseudo_classes={'dark', 'focus'})>
DEBUG:root:get_visible_tasks: filter_status=Status.CANCELLED, filter_category=None, sort_key=None, sort_reverse=False
DEBUG:root:get_visible_tasks() returned: []
DEBUG:root:type: <class 'list'>
DEBUG:root:Filter applied f c 
DEBUG:root:get_visible_tasks attr: <bound method TodoApp.get_visible_tasks of TodoApp(title='TodoApp', classes={'-dark-mode'}, pseudo_classes={'dark', 'focus'})>
DEBUG:root:get_visible_tasks: filter_status=Status.CANCELLED, filter_category=None, sort_key=None, sort_reverse=False
DEBUG:root:get_visible_tasks() returned: []
DEBUG:root:type: <class 'list'>
DEBUG:root:Filter applied f c 
DEBUG:root:get_visible_tasks attr: <bound method TodoApp.get_visible_tasks of TodoApp(title='TodoApp', classes={'-dark-mode'}, pseudo_classes={'dark', 'focus'})>
DEBUG:root:get_visible_tasks: filter_status=Status.CANCELLED, filter_category=None, sort_key=None, sort_reverse=False
DEBUG:root:get_visible_tasks() returned: []
DEBUG:root:type: <class 'list'>
DEBUG:root:Filter applied f c 
DEBUG:root:get_visible_tasks attr: <bound method TodoApp.get_visible_tasks of TodoApp(title='TodoApp', classes={'-dark-mode'}, pseudo_classes={'dark', 'focus'})>
DEBUG:root:get_visible_tasks: filter_status=Status.CANCELLED, filter_category=None, sort_key=None, sort_reverse=False
DEBUG:root:get_visible_tasks() returned: []
DEBUG:root:type: <class 'list'>
DEBUG:root:Filter applied f c 
DEBUG:root:get_visible_tasks attr: <bound method TodoApp.get_visible_tasks of TodoApp(title='TodoApp', classes={'-dark-mode'}, pseudo_classes={'dark', 'focus'})>
DEBUG:root:get_visible_tasks: filter_status=Status.CANCELLED, filter_category=None, sort_key=None, sort_reverse=False
DEBUG:root:get_visible_tasks() returned: []
DEBUG:root:type: <class 'list'>
DEBUG:root:Filter applied f h 
DEBUG:root:get_visible_tasks attr: <bound method TodoApp.get_visible_tasks of TodoApp(title='TodoApp', classes={'-dark-mode'}, pseudo_classes={'dark', 'focus'})>
DEBUG:root:get_visible_tasks: filter_status=Status.HOLD, filter_category=None, sort_key=None, sort_reverse=False
DEBUG:root:get_visible_tasks() returned: []
DEBUG:root:type: <class 'list'>
DEBUG:root:Filter applied f c 
DEBUG:root:get_visible_tasks attr: <bound method TodoApp.get_visible_tasks of TodoApp(title='TodoApp', classes={'-dark-mode'}, pseudo_classes={'dark', 'focus'})>
DEBUG:root:get_visible_tasks: filter_status=Status.CANCELLED, filter_category=None, sort_key=None, sort_reverse=False
DEBUG:root:get_visible_tasks() returned: []
DEBUG:root:type: <class 'list'>
DEBUG:root:Filter applied f c 
DEBUG:root:get_visible_tasks attr: <bound method TodoApp.get_visible_tasks of TodoApp(title='TodoApp', classes={'-dark-mode'}, pseudo_classes={'dark', 'focus'})>
DEBUG:root:get_visible_tasks: filter_status=Status.CANCELLED, filter_category=None, sort_key=None, sort_reverse=False
DEBUG:root:get_visible_tasks() returned: []
DEBUG:root:type: <class 'list'>
DEBUG:root:Filter applied f c 
DEBUG:root:get_visible_tasks attr: <bound method TodoApp.get_visible_tasks of TodoApp(title='TodoApp', classes={'-dark-mode'}, pseudo_classes={'dark', 'focus'})>
DEBUG:root:get_visible_tasks: filter_status=Status.CANCELLED, filter_category=None, sort_key=None, sort_reverse=False
DEBUG:root:get_visible_tasks() returned: []
DEBUG:root:type: <class 'list'>
DEBUG:root:Filter applied f c 
DEBUG:root:get_visible_tasks attr: <bound method TodoApp.get_visible_tasks of TodoApp(title='TodoApp', classes={'-dark-mode'}, pseudo_classes={'dark', 'focus'})>
DEBUG:root:get_visible_tasks: filter_status=Status.CANCELLED, filter_category=None, sort_key=None, sort_reverse=False
DEBUG:root:get_visible_tasks() returned: []
DEBUG:root:type: <class 'list'>
DEBUG:root:Filter applied f h 
DEBUG:root:get_visible_tasks attr: <bound method TodoApp.get_visible_tasks of TodoApp(title='TodoApp', classes={'-dark-mode'}, pseudo_classes={'dark', 'focus'})>
DEBUG:root:get_visible_tasks: filter_status=Status.HOLD, filter_category=None, sort_key=None, sort_reverse=False
DEBUG:root:get_visible_tasks() returned: []
DEBUG:root:type: <class 'list'>
DEBUG:root:Filter applied f c 
DEBUG:root:get_visible_tasks attr: <bound method TodoApp.get_visible_tasks of TodoApp(title='TodoApp', classes={'-dark-mode'}, pseudo_classes={'dark', 'focus'})>
DEBUG:root:get_visible_tasks: filter_status=Status.CANCELLED, filter_category=None, sort_key=None, sort_reverse=False
DEBUG:root:get_visible_tasks() returned: []
DEBUG:root:type: <class 'list'>
DEBUG:root:Filter applied f c 
DEBUG:root:get_visible_tasks attr: <bound method TodoApp.get_visible_tasks of TodoApp(title='TodoApp', classes={'-dark-mode'}, pseudo_classes={'dark', 'focus'})>
DEBUG:root:get_visible_tasks: filter_status=Status.CANCELLED, filter_category=None, sort_key=None, sort_reverse=False
DEBUG:root:get_visible_tasks() returned: []
DEBUG:root:type: <class 'list'>
DEBUG:root:Filter applied f c 
DEBUG:root:get_visible_tasks attr: <bound method TodoApp.get_visible_tasks of TodoApp(title='TodoApp', classes={'-dark-mode'}, pseudo_classes={'dark', 'focus'})>
DEBUG:root:get_visible_tasks: filter_status=Status.CANCELLED, filter_category=None, sort_key=None, sort_reverse=False
DEBUG:root:get_visible_tasks() returned: []
DEBUG:root:type: <class 'list'>
DEBUG:root:Filter applied f c 
DEBUG:root:get_visible_tasks attr: <bound method TodoApp.get_visible_tasks of TodoApp(title='TodoApp', classes={'-dark-mode'}, pseudo_classes={'dark', 'focus'})>
DEBUG:root:get_visible_tasks: filter_status=Status.CANCELLED, filter_category=None, sort_key=None, sort_reverse=False
DEBUG:root:get_visible_tasks() returned: []
DEBUG:root:type: <class 'list'>
DEBUG:root:Filter applied f c 
DEBUG:root:get_visible_tasks attr: <bound method TodoApp.get_visible_tasks of TodoApp(title='TodoApp', classes={'-dark-mode'}, pseudo_classes={'dark', 'focus'})>
DEBUG:root:get_visible_tasks: filter_status=Status.CANCELLED, filter_category=None, sort_key=None, sort_reverse=False
DEBUG:root:get_visible_tasks() returned: []
DEBUG:root:type: <class 'list'>
DEBUG:root:Filter applied f h 
DEBUG:root:get_visible_tasks attr: <bound method TodoApp.get_visible_tasks of TodoApp(title='TodoApp', classes={'-dark-mode'}, pseudo_classes={'dark', 'focus'})>
DEBUG:root:get_visible_tasks: filter_status=Status.HOLD, filter_category=None, sort_key=None, sort_reverse=False
DEBUG:root:get_visible_tasks() returned: []
DEBUG:root:type: <class 'list'>
DEBUG:root:Filter applied f c 
DEBUG:root:get_visible_tasks attr: <bound method TodoApp.get_visible_tasks of TodoApp(title='TodoApp', classes={'-dark-mode'}, pseudo_classes={'dark', 'focus'})>
DEBUG:root:get_visible_tasks: filter_status=Status.CANCELLED, filter_category=None, sort_key=None, sort_reverse=False
DEBUG:root:get_visible_tasks() returned: []
DEBUG:root:type: <class 'list'>
DEBUG:root:Filter applied f c 
DEBUG:root:get_visible_tasks attr: <bound method TodoApp.get_visible_tasks of TodoApp(title='TodoApp', classes={'-dark-mode'}, pseudo_classes={'dark', 'focus'})>
DEBUG:root:get_visible_tasks: filter_status=Status.CANCELLED, filter_category=None, sort_key=None, sort_reverse=False
DEBUG:root:get_visible_tasks() returned: []
DEBUG:root:type: <class 'list'>
DEBUG:root:Filter applied f c 
DEBUG:root:get_visible_tasks attr: <bound method TodoApp.get_visible_tasks of TodoApp(title='TodoApp', classes={'-dark-mode'}, pseudo_classes={'dark', 'focus'})>
DEBUG:root:get_visible_tasks: filter_status=Status.CANCELLED, filter_category=None, sort_key=None, sort_reverse=False
DEBUG:root:get_visible_tasks() returned: []
DEBUG:root:type: <class 'list'>
DEBUG:root:Filter applied f c 
DEBUG:root:get_visible_tasks attr: <bound method TodoApp.get_visible_tasks of TodoApp(title='TodoApp', classes={'-dark-mode'}, pseudo_classes={'dark', 'focus'})>
DEBUG:root:get_visible_tasks: filter_status=Status.CANCELLED, filter_category=None, sort_key=None, sort_reverse=False
DEBUG:root:get_visible_tasks() returned: []
DEBUG:root:type: <class 'list'>
DEBUG:root:Filter applied f h 
DEBUG:root:get_visible_tasks attr: <bound method TodoApp.get_visible_tasks of TodoApp(title='TodoApp', classes={'-dark-mode'}, pseudo_classes={'dark', 'focus'})>
DEBUG:root:get_visible_tasks: filter_status=Status.HOLD, filter_category=None, sort_key=None, sort_reverse=False
DEBUG:root:get_visible_tasks() returned: []
DEBUG:root:type: <class 'list'>
DEBUG:root:Filter applied f c 
DEBUG:root:get_visible_tasks attr: <bound method TodoApp.get_visible_tasks of TodoApp(title='TodoApp', classes={'-dark-mode'}, pseudo_classes={'dark', 'focus'})>
DEBUG:root:get_visible_tasks: filter_status=Status.CANCELLED, filter_category=None, sort_key=None, sort_reverse=False
DEBUG:root:get_visible_tasks() returned: []
DEBUG:root:type: <class 'list'>
DEBUG:root:Filter applied f h 
DEBUG:root:get_visible_tasks attr: <bound method TodoApp.get_visible_tasks of TodoApp(title='TodoApp', classes={'-dark-mode'}, pseudo_classes={'dark', 'focus'})>
DEBUG:root:get_visible_tasks: filter_status=Status.HOLD, filter_category=None, sort_key=None, sort_reverse=False
DEBUG:root:get_visible_tasks() returned: []
DEBUG:root:type: <class 'list'>
DEBUG:root:Filter applied f i 
DEBUG:root:get_visible_tasks attr: <bound method TodoApp.get_visible_tasks of TodoApp(title='TodoApp', classes={'-dark-mode'}, pseudo_classes={'dark', 'focus'})>
DEBUG:root:get_visible_tasks: filter_status=Status.IN_PROGRESS, filter_category=None, sort_key=None, sort_reverse=False
DEBUG:root:get_visible_tasks() returned: []
DEBUG:root:type: <class 'list'>
DEBUG:root:Filter applied f i 
DEBUG:root:get_visible_tasks attr: <bound method TodoApp.get_visible_tasks of TodoApp(title='TodoApp', classes={'-dark-mode'}, pseudo_classes={'dark', 'focus'})>
DEBUG:root:get_visible_tasks: filter_status=Status.IN_PROGRESS, filter_category=None, sort_key=None, sort_reverse=False
DEBUG:root:get_visible_tasks() returned: []
DEBUG:root:type: <class 'list'>
DEBUG:root:Filter applied f i 
DEBUG:root:get_visible_tasks attr: <bound method TodoApp.get_visible_tasks of TodoApp(title='TodoApp', classes={'-dark-mode'}, pseudo_classes={'dark', 'focus'})>
DEBUG:root:get_visible_tasks: filter_status=Status.IN_PROGRESS, filter_category=None, sort_key=None, sort_reverse=False
DEBUG:root:get_visible_tasks() returned: []
DEBUG:root:type: <class 'list'>
DEBUG:root:Filter applied f i 
DEBUG:root:get_visible_tasks attr: <bound method TodoApp.get_visible_tasks of TodoApp(title='TodoApp', classes={'-dark-mode'}, pseudo_classes={'dark', 'focus'})>
DEBUG:root:get_visible_tasks: filter_status=Status.IN_PROGRESS, filter_category=None, sort_key=None, sort_reverse=False
DEBUG:root:get_visible_tasks() returned: []
DEBUG:root:type: <class 'list'>
DEBUG:root:Filter applied f i 
DEBUG:root:get_visible_tasks attr: <bound method TodoApp.get_visible_tasks of TodoApp(title='TodoApp', classes={'-dark-mode'}, pseudo_classes={'dark', 'focus'})>
DEBUG:root:get_visible_tasks: filter_status=Status.IN_PROGRESS, filter_category=None, sort_key=None, sort_reverse=False
DEBUG:root:get_visible_tasks() returned: []
DEBUG:root:type: <class 'list'>
DEBUG:root:Filter applied f i 
DEBUG:root:get_visible_tasks attr: <bound method TodoApp.get_visible_tasks of TodoApp(title='TodoApp', classes={'-dark-mode'}, pseudo_classes={'dark', 'focus'})>
DEBUG:root:get_visible_tasks: filter_status=Status.IN_PROGRESS, filter_category=None, sort_key=None, sort_reverse=False
DEBUG:root:get_visible_tasks() returned: []
DEBUG:root:type: <class 'list'>
DEBUG:root:Filter applied f a 
DEBUG:root:get_visible_tasks attr: <bound method TodoApp.get_visible_tasks of TodoApp(title='TodoApp', classes={'-dark-mode'}, pseudo_classes={'dark', 'focus'})>
DEBUG:root:get_visible_tasks: filter_status=Status.ACTIVE, filter_category=None, sort_key=None, sort_reverse=False
DEBUG:root:get_visible_tasks() returned: [<core.task.Task object at 0x104e81d30>, <core.task.Task object at 0x104db5220>, <core.task.Task object at 0x105315e50>, <core.task.Task object at 0x105315ee0>]
DEBUG:root:type: <class 'list'>
DEBUG:root:Filter applied f a 
DEBUG:root:get_visible_tasks attr: <bound method TodoApp.get_visible_tasks of TodoApp(title='TodoApp', classes={'-dark-mode'}, pseudo_classes={'dark', 'focus'})>
DEBUG:root:get_visible_tasks: filter_status=Status.ACTIVE, filter_category=None, sort_key=None, sort_reverse=False
DEBUG:root:get_visible_tasks() returned: [<core.task.Task object at 0x104e81d30>, <core.task.Task object at 0x104db5220>, <core.task.Task object at 0x105315e50>, <core.task.Task object at 0x105315ee0>]
DEBUG:root:type: <class 'list'>
DEBUG:root:Filter applied f x 
DEBUG:root:get_visible_tasks attr: <bound method TodoApp.get_visible_tasks of TodoApp(title='TodoApp', classes={'-dark-mode'}, pseudo_classes={'dark', 'focus'})>
DEBUG:root:get_visible_tasks: filter_status=None, filter_category=None, sort_key=None, sort_reverse=False
DEBUG:root:get_visible_tasks() returned: [<core.task.Task object at 0x104e81d30>, <core.task.Task object at 0x104db5220>, <core.task.Task object at 0x105315e50>, <core.task.Task object at 0x105315ee0>]
DEBUG:root:type: <class 'list'>
DEBUG:root:Filter applied f i 
DEBUG:root:get_visible_tasks attr: <bound method TodoApp.get_visible_tasks of TodoApp(title='TodoApp', classes={'-dark-mode'}, pseudo_classes={'dark', 'focus'})>
DEBUG:root:get_visible_tasks: filter_status=Status.IN_PROGRESS, filter_category=None, sort_key=None, sort_reverse=False
DEBUG:root:get_visible_tasks() returned: []
DEBUG:root:type: <class 'list'>
DEBUG:root:Filter applied f a 
DEBUG:root:get_visible_tasks attr: <bound method TodoApp.get_visible_tasks of TodoApp(title='TodoApp', classes={'-dark-mode'}, pseudo_classes={'dark', 'focus'})>
DEBUG:root:get_visible_tasks: filter_status=Status.ACTIVE, filter_category=None, sort_key=None, sort_reverse=False
DEBUG:root:get_visible_tasks() returned: [<core.task.Task object at 0x104e81d30>, <core.task.Task object at 0x104db5220>, <core.task.Task object at 0x105315e50>, <core.task.Task object at 0x105315ee0>]
DEBUG:root:type: <class 'list'>
DEBUG:root:Filter applied f a 
DEBUG:root:get_visible_tasks attr: <bound method TodoApp.get_visible_tasks of TodoApp(title='TodoApp', classes={'-dark-mode'}, pseudo_classes={'dark', 'focus'})>
DEBUG:root:get_visible_tasks: filter_status=Status.ACTIVE, filter_category=None, sort_key=None, sort_reverse=False
DEBUG:root:get_visible_tasks() returned: [<core.task.Task object at 0x104e81d30>, <core.task.Task object at 0x104db5220>, <core.task.Task object at 0x105315e50>, <core.task.Task object at 0x105315ee0>]
DEBUG:root:type: <class 'list'>
DEBUG:root:Filter applied f x 
DEBUG:root:get_visible_tasks attr: <bound method TodoApp.get_visible_tasks of TodoApp(title='TodoApp', classes={'-dark-mode'}, pseudo_classes={'dark', 'focus'})>
DEBUG:root:get_visible_tasks: filter_status=None, filter_category=None, sort_key=None, sort_reverse=False
DEBUG:root:get_visible_tasks() returned: [<core.task.Task object at 0x104e81d30>, <core.task.Task object at 0x104db5220>, <core.task.Task object at 0x105315e50>, <core.task.Task object at 0x105315ee0>]
DEBUG:root:type: <class 'list'>
DEBUG:root:Filter applied f a 
DEBUG:root:get_visible_tasks attr: <bound method TodoApp.get_visible_tasks of TodoApp(title='TodoApp', classes={'-dark-mode'}, pseudo_classes={'dark', 'focus'})>
DEBUG:root:get_visible_tasks: filter_status=Status.ACTIVE, filter_category=None, sort_key=None, sort_reverse=False
DEBUG:root:get_visible_tasks() returned: [<core.task.Task object at 0x104e81d30>, <core.task.Task object at 0x104db5220>, <core.task.Task object at 0x105315e50>, <core.task.Task object at 0x105315ee0>]
DEBUG:root:type: <class 'list'>
DEBUG:root:Filter applied f x 
DEBUG:root:get_visible_tasks attr: <bound method TodoApp.get_visible_tasks of TodoApp(title='TodoApp', classes={'-dark-mode'}, pseudo_classes={'dark', 'focus'})>
DEBUG:root:get_visible_tasks: filter_status=None, filter_category=None, sort_key=None, sort_reverse=False
DEBUG:root:get_visible_tasks() returned: [<core.task.Task object at 0x104e81d30>, <core.task.Task object at 0x104db5220>, <core.task.Task object at 0x105315e50>, <core.task.Task object at 0x105315ee0>]
DEBUG:root:type: <class 'list'>
DEBUG:root:Filter applied f i 
DEBUG:root:get_visible_tasks attr: <bound method TodoApp.get_visible_tasks of TodoApp(title='TodoApp', classes={'-dark-mode'}, pseudo_classes={'dark', 'focus'})>
DEBUG:root:get_visible_tasks: filter_status=Status.IN_PROGRESS, filter_category=None, sort_key=None, sort_reverse=False
DEBUG:root:get_visible_tasks() returned: []
DEBUG:root:type: <class 'list'>
DEBUG:root:Filter applied f a 
DEBUG:root:get_visible_tasks attr: <bound method TodoApp.get_visible_tasks of TodoApp(title='TodoApp', classes={'-dark-mode'}, pseudo_classes={'dark', 'focus'})>
DEBUG:root:get_visible_tasks: filter_status=Status.ACTIVE, filter_category=None, sort_key=None, sort_reverse=False
DEBUG:root:get_visible_tasks() returned: [<core.task.Task object at 0x104e81d30>, <core.task.Task object at 0x104db5220>, <core.task.Task object at 0x105315e50>, <core.task.Task object at 0x105315ee0>]
DEBUG:root:type: <class 'list'>
DEBUG:root:Filter applied f a 
DEBUG:root:get_visible_tasks attr: <bound method TodoApp.get_visible_tasks of TodoApp(title='TodoApp', classes={'-dark-mode'}, pseudo_classes={'dark', 'focus'})>
DEBUG:root:get_visible_tasks: filter_status=Status.ACTIVE, filter_category=None, sort_key=None, sort_reverse=False
DEBUG:root:get_visible_tasks() returned: [<core.task.Task object at 0x104e81d30>, <core.task.Task object at 0x104db5220>, <core.task.Task object at 0x105315e50>, <core.task.Task object at 0x105315ee0>]
DEBUG:root:type: <class 'list'>
DEBUG:root:Filter applied f a 
DEBUG:root:get_visible_tasks attr: <bound method TodoApp.get_visible_tasks of TodoApp(title='TodoApp', classes={'-dark-mode'}, pseudo_classes={'dark', 'focus'})>
DEBUG:root:get_visible_tasks: filter_status=Status.ACTIVE, filter_category=None, sort_key=None, sort_reverse=False
DEBUG:root:get_visible_tasks() returned: [<core.task.Task object at 0x104e81d30>, <core.task.Task object at 0x104db5220>, <core.task.Task object at 0x105315e50>, <core.task.Task object at 0x105315ee0>]
DEBUG:root:type: <class 'list'>
DEBUG:root:Filter applied f a 
DEBUG:root:get_visible_tasks attr: <bound method TodoApp.get_visible_tasks of TodoApp(title='TodoApp', classes={'-dark-mode'}, pseudo_classes={'dark', 'focus'})>
DEBUG:root:get_visible_tasks: filter_status=Status.ACTIVE, filter_category=None, sort_key=None, sort_reverse=False
DEBUG:root:get_visible_tasks() returned: [<core.task.Task object at 0x104e81d30>, <core.task.Task object at 0x104db5220>, <core.task.Task object at 0x105315e50>, <core.task.Task object at 0x105315ee0>]
DEBUG:root:type: <class 'list'>
DEBUG:root:Filter applied f h 
DEBUG:root:get_visible_tasks attr: <bound method TodoApp.get_visible_tasks of TodoApp(title='TodoApp', classes={'-dark-mode'}, pseudo_classes={'dark', 'focus'})>
DEBUG:root:get_visible_tasks: filter_status=Status.HOLD, filter_category=None, sort_key=None, sort_reverse=False
DEBUG:root:get_visible_tasks() returned: []
DEBUG:root:type: <class 'list'>
DEBUG:root:Filter applied f i 
DEBUG:root:get_visible_tasks attr: <bound method TodoApp.get_visible_tasks of TodoApp(title='TodoApp', classes={'-dark-mode'}, pseudo_classes={'dark', 'focus'})>
DEBUG:root:get_visible_tasks: filter_status=Status.IN_PROGRESS, filter_category=None, sort_key=None, sort_reverse=False
DEBUG:root:get_visible_tasks() returned: []
DEBUG:root:type: <class 'list'>
DEBUG:root:Filter applied f a 
DEBUG:root:get_visible_tasks attr: <bound method TodoApp.get_visible_tasks of TodoApp(title='TodoApp', classes={'-dark-mode'}, pseudo_classes={'dark', 'focus'})>
DEBUG:root:get_visible_tasks: filter_status=Status.ACTIVE, filter_category=None, sort_key=None, sort_reverse=False
DEBUG:root:get_visible_tasks() returned: [<core.task.Task object at 0x104e81d30>, <core.task.Task object at 0x104db5220>, <core.task.Task object at 0x105315e50>, <core.task.Task object at 0x105315ee0>]
DEBUG:root:type: <class 'list'>
DEBUG:root:Filter applied f i 
DEBUG:root:get_visible_tasks attr: <bound method TodoApp.get_visible_tasks of TodoApp(title='TodoApp', classes={'-dark-mode'}, pseudo_classes={'dark', 'focus'})>
DEBUG:root:get_visible_tasks: filter_status=Status.IN_PROGRESS, filter_category=None, sort_key=None, sort_reverse=False
DEBUG:root:get_visible_tasks() returned: []
DEBUG:root:type: <class 'list'>
DEBUG:root:Filter applied f a 
DEBUG:root:get_visible_tasks attr: <bound method TodoApp.get_visible_tasks of TodoApp(title='TodoApp', classes={'-dark-mode'}, pseudo_classes={'dark', 'focus'})>
DEBUG:root:get_visible_tasks: filter_status=Status.ACTIVE, filter_category=None, sort_key=None, sort_reverse=False
DEBUG:root:get_visible_tasks() returned: [<core.task.Task object at 0x104e81d30>, <core.task.Task object at 0x104db5220>, <core.task.Task object at 0x105315e50>, <core.task.Task object at 0x105315ee0>]
DEBUG:root:type: <class 'list'>
DEBUG:root:Filter applied f i 
DEBUG:root:get_visible_tasks attr: <bound method TodoApp.get_visible_tasks of TodoApp(title='TodoApp', classes={'-dark-mode'}, pseudo_classes={'dark', 'focus'})>
DEBUG:root:get_visible_tasks: filter_status=Status.IN_PROGRESS, filter_category=None, sort_key=None, sort_reverse=False
DEBUG:root:get_visible_tasks() returned: []
DEBUG:root:type: <class 'list'>
DEBUG:root:Filter applied f i 
DEBUG:root:get_visible_tasks attr: <bound method TodoApp.get_visible_tasks of TodoApp(title='TodoApp', classes={'-dark-mode'}, pseudo_classes={'dark', 'focus'})>
DEBUG:root:get_visible_tasks: filter_status=Status.IN_PROGRESS, filter_category=None, sort_key=None, sort_reverse=False
DEBUG:root:get_visible_tasks() returned: []
DEBUG:root:type: <class 'list'>
DEBUG:root:Filter applied f a 
DEBUG:root:get_visible_tasks attr: <bound method TodoApp.get_visible_tasks of TodoApp(title='TodoApp', classes={'-dark-mode'}, pseudo_classes={'dark', 'focus'})>
DEBUG:root:get_visible_tasks: filter_status=Status.ACTIVE, filter_category=None, sort_key=None, sort_reverse=False
DEBUG:root:get_visible_tasks() returned: [<core.task.Task object at 0x104e81d30>, <core.task.Task object at 0x104db5220>, <core.task.Task object at 0x105315e50>, <core.task.Task object at 0x105315ee0>]
DEBUG:root:type: <class 'list'>
DEBUG:root:Filter applied f i 
DEBUG:root:get_visible_tasks attr: <bound method TodoApp.get_visible_tasks of TodoApp(title='TodoApp', classes={'-dark-mode'}, pseudo_classes={'dark', 'focus'})>
DEBUG:root:get_visible_tasks: filter_status=Status.IN_PROGRESS, filter_category=None, sort_key=None, sort_reverse=False
DEBUG:root:get_visible_tasks() returned: []
DEBUG:root:type: <class 'list'>
DEBUG:root:Filter applied f i 
DEBUG:root:get_visible_tasks attr: <bound method TodoApp.get_visible_tasks of TodoApp(title='TodoApp', classes={'-dark-mode'}, pseudo_classes={'dark', 'focus'})>
DEBUG:root:get_visible_tasks: filter_status=Status.IN_PROGRESS, filter_category=None, sort_key=None, sort_reverse=False
DEBUG:root:get_visible_tasks() returned: []
DEBUG:root:type: <class 'list'>
DEBUG:root:Filter applied f a 
DEBUG:root:get_visible_tasks attr: <bound method TodoApp.get_visible_tasks of TodoApp(title='TodoApp', classes={'-dark-mode'}, pseudo_classes={'dark', 'focus'})>
DEBUG:root:get_visible_tasks: filter_status=Status.ACTIVE, filter_category=None, sort_key=None, sort_reverse=False
DEBUG:root:get_visible_tasks() returned: [<core.task.Task object at 0x104e81d30>, <core.task.Task object at 0x104db5220>, <core.task.Task object at 0x105315e50>, <core.task.Task object at 0x105315ee0>]
DEBUG:root:type: <class 'list'>
DEBUG:root:Filter applied f i 
DEBUG:root:get_visible_tasks attr: <bound method TodoApp.get_visible_tasks of TodoApp(title='TodoApp', classes={'-dark-mode'}, pseudo_classes={'dark', 'focus'})>
DEBUG:root:get_visible_tasks: filter_status=Status.IN_PROGRESS, filter_category=None, sort_key=None, sort_reverse=False
DEBUG:root:get_visible_tasks() returned: []
DEBUG:root:type: <class 'list'>
DEBUG:root:Filter applied f i 
DEBUG:root:get_visible_tasks attr: <bound method TodoApp.get_visible_tasks of TodoApp(title='TodoApp', classes={'-dark-mode'}, pseudo_classes={'dark', 'focus'})>
DEBUG:root:get_visible_tasks: filter_status=Status.IN_PROGRESS, filter_category=None, sort_key=None, sort_reverse=False
DEBUG:root:get_visible_tasks() returned: []
DEBUG:root:type: <class 'list'>
DEBUG:root:Filter applied f i 
DEBUG:root:get_visible_tasks attr: <bound method TodoApp.get_visible_tasks of TodoApp(title='TodoApp', classes={'-dark-mode'}, pseudo_classes={'dark', 'focus'})>
DEBUG:root:get_visible_tasks: filter_status=Status.IN_PROGRESS, filter_category=None, sort_key=None, sort_reverse=False
DEBUG:root:get_visible_tasks() returned: []
DEBUG:root:type: <class 'list'>
DEBUG:root:Filter applied f a 
DEBUG:root:get_visible_tasks attr: <bound method TodoApp.get_visible_tasks of TodoApp(title='TodoApp', classes={'-dark-mode'}, pseudo_classes={'dark', 'focus'})>
DEBUG:root:get_visible_tasks: filter_status=Status.ACTIVE, filter_category=None, sort_key=None, sort_reverse=False
DEBUG:root:get_visible_tasks() returned: [<core.task.Task object at 0x104e81d30>, <core.task.Task object at 0x104db5220>, <core.task.Task object at 0x105315e50>, <core.task.Task object at 0x105315ee0>]
DEBUG:root:type: <class 'list'>
DEBUG:root:Filter applied f i 
DEBUG:root:get_visible_tasks attr: <bound method TodoApp.get_visible_tasks of TodoApp(title='TodoApp', classes={'-dark-mode'}, pseudo_classes={'dark', 'focus'})>
DEBUG:root:get_visible_tasks: filter_status=Status.IN_PROGRESS, filter_category=None, sort_key=None, sort_reverse=False
DEBUG:root:get_visible_tasks() returned: []
DEBUG:root:type: <class 'list'>
DEBUG:root:Filter applied f i 
DEBUG:root:get_visible_tasks attr: <bound method TodoApp.get_visible_tasks of TodoApp(title='TodoApp', classes={'-dark-mode'}, pseudo_classes={'dark', 'focus'})>
DEBUG:root:get_visible_tasks: filter_status=Status.IN_PROGRESS, filter_category=None, sort_key=None, sort_reverse=False
DEBUG:root:get_visible_tasks() returned: []
DEBUG:root:type: <class 'list'>
DEBUG:root:Filter applied f i 
DEBUG:root:get_visible_tasks attr: <bound method TodoApp.get_visible_tasks of TodoApp(title='TodoApp', classes={'-dark-mode'}, pseudo_classes={'dark', 'focus'})>
DEBUG:root:get_visible_tasks: filter_status=Status.IN_PROGRESS, filter_category=None, sort_key=None, sort_reverse=False
DEBUG:root:get_visible_tasks() returned: []
DEBUG:root:type: <class 'list'>
DEBUG:root:Filter applied f a 
DEBUG:root:get_visible_tasks attr: <bound method TodoApp.get_visible_tasks of TodoApp(title='TodoApp', classes={'-dark-mode'}, pseudo_classes={'dark', 'focus'})>
DEBUG:root:get_visible_tasks: filter_status=Status.ACTIVE, filter_category=None, sort_key=None, sort_reverse=False
DEBUG:root:get_visible_tasks() returned: [<core.task.Task object at 0x104e81d30>, <core.task.Task object at 0x104db5220>, <core.task.Task object at 0x105315e50>, <core.task.Task object at 0x105315ee0>]
DEBUG:root:type: <class 'list'>
DEBUG:root:Filter applied f i 
DEBUG:root:get_visible_tasks attr: <bound method TodoApp.get_visible_tasks of TodoApp(title='TodoApp', classes={'-dark-mode'}, pseudo_classes={'dark', 'focus'})>
DEBUG:root:get_visible_tasks: filter_status=Status.IN_PROGRESS, filter_category=None, sort_key=None, sort_reverse=False
DEBUG:root:get_visible_tasks() returned: []
DEBUG:root:type: <class 'list'>
DEBUG:root:Filter applied f i 
DEBUG:root:get_visible_tasks attr: <bound method TodoApp.get_visible_tasks of TodoApp(title='TodoApp', classes={'-dark-mode'}, pseudo_classes={'dark', 'focus'})>
DEBUG:root:get_visible_tasks: filter_status=Status.IN_PROGRESS, filter_category=None, sort_key=None, sort_reverse=False
DEBUG:root:get_visible_tasks() returned: []
DEBUG:root:type: <class 'list'>
DEBUG:root:Filter applied f a 
DEBUG:root:get_visible_tasks attr: <bound method TodoApp.get_visible_tasks of TodoApp(title='TodoApp', classes={'-dark-mode'}, pseudo_classes={'dark', 'focus'})>
DEBUG:root:get_visible_tasks: filter_status=Status.ACTIVE, filter_category=None, sort_key=None, sort_reverse=False
DEBUG:root:get_visible_tasks() returned: [<core.task.Task object at 0x104e81d30>, <core.task.Task object at 0x104db5220>, <core.task.Task object at 0x105315e50>, <core.task.Task object at 0x105315ee0>]
DEBUG:root:type: <class 'list'>
DEBUG:root:Filter applied f i 
DEBUG:root:get_visible_tasks attr: <bound method TodoApp.get_visible_tasks of TodoApp(title='TodoApp', classes={'-dark-mode'}, pseudo_classes={'dark', 'focus'})>
DEBUG:root:get_visible_tasks: filter_status=Status.IN_PROGRESS, filter_category=None, sort_key=None, sort_reverse=False
DEBUG:root:get_visible_tasks() returned: []
DEBUG:root:type: <class 'list'>
DEBUG:root:Filter applied f i 
DEBUG:root:get_visible_tasks attr: <bound method TodoApp.get_visible_tasks of TodoApp(title='TodoApp', classes={'-dark-mode'}, pseudo_classes={'dark', 'focus'})>
DEBUG:root:get_visible_tasks: filter_status=Status.IN_PROGRESS, filter_category=None, sort_key=None, sort_reverse=False
DEBUG:root:get_visible_tasks() returned: []
DEBUG:root:type: <class 'list'>
DEBUG:root:Filter applied f i 
DEBUG:root:get_visible_tasks attr: <bound method TodoApp.get_visible_tasks of TodoApp(title='TodoApp', classes={'-dark-mode'}, pseudo_classes={'dark', 'focus'})>
DEBUG:root:get_visible_tasks: filter_status=Status.IN_PROGRESS, filter_category=None, sort_key=None, sort_reverse=False
DEBUG:root:get_visible_tasks() returned: []
DEBUG:root:type: <class 'list'>
DEBUG:root:Filter applied f i 
DEBUG:root:get_visible_tasks attr: <bound method TodoApp.get_visible_tasks of TodoApp(title='TodoApp', classes={'-dark-mode'}, pseudo_classes={'dark', 'focus'})>
DEBUG:root:get_visible_tasks: filter_status=Status.IN_PROGRESS, filter_category=None, sort_key=None, sort_reverse=False
DEBUG:root:get_visible_tasks() returned: []
DEBUG:root:type: <class 'list'>
DEBUG:root:Filter applied f c 
DEBUG:root:get_visible_tasks attr: <bound method TodoApp.get_visible_tasks of TodoApp(title='TodoApp', classes={'-dark-mode'}, pseudo_classes={'dark', 'focus'})>
DEBUG:root:get_visible_tasks: filter_status=Status.CANCELLED, filter_category=None, sort_key=None, sort_reverse=False
DEBUG:root:get_visible_tasks() returned: []
DEBUG:root:type: <class 'list'>
DEBUG:root:Filter applied f a 
DEBUG:root:get_visible_tasks attr: <bound method TodoApp.get_visible_tasks of TodoApp(title='TodoApp', classes={'-dark-mode'}, pseudo_classes={'dark', 'focus'})>
DEBUG:root:get_visible_tasks: filter_status=Status.ACTIVE, filter_category=None, sort_key=None, sort_reverse=False
DEBUG:root:get_visible_tasks() returned: [<core.task.Task object at 0x104e81d30>, <core.task.Task object at 0x104db5220>, <core.task.Task object at 0x105315e50>, <core.task.Task object at 0x105315ee0>]
DEBUG:root:type: <class 'list'>
DEBUG:root:Filter applied f i 
DEBUG:root:get_visible_tasks attr: <bound method TodoApp.get_visible_tasks of TodoApp(title='TodoApp', classes={'-dark-mode'}, pseudo_classes={'dark', 'focus'})>
DEBUG:root:get_visible_tasks: filter_status=Status.IN_PROGRESS, filter_category=None, sort_key=None, sort_reverse=False
DEBUG:root:get_visible_tasks() returned: []
DEBUG:root:type: <class 'list'>
DEBUG:root:Filter applied f i 
DEBUG:root:get_visible_tasks attr: <bound method TodoApp.get_visible_tasks of TodoApp(title='TodoApp', classes={'-dark-mode'}, pseudo_classes={'dark', 'focus'})>
DEBUG:root:get_visible_tasks: filter_status=Status.IN_PROGRESS, filter_category=None, sort_key=None, sort_reverse=False
DEBUG:root:get_visible_tasks() returned: []
DEBUG:root:type: <class 'list'>
DEBUG:root:Filter applied f i 
DEBUG:root:get_visible_tasks attr: <bound method TodoApp.get_visible_tasks of TodoApp(title='TodoApp', classes={'-dark-mode'}, pseudo_classes={'dark', 'focus'})>
DEBUG:root:get_visible_tasks: filter_status=Status.IN_PROGRESS, filter_category=None, sort_key=None, sort_reverse=False
DEBUG:root:get_visible_tasks() returned: []
DEBUG:root:type: <class 'list'>
DEBUG:root:Filter applied f a 
DEBUG:root:get_visible_tasks attr: <bound method TodoApp.get_visible_tasks of TodoApp(title='TodoApp', classes={'-dark-mode'}, pseudo_classes={'dark', 'focus'})>
DEBUG:root:get_visible_tasks: filter_status=Status.ACTIVE, filter_category=None, sort_key=None, sort_reverse=False
DEBUG:root:get_visible_tasks() returned: [<core.task.Task object at 0x104e81d30>, <core.task.Task object at 0x104db5220>, <core.task.Task object at 0x105315e50>, <core.task.Task object at 0x105315ee0>]
DEBUG:root:type: <class 'list'>
DEBUG:root:Filter applied f i 
DEBUG:root:get_visible_tasks attr: <bound method TodoApp.get_visible_tasks of TodoApp(title='TodoApp', classes={'-dark-mode'}, pseudo_classes={'dark', 'focus'})>
DEBUG:root:get_visible_tasks: filter_status=Status.IN_PROGRESS, filter_category=None, sort_key=None, sort_reverse=False
DEBUG:root:get_visible_tasks() returned: []
DEBUG:root:type: <class 'list'>
DEBUG:root:Filter applied f i 
DEBUG:root:get_visible_tasks attr: <bound method TodoApp.get_visible_tasks of TodoApp(title='TodoApp', classes={'-dark-mode'}, pseudo_classes={'dark', 'focus'})>
DEBUG:root:get_visible_tasks: filter_status=Status.IN_PROGRESS, filter_category=None, sort_key=None, sort_reverse=False
DEBUG:root:get_visible_tasks() returned: []
DEBUG:root:type: <class 'list'>
DEBUG:root:Filter applied f a 
DEBUG:root:get_visible_tasks attr: <bound method TodoApp.get_visible_tasks of TodoApp(title='TodoApp', classes={'-dark-mode'}, pseudo_classes={'dark', 'focus'})>
DEBUG:root:get_visible_tasks: filter_status=Status.ACTIVE, filter_category=None, sort_key=None, sort_reverse=False
DEBUG:root:get_visible_tasks() returned: [<core.task.Task object at 0x104e81d30>, <core.task.Task object at 0x104db5220>, <core.task.Task object at 0x105315e50>, <core.task.Task object at 0x105315ee0>]
DEBUG:root:type: <class 'list'>
DEBUG:root:Filter applied f i 
DEBUG:root:get_visible_tasks attr: <bound method TodoApp.get_visible_tasks of TodoApp(title='TodoApp', classes={'-dark-mode'}, pseudo_classes={'dark', 'focus'})>
DEBUG:root:get_visible_tasks: filter_status=Status.IN_PROGRESS, filter_category=None, sort_key=None, sort_reverse=False
DEBUG:root:get_visible_tasks() returned: []
DEBUG:root:type: <class 'list'>
DEBUG:root:Filter applied f i 
DEBUG:root:get_visible_tasks attr: <bound method TodoApp.get_visible_tasks of TodoApp(title='TodoApp', classes={'-dark-mode'}, pseudo_classes={'dark', 'focus'})>
DEBUG:root:get_visible_tasks: filter_status=Status.IN_PROGRESS, filter_category=None, sort_key=None, sort_reverse=False
DEBUG:root:get_visible_tasks() returned: []
DEBUG:root:type: <class 'list'>
DEBUG:root:Filter applied f a 
DEBUG:root:get_visible_tasks attr: <bound method TodoApp.get_visible_tasks of TodoApp(title='TodoApp', classes={'-dark-mode'}, pseudo_classes={'dark', 'focus'})>
DEBUG:root:get_visible_tasks: filter_status=Status.ACTIVE, filter_category=None, sort_key=None, sort_reverse=False
DEBUG:root:get_visible_tasks() returned: [<core.task.Task object at 0x104e81d30>, <core.task.Task object at 0x104db5220>, <core.task.Task object at 0x105315e50>, <core.task.Task object at 0x105315ee0>]
DEBUG:root:type: <class 'list'>
DEBUG:root:Filter applied f i 
DEBUG:root:get_visible_tasks attr: <bound method TodoApp.get_visible_tasks of TodoApp(title='TodoApp', classes={'-dark-mode'}, pseudo_classes={'dark', 'focus'})>
DEBUG:root:get_visible_tasks: filter_status=Status.IN_PROGRESS, filter_category=None, sort_key=None, sort_reverse=False
DEBUG:root:get_visible_tasks() returned: []
DEBUG:root:type: <class 'list'>
DEBUG:root:Filter applied f a 
DEBUG:root:get_visible_tasks attr: <bound method TodoApp.get_visible_tasks of TodoApp(title='TodoApp', classes={'-dark-mode'}, pseudo_classes={'dark', 'focus'})>
DEBUG:root:get_visible_tasks: filter_status=Status.ACTIVE, filter_category=None, sort_key=None, sort_reverse=False
DEBUG:root:get_visible_tasks() returned: [<core.task.Task object at 0x104e81d30>, <core.task.Task object at 0x104db5220>, <core.task.Task object at 0x105315e50>, <core.task.Task object at 0x105315ee0>]
DEBUG:root:type: <class 'list'>
DEBUG:root:Filter applied f i 
DEBUG:root:get_visible_tasks attr: <bound method TodoApp.get_visible_tasks of TodoApp(title='TodoApp', classes={'-dark-mode'}, pseudo_classes={'dark', 'focus'})>
DEBUG:root:get_visible_tasks: filter_status=Status.IN_PROGRESS, filter_category=None, sort_key=None, sort_reverse=False
DEBUG:root:get_visible_tasks() returned: []
DEBUG:root:type: <class 'list'>
DEBUG:root:Filter applied f i 
DEBUG:root:get_visible_tasks attr: <bound method TodoApp.get_visible_tasks of TodoApp(title='TodoApp', classes={'-dark-mode'}, pseudo_classes={'dark', 'focus'})>
DEBUG:root:get_visible_tasks: filter_status=Status.IN_PROGRESS, filter_category=None, sort_key=None, sort_reverse=False
DEBUG:root:get_visible_tasks() returned: []
DEBUG:root:type: <class 'list'>
DEBUG:root:Filter applied f a 
DEBUG:root:get_visible_tasks attr: <bound method TodoApp.get_visible_tasks of TodoApp(title='TodoApp', classes={'-dark-mode'}, pseudo_classes={'dark', 'focus'})>
DEBUG:root:get_visible_tasks: filter_status=Status.ACTIVE, filter_category=None, sort_key=None, sort_reverse=False
DEBUG:root:get_visible_tasks() returned: [<core.task.Task object at 0x104e81d30>, <core.task.Task object at 0x104db5220>, <core.task.Task object at 0x105315e50>, <core.task.Task object at 0x105315ee0>]
DEBUG:root:type: <class 'list'>
DEBUG:root:Filter applied f i 
DEBUG:root:get_visible_tasks attr: <bound method TodoApp.get_visible_tasks of TodoApp(title='TodoApp', classes={'-dark-mode'}, pseudo_classes={'dark', 'focus'})>
DEBUG:root:get_visible_tasks: filter_status=Status.IN_PROGRESS, filter_category=None, sort_key=None, sort_reverse=False
DEBUG:root:get_visible_tasks() returned: []
DEBUG:root:type: <class 'list'>
DEBUG:root:Filter applied f a 
DEBUG:root:get_visible_tasks attr: <bound method TodoApp.get_visible_tasks of TodoApp(title='TodoApp', classes={'-dark-mode'}, pseudo_classes={'dark', 'focus'})>
DEBUG:root:get_visible_tasks: filter_status=Status.ACTIVE, filter_category=None, sort_key=None, sort_reverse=False
DEBUG:root:get_visible_tasks() returned: [<core.task.Task object at 0x104e81d30>, <core.task.Task object at 0x104db5220>, <core.task.Task object at 0x105315e50>, <core.task.Task object at 0x105315ee0>]
DEBUG:root:type: <class 'list'>
DEBUG:root:Filter applied f a 
DEBUG:root:get_visible_tasks attr: <bound method TodoApp.get_visible_tasks of TodoApp(title='TodoApp', classes={'-dark-mode'}, pseudo_classes={'dark', 'focus'})>
DEBUG:root:get_visible_tasks: filter_status=Status.ACTIVE, filter_category=None, sort_key=None, sort_reverse=False
DEBUG:root:get_visible_tasks() returned: [<core.task.Task object at 0x104e81d30>, <core.task.Task object at 0x104db5220>, <core.task.Task object at 0x105315e50>, <core.task.Task object at 0x105315ee0>]
DEBUG:root:type: <class 'list'>
DEBUG:root:Filter applied f i 
DEBUG:root:get_visible_tasks attr: <bound method TodoApp.get_visible_tasks of TodoApp(title='TodoApp', classes={'-dark-mode'}, pseudo_classes={'dark', 'focus'})>
DEBUG:root:get_visible_tasks: filter_status=Status.IN_PROGRESS, filter_category=None, sort_key=None, sort_reverse=False
DEBUG:root:get_visible_tasks() returned: []
DEBUG:root:type: <class 'list'>
DEBUG:root:Filter applied f a 
DEBUG:root:get_visible_tasks attr: <bound method TodoApp.get_visible_tasks of TodoApp(title='TodoApp', classes={'-dark-mode'}, pseudo_classes={'dark', 'focus'})>
DEBUG:root:get_visible_tasks: filter_status=Status.ACTIVE, filter_category=None, sort_key=None, sort_reverse=False
DEBUG:root:get_visible_tasks() returned: [<core.task.Task object at 0x104e81d30>, <core.task.Task object at 0x104db5220>, <core.task.Task object at 0x105315e50>, <core.task.Task object at 0x105315ee0>]
DEBUG:root:type: <class 'list'>
DEBUG:root:Filter applied f i 
DEBUG:root:get_visible_tasks attr: <bound method TodoApp.get_visible_tasks of TodoApp(title='TodoApp', classes={'-dark-mode'}, pseudo_classes={'dark', 'focus'})>
DEBUG:root:get_visible_tasks: filter_status=Status.IN_PROGRESS, filter_category=None, sort_key=None, sort_reverse=False
DEBUG:root:get_visible_tasks() returned: []
DEBUG:root:type: <class 'list'>
DEBUG:root:Filter applied f c 
DEBUG:root:get_visible_tasks attr: <bound method TodoApp.get_visible_tasks of TodoApp(title='TodoApp', classes={'-dark-mode'}, pseudo_classes={'dark', 'focus'})>
DEBUG:root:get_visible_tasks: filter_status=Status.CANCELLED, filter_category=None, sort_key=None, sort_reverse=False
DEBUG:root:get_visible_tasks() returned: []
DEBUG:root:type: <class 'list'>
DEBUG:root:Filter applied f a 
DEBUG:root:get_visible_tasks attr: <bound method TodoApp.get_visible_tasks of TodoApp(title='TodoApp', classes={'-dark-mode'}, pseudo_classes={'dark', 'focus'})>
DEBUG:root:get_visible_tasks: filter_status=Status.ACTIVE, filter_category=None, sort_key=None, sort_reverse=False
DEBUG:root:get_visible_tasks() returned: [<core.task.Task object at 0x104e81d30>, <core.task.Task object at 0x104db5220>, <core.task.Task object at 0x105315e50>, <core.task.Task object at 0x105315ee0>]
DEBUG:root:type: <class 'list'>
DEBUG:root:Filter applied f a 
DEBUG:root:get_visible_tasks attr: <bound method TodoApp.get_visible_tasks of TodoApp(title='TodoApp', classes={'-dark-mode'}, pseudo_classes={'dark', 'focus'})>
DEBUG:root:get_visible_tasks: filter_status=Status.ACTIVE, filter_category=None, sort_key=None, sort_reverse=False
DEBUG:root:get_visible_tasks() returned: [<core.task.Task object at 0x104e81d30>, <core.task.Task object at 0x104db5220>, <core.task.Task object at 0x105315e50>, <core.task.Task object at 0x105315ee0>]
DEBUG:root:type: <class 'list'>
DEBUG:root:Filter applied f i 
DEBUG:root:get_visible_tasks attr: <bound method TodoApp.get_visible_tasks of TodoApp(title='TodoApp', classes={'-dark-mode'}, pseudo_classes={'dark', 'focus'})>
DEBUG:root:get_visible_tasks: filter_status=Status.IN_PROGRESS, filter_category=None, sort_key=None, sort_reverse=False
DEBUG:root:get_visible_tasks() returned: []
DEBUG:root:type: <class 'list'>
DEBUG:root:Filter applied f c 
DEBUG:root:get_visible_tasks attr: <bound method TodoApp.get_visible_tasks of TodoApp(title='TodoApp', classes={'-dark-mode'}, pseudo_classes={'dark', 'focus'})>
DEBUG:root:get_visible_tasks: filter_status=Status.CANCELLED, filter_category=None, sort_key=None, sort_reverse=False
DEBUG:root:get_visible_tasks() returned: []
DEBUG:root:type: <class 'list'>
DEBUG:root:Filter applied f a 
DEBUG:root:get_visible_tasks attr: <bound method TodoApp.get_visible_tasks of TodoApp(title='TodoApp', classes={'-dark-mode'}, pseudo_classes={'dark', 'focus'})>
DEBUG:root:get_visible_tasks: filter_status=Status.ACTIVE, filter_category=None, sort_key=None, sort_reverse=False
DEBUG:root:get_visible_tasks() returned: [<core.task.Task object at 0x104e81d30>, <core.task.Task object at 0x104db5220>, <core.task.Task object at 0x105315e50>, <core.task.Task object at 0x105315ee0>]
DEBUG:root:type: <class 'list'>
DEBUG:root:Filter applied f a 
DEBUG:root:get_visible_tasks attr: <bound method TodoApp.get_visible_tasks of TodoApp(title='TodoApp', classes={'-dark-mode'}, pseudo_classes={'dark', 'focus'})>
DEBUG:root:get_visible_tasks: filter_status=Status.ACTIVE, filter_category=None, sort_key=None, sort_reverse=False
DEBUG:root:get_visible_tasks() returned: [<core.task.Task object at 0x104e81d30>, <core.task.Task object at 0x104db5220>, <core.task.Task object at 0x105315e50>, <core.task.Task object at 0x105315ee0>]
DEBUG:root:type: <class 'list'>
DEBUG:root:Filter applied f a 
DEBUG:root:get_visible_tasks attr: <bound method TodoApp.get_visible_tasks of TodoApp(title='TodoApp', classes={'-dark-mode'}, pseudo_classes={'dark', 'focus'})>
DEBUG:root:get_visible_tasks: filter_status=Status.ACTIVE, filter_category=None, sort_key=None, sort_reverse=False
DEBUG:root:get_visible_tasks() returned: [<core.task.Task object at 0x104e81d30>, <core.task.Task object at 0x104db5220>, <core.task.Task object at 0x105315e50>, <core.task.Task object at 0x105315ee0>]
DEBUG:root:type: <class 'list'>
DEBUG:root:Filter applied f i 
DEBUG:root:get_visible_tasks attr: <bound method TodoApp.get_visible_tasks of TodoApp(title='TodoApp', classes={'-dark-mode'}, pseudo_classes={'dark', 'focus'})>
DEBUG:root:get_visible_tasks: filter_status=Status.IN_PROGRESS, filter_category=None, sort_key=None, sort_reverse=False
DEBUG:root:get_visible_tasks() returned: []
DEBUG:root:type: <class 'list'>
DEBUG:root:Filter applied f a 
DEBUG:root:get_visible_tasks attr: <bound method TodoApp.get_visible_tasks of TodoApp(title='TodoApp', classes={'-dark-mode'}, pseudo_classes={'dark', 'focus'})>
DEBUG:root:get_visible_tasks: filter_status=Status.ACTIVE, filter_category=None, sort_key=None, sort_reverse=False
DEBUG:root:get_visible_tasks() returned: [<core.task.Task object at 0x104e81d30>, <core.task.Task object at 0x104db5220>, <core.task.Task object at 0x105315e50>, <core.task.Task object at 0x105315ee0>]
DEBUG:root:type: <class 'list'>
DEBUG:root:Filter applied f i 
DEBUG:root:get_visible_tasks attr: <bound method TodoApp.get_visible_tasks of TodoApp(title='TodoApp', classes={'-dark-mode'}, pseudo_classes={'dark', 'focus'})>
DEBUG:root:get_visible_tasks: filter_status=Status.IN_PROGRESS, filter_category=None, sort_key=None, sort_reverse=False
DEBUG:root:get_visible_tasks() returned: []
DEBUG:root:type: <class 'list'>
DEBUG:root:Filter applied f i 
DEBUG:root:get_visible_tasks attr: <bound method TodoApp.get_visible_tasks of TodoApp(title='TodoApp', classes={'-dark-mode'}, pseudo_classes={'dark', 'focus'})>
DEBUG:root:get_visible_tasks: filter_status=Status.IN_PROGRESS, filter_category=None, sort_key=None, sort_reverse=False
DEBUG:root:get_visible_tasks() returned: []
DEBUG:root:type: <class 'list'>
DEBUG:root:Filter applied f a 
DEBUG:root:get_visible_tasks attr: <bound method TodoApp.get_visible_tasks of TodoApp(title='TodoApp', classes={'-dark-mode'}, pseudo_classes={'dark', 'focus'})>
DEBUG:root:get_visible_tasks: filter_status=Status.ACTIVE, filter_category=None, sort_key=None, sort_reverse=False
DEBUG:root:get_visible_tasks() returned: [<core.task.Task object at 0x104e81d30>, <core.task.Task object at 0x104db5220>, <core.task.Task object at 0x105315e50>, <core.task.Task object at 0x105315ee0>]
DEBUG:root:type: <class 'list'>
DEBUG:root:Filter applied f a 
DEBUG:root:get_visible_tasks attr: <bound method TodoApp.get_visible_tasks of TodoApp(title='TodoApp', classes={'-dark-mode'}, pseudo_classes={'dark', 'focus'})>
DEBUG:root:get_visible_tasks: filter_status=Status.ACTIVE, filter_category=None, sort_key=None, sort_reverse=False
DEBUG:root:get_visible_tasks() returned: [<core.task.Task object at 0x104e81d30>, <core.task.Task object at 0x104db5220>, <core.task.Task object at 0x105315e50>, <core.task.Task object at 0x105315ee0>]
DEBUG:root:type: <class 'list'>
DEBUG:root:Filter applied f a 
DEBUG:root:get_visible_tasks attr: <bound method TodoApp.get_visible_tasks of TodoApp(title='TodoApp', classes={'-dark-mode'}, pseudo_classes={'dark', 'focus'})>
DEBUG:root:get_visible_tasks: filter_status=Status.ACTIVE, filter_category=None, sort_key=None, sort_reverse=False
DEBUG:root:get_visible_tasks() returned: [<core.task.Task object at 0x104e81d30>, <core.task.Task object at 0x104db5220>, <core.task.Task object at 0x105315e50>, <core.task.Task object at 0x105315ee0>]
DEBUG:root:type: <class 'list'>
DEBUG:root:Filter applied f i 
DEBUG:root:get_visible_tasks attr: <bound method TodoApp.get_visible_tasks of TodoApp(title='TodoApp', classes={'-dark-mode'}, pseudo_classes={'dark', 'focus'})>
DEBUG:root:get_visible_tasks: filter_status=Status.IN_PROGRESS, filter_category=None, sort_key=None, sort_reverse=False
DEBUG:root:get_visible_tasks() returned: []
DEBUG:root:type: <class 'list'>
DEBUG:root:Filter applied f i 
DEBUG:root:get_visible_tasks attr: <bound method TodoApp.get_visible_tasks of TodoApp(title='TodoApp', classes={'-dark-mode'}, pseudo_classes={'dark', 'focus'})>
DEBUG:root:get_visible_tasks: filter_status=Status.IN_PROGRESS, filter_category=None, sort_key=None, sort_reverse=False
DEBUG:root:get_visible_tasks() returned: []
DEBUG:root:type: <class 'list'>
DEBUG:root:Filter applied f a 
DEBUG:root:get_visible_tasks attr: <bound method TodoApp.get_visible_tasks of TodoApp(title='TodoApp', classes={'-dark-mode'}, pseudo_classes={'dark', 'focus'})>
DEBUG:root:get_visible_tasks: filter_status=Status.ACTIVE, filter_category=None, sort_key=None, sort_reverse=False
DEBUG:root:get_visible_tasks() returned: [<core.task.Task object at 0x104e81d30>, <core.task.Task object at 0x104db5220>, <core.task.Task object at 0x105315e50>, <core.task.Task object at 0x105315ee0>]
DEBUG:root:type: <class 'list'>
DEBUG:root:Filter applied f a 
DEBUG:root:get_visible_tasks attr: <bound method TodoApp.get_visible_tasks of TodoApp(title='TodoApp', classes={'-dark-mode'}, pseudo_classes={'dark', 'focus'})>
DEBUG:root:get_visible_tasks: filter_status=Status.ACTIVE, filter_category=None, sort_key=None, sort_reverse=False
DEBUG:root:get_visible_tasks() returned: [<core.task.Task object at 0x104e81d30>, <core.task.Task object at 0x104db5220>, <core.task.Task object at 0x105315e50>, <core.task.Task object at 0x105315ee0>]
DEBUG:root:type: <class 'list'>
DEBUG:root:Filter applied f i 
DEBUG:root:get_visible_tasks attr: <bound method TodoApp.get_visible_tasks of TodoApp(title='TodoApp', classes={'-dark-mode'}, pseudo_classes={'dark', 'focus'})>
DEBUG:root:get_visible_tasks: filter_status=Status.IN_PROGRESS, filter_category=None, sort_key=None, sort_reverse=False
DEBUG:root:get_visible_tasks() returned: []
DEBUG:root:type: <class 'list'>
DEBUG:root:Filter applied f a 
DEBUG:root:get_visible_tasks attr: <bound method TodoApp.get_visible_tasks of TodoApp(title='TodoApp', classes={'-dark-mode'}, pseudo_classes={'dark', 'focus'})>
DEBUG:root:get_visible_tasks: filter_status=Status.ACTIVE, filter_category=None, sort_key=None, sort_reverse=False
DEBUG:root:get_visible_tasks() returned: [<core.task.Task object at 0x104e81d30>, <core.task.Task object at 0x104db5220>, <core.task.Task object at 0x105315e50>, <core.task.Task object at 0x105315ee0>]
DEBUG:root:type: <class 'list'>
DEBUG:root:Filter applied f a 
DEBUG:root:get_visible_tasks attr: <bound method TodoApp.get_visible_tasks of TodoApp(title='TodoApp', classes={'-dark-mode'}, pseudo_classes={'dark', 'focus'})>
DEBUG:root:get_visible_tasks: filter_status=Status.ACTIVE, filter_category=None, sort_key=None, sort_reverse=False
DEBUG:root:get_visible_tasks() returned: [<core.task.Task object at 0x104e81d30>, <core.task.Task object at 0x104db5220>, <core.task.Task object at 0x105315e50>, <core.task.Task object at 0x105315ee0>]
DEBUG:root:type: <class 'list'>
DEBUG:root:Filter applied f i 
DEBUG:root:get_visible_tasks attr: <bound method TodoApp.get_visible_tasks of TodoApp(title='TodoApp', classes={'-dark-mode'}, pseudo_classes={'dark', 'focus'})>
DEBUG:root:get_visible_tasks: filter_status=Status.IN_PROGRESS, filter_category=None, sort_key=None, sort_reverse=False
DEBUG:root:get_visible_tasks() returned: []
DEBUG:root:type: <class 'list'>
DEBUG:root:Filter applied f c 
DEBUG:root:get_visible_tasks attr: <bound method TodoApp.get_visible_tasks of TodoApp(title='TodoApp', classes={'-dark-mode'}, pseudo_classes={'dark', 'focus'})>
DEBUG:root:get_visible_tasks: filter_status=Status.CANCELLED, filter_category=None, sort_key=None, sort_reverse=False
DEBUG:root:get_visible_tasks() returned: []
DEBUG:root:type: <class 'list'>
DEBUG:root:Filter applied f i 
DEBUG:root:get_visible_tasks attr: <bound method TodoApp.get_visible_tasks of TodoApp(title='TodoApp', classes={'-dark-mode'}, pseudo_classes={'dark', 'focus'})>
DEBUG:root:get_visible_tasks: filter_status=Status.IN_PROGRESS, filter_category=None, sort_key=None, sort_reverse=False
DEBUG:root:get_visible_tasks() returned: []
DEBUG:root:type: <class 'list'>
DEBUG:root:Filter applied f c 
DEBUG:root:get_visible_tasks attr: <bound method TodoApp.get_visible_tasks of TodoApp(title='TodoApp', classes={'-dark-mode'}, pseudo_classes={'dark', 'focus'})>
DEBUG:root:get_visible_tasks: filter_status=Status.CANCELLED, filter_category=None, sort_key=None, sort_reverse=False
DEBUG:root:get_visible_tasks() returned: []
DEBUG:root:type: <class 'list'>
DEBUG:root:Filter applied f a 
DEBUG:root:get_visible_tasks attr: <bound method TodoApp.get_visible_tasks of TodoApp(title='TodoApp', classes={'-dark-mode'}, pseudo_classes={'dark', 'focus'})>
DEBUG:root:get_visible_tasks: filter_status=Status.ACTIVE, filter_category=None, sort_key=None, sort_reverse=False
DEBUG:root:get_visible_tasks() returned: [<core.task.Task object at 0x104e81d30>, <core.task.Task object at 0x104db5220>, <core.task.Task object at 0x105315e50>, <core.task.Task object at 0x105315ee0>]
DEBUG:root:type: <class 'list'>
DEBUG:root:Filter applied f a 
DEBUG:root:get_visible_tasks attr: <bound method TodoApp.get_visible_tasks of TodoApp(title='TodoApp', classes={'-dark-mode'}, pseudo_classes={'dark', 'focus'})>
DEBUG:root:get_visible_tasks: filter_status=Status.ACTIVE, filter_category=None, sort_key=None, sort_reverse=False
DEBUG:root:get_visible_tasks() returned: [<core.task.Task object at 0x104e81d30>, <core.task.Task object at 0x104db5220>, <core.task.Task object at 0x105315e50>, <core.task.Task object at 0x105315ee0>]
DEBUG:root:type: <class 'list'>
DEBUG:root:Filter applied f i 
DEBUG:root:get_visible_tasks attr: <bound method TodoApp.get_visible_tasks of TodoApp(title='TodoApp', classes={'-dark-mode'}, pseudo_classes={'dark', 'focus'})>
DEBUG:root:get_visible_tasks: filter_status=Status.IN_PROGRESS, filter_category=None, sort_key=None, sort_reverse=False
DEBUG:root:get_visible_tasks() returned: []
DEBUG:root:type: <class 'list'>
DEBUG:root:Filter applied f c 
DEBUG:root:get_visible_tasks attr: <bound method TodoApp.get_visible_tasks of TodoApp(title='TodoApp', classes={'-dark-mode'}, pseudo_classes={'dark', 'focus'})>
DEBUG:root:get_visible_tasks: filter_status=Status.CANCELLED, filter_category=None, sort_key=None, sort_reverse=False
DEBUG:root:get_visible_tasks() returned: []
DEBUG:root:type: <class 'list'>
DEBUG:root:Filter applied f i 
DEBUG:root:get_visible_tasks attr: <bound method TodoApp.get_visible_tasks of TodoApp(title='TodoApp', classes={'-dark-mode'}, pseudo_classes={'dark', 'focus'})>
DEBUG:root:get_visible_tasks: filter_status=Status.IN_PROGRESS, filter_category=None, sort_key=None, sort_reverse=False
DEBUG:root:get_visible_tasks() returned: []
DEBUG:root:type: <class 'list'>
DEBUG:root:Filter applied f a 
DEBUG:root:get_visible_tasks attr: <bound method TodoApp.get_visible_tasks of TodoApp(title='TodoApp', classes={'-dark-mode'}, pseudo_classes={'dark', 'focus'})>
DEBUG:root:get_visible_tasks: filter_status=Status.ACTIVE, filter_category=None, sort_key=None, sort_reverse=False
DEBUG:root:get_visible_tasks() returned: [<core.task.Task object at 0x104e81d30>, <core.task.Task object at 0x104db5220>, <core.task.Task object at 0x105315e50>, <core.task.Task object at 0x105315ee0>]
DEBUG:root:type: <class 'list'>
DEBUG:root:Filter applied f a 
DEBUG:root:get_visible_tasks attr: <bound method TodoApp.get_visible_tasks of TodoApp(title='TodoApp', classes={'-dark-mode'}, pseudo_classes={'dark', 'focus'})>
DEBUG:root:get_visible_tasks: filter_status=Status.ACTIVE, filter_category=None, sort_key=None, sort_reverse=False
DEBUG:root:get_visible_tasks() returned: [<core.task.Task object at 0x104e81d30>, <core.task.Task object at 0x104db5220>, <core.task.Task object at 0x105315e50>, <core.task.Task object at 0x105315ee0>]
DEBUG:root:type: <class 'list'>
DEBUG:root:Filter applied f i 
DEBUG:root:get_visible_tasks attr: <bound method TodoApp.get_visible_tasks of TodoApp(title='TodoApp', classes={'-dark-mode'}, pseudo_classes={'dark', 'focus'})>
DEBUG:root:get_visible_tasks: filter_status=Status.IN_PROGRESS, filter_category=None, sort_key=None, sort_reverse=False
DEBUG:root:get_visible_tasks() returned: []
DEBUG:root:type: <class 'list'>
DEBUG:root:Filter applied f a 
DEBUG:root:get_visible_tasks attr: <bound method TodoApp.get_visible_tasks of TodoApp(title='TodoApp', classes={'-dark-mode'}, pseudo_classes={'dark', 'focus'})>
DEBUG:root:get_visible_tasks: filter_status=Status.ACTIVE, filter_category=None, sort_key=None, sort_reverse=False
DEBUG:root:get_visible_tasks() returned: [<core.task.Task object at 0x104e81d30>, <core.task.Task object at 0x104db5220>, <core.task.Task object at 0x105315e50>, <core.task.Task object at 0x105315ee0>]
DEBUG:root:type: <class 'list'>
DEBUG:root:Filter applied f a 
DEBUG:root:get_visible_tasks attr: <bound method TodoApp.get_visible_tasks of TodoApp(title='TodoApp', classes={'-dark-mode'}, pseudo_classes={'dark', 'focus'})>
DEBUG:root:get_visible_tasks: filter_status=Status.ACTIVE, filter_category=None, sort_key=None, sort_reverse=False
DEBUG:root:get_visible_tasks() returned: [<core.task.Task object at 0x104e81d30>, <core.task.Task object at 0x104db5220>, <core.task.Task object at 0x105315e50>, <core.task.Task object at 0x105315ee0>]
DEBUG:root:type: <class 'list'>
DEBUG:root:Filter applied f c 
DEBUG:root:get_visible_tasks attr: <bound method TodoApp.get_visible_tasks of TodoApp(title='TodoApp', classes={'-dark-mode'}, pseudo_classes={'dark', 'focus'})>
DEBUG:root:get_visible_tasks: filter_status=Status.CANCELLED, filter_category=None, sort_key=None, sort_reverse=False
DEBUG:root:get_visible_tasks() returned: []
DEBUG:root:type: <class 'list'>
DEBUG:root:Filter applied f a 
DEBUG:root:get_visible_tasks attr: <bound method TodoApp.get_visible_tasks of TodoApp(title='TodoApp', classes={'-dark-mode'}, pseudo_classes={'dark', 'focus'})>
DEBUG:root:get_visible_tasks: filter_status=Status.ACTIVE, filter_category=None, sort_key=None, sort_reverse=False
DEBUG:root:get_visible_tasks() returned: [<core.task.Task object at 0x104e81d30>, <core.task.Task object at 0x104db5220>, <core.task.Task object at 0x105315e50>, <core.task.Task object at 0x105315ee0>]
DEBUG:root:type: <class 'list'>
DEBUG:root:Filter applied f a 
DEBUG:root:get_visible_tasks attr: <bound method TodoApp.get_visible_tasks of TodoApp(title='TodoApp', classes={'-dark-mode'}, pseudo_classes={'dark', 'focus'})>
DEBUG:root:get_visible_tasks: filter_status=Status.ACTIVE, filter_category=None, sort_key=None, sort_reverse=False
DEBUG:root:get_visible_tasks() returned: [<core.task.Task object at 0x104e81d30>, <core.task.Task object at 0x104db5220>, <core.task.Task object at 0x105315e50>, <core.task.Task object at 0x105315ee0>]
DEBUG:root:type: <class 'list'>
DEBUG:root:Filter applied f a 
DEBUG:root:get_visible_tasks attr: <bound method TodoApp.get_visible_tasks of TodoApp(title='TodoApp', classes={'-dark-mode'}, pseudo_classes={'dark', 'focus'})>
DEBUG:root:get_visible_tasks: filter_status=Status.ACTIVE, filter_category=None, sort_key=None, sort_reverse=False
DEBUG:root:get_visible_tasks() returned: [<core.task.Task object at 0x104e81d30>, <core.task.Task object at 0x104db5220>, <core.task.Task object at 0x105315e50>, <core.task.Task object at 0x105315ee0>]
DEBUG:root:type: <class 'list'>
DEBUG:root:Filter applied f c 
DEBUG:root:get_visible_tasks attr: <bound method TodoApp.get_visible_tasks of TodoApp(title='TodoApp', classes={'-dark-mode'}, pseudo_classes={'dark', 'focus'})>
DEBUG:root:get_visible_tasks: filter_status=Status.CANCELLED, filter_category=None, sort_key=None, sort_reverse=False
DEBUG:root:get_visible_tasks() returned: []
DEBUG:root:type: <class 'list'>
DEBUG:root:Filter applied f a 
DEBUG:root:get_visible_tasks attr: <bound method TodoApp.get_visible_tasks of TodoApp(title='TodoApp', classes={'-dark-mode'}, pseudo_classes={'dark', 'focus'})>
DEBUG:root:get_visible_tasks: filter_status=Status.ACTIVE, filter_category=None, sort_key=None, sort_reverse=False
DEBUG:root:get_visible_tasks() returned: [<core.task.Task object at 0x104e81d30>, <core.task.Task object at 0x104db5220>, <core.task.Task object at 0x105315e50>, <core.task.Task object at 0x105315ee0>]
DEBUG:root:type: <class 'list'>
DEBUG:root:Filter applied f c 
DEBUG:root:get_visible_tasks attr: <bound method TodoApp.get_visible_tasks of TodoApp(title='TodoApp', classes={'-dark-mode'}, pseudo_classes={'dark', 'focus'})>
DEBUG:root:get_visible_tasks: filter_status=Status.CANCELLED, filter_category=None, sort_key=None, sort_reverse=False
DEBUG:root:get_visible_tasks() returned: []
DEBUG:root:type: <class 'list'>
DEBUG:root:Filter applied f h 
DEBUG:root:get_visible_tasks attr: <bound method TodoApp.get_visible_tasks of TodoApp(title='TodoApp', classes={'-dark-mode'}, pseudo_classes={'dark', 'focus'})>
DEBUG:root:get_visible_tasks: filter_status=Status.HOLD, filter_category=None, sort_key=None, sort_reverse=False
DEBUG:root:get_visible_tasks() returned: []
DEBUG:root:type: <class 'list'>
DEBUG:root:Filter applied f a 
DEBUG:root:get_visible_tasks attr: <bound method TodoApp.get_visible_tasks of TodoApp(title='TodoApp', classes={'-dark-mode'}, pseudo_classes={'dark', 'focus'})>
DEBUG:root:get_visible_tasks: filter_status=Status.ACTIVE, filter_category=None, sort_key=None, sort_reverse=False
DEBUG:root:get_visible_tasks() returned: [<core.task.Task object at 0x104e81d30>, <core.task.Task object at 0x104db5220>, <core.task.Task object at 0x105315e50>, <core.task.Task object at 0x105315ee0>]
DEBUG:root:type: <class 'list'>
DEBUG:root:Filter applied f c 
DEBUG:root:get_visible_tasks attr: <bound method TodoApp.get_visible_tasks of TodoApp(title='TodoApp', classes={'-dark-mode'}, pseudo_classes={'dark', 'focus'})>
DEBUG:root:get_visible_tasks: filter_status=Status.CANCELLED, filter_category=None, sort_key=None, sort_reverse=False
DEBUG:root:get_visible_tasks() returned: []
DEBUG:root:type: <class 'list'>
DEBUG:root:Filter applied f c 
DEBUG:root:get_visible_tasks attr: <bound method TodoApp.get_visible_tasks of TodoApp(title='TodoApp', classes={'-dark-mode'}, pseudo_classes={'dark', 'focus'})>
DEBUG:root:get_visible_tasks: filter_status=Status.CANCELLED, filter_category=None, sort_key=None, sort_reverse=False
DEBUG:root:get_visible_tasks() returned: []
DEBUG:root:type: <class 'list'>
DEBUG:root:Filter applied f c 
DEBUG:root:get_visible_tasks attr: <bound method TodoApp.get_visible_tasks of TodoApp(title='TodoApp', classes={'-dark-mode'}, pseudo_classes={'dark', 'focus'})>
DEBUG:root:get_visible_tasks: filter_status=Status.CANCELLED, filter_category=None, sort_key=None, sort_reverse=False
DEBUG:root:get_visible_tasks() returned: []
DEBUG:root:type: <class 'list'>
DEBUG:root:Filter applied f c 
DEBUG:root:get_visible_tasks attr: <bound method TodoApp.get_visible_tasks of TodoApp(title='TodoApp', classes={'-dark-mode'}, pseudo_classes={'dark', 'focus'})>
DEBUG:root:get_visible_tasks: filter_status=Status.CANCELLED, filter_category=None, sort_key=None, sort_reverse=False
DEBUG:root:get_visible_tasks() returned: []
DEBUG:root:type: <class 'list'>
DEBUG:root:Filter applied f i 
DEBUG:root:get_visible_tasks attr: <bound method TodoApp.get_visible_tasks of TodoApp(title='TodoApp', classes={'-dark-mode'}, pseudo_classes={'dark', 'focus'})>
DEBUG:root:get_visible_tasks: filter_status=Status.IN_PROGRESS, filter_category=None, sort_key=None, sort_reverse=False
DEBUG:root:get_visible_tasks() returned: []
DEBUG:root:type: <class 'list'>
DEBUG:root:Filter applied f x 
DEBUG:root:get_visible_tasks attr: <bound method TodoApp.get_visible_tasks of TodoApp(title='TodoApp', classes={'-dark-mode'}, pseudo_classes={'dark', 'focus'})>
DEBUG:root:get_visible_tasks: filter_status=None, filter_category=None, sort_key=None, sort_reverse=False
DEBUG:root:get_visible_tasks() returned: [<core.task.Task object at 0x104e81d30>, <core.task.Task object at 0x104db5220>, <core.task.Task object at 0x105315e50>, <core.task.Task object at 0x105315ee0>]
DEBUG:root:type: <class 'list'>
DEBUG:root:Filter applied f c 
DEBUG:root:get_visible_tasks attr: <bound method TodoApp.get_visible_tasks of TodoApp(title='TodoApp', classes={'-dark-mode'}, pseudo_classes={'dark', 'focus'})>
DEBUG:root:get_visible_tasks: filter_status=Status.CANCELLED, filter_category=None, sort_key=None, sort_reverse=False
DEBUG:root:get_visible_tasks() returned: []
DEBUG:root:type: <class 'list'>
DEBUG:root:Filter applied f c 
DEBUG:root:get_visible_tasks attr: <bound method TodoApp.get_visible_tasks of TodoApp(title='TodoApp', classes={'-dark-mode'}, pseudo_classes={'dark', 'focus'})>
DEBUG:root:get_visible_tasks: filter_status=Status.CANCELLED, filter_category=None, sort_key=None, sort_reverse=False
DEBUG:root:get_visible_tasks() returned: []
DEBUG:root:type: <class 'list'>
DEBUG:root:Filter applied f c 
DEBUG:root:get_visible_tasks attr: <bound method TodoApp.get_visible_tasks of TodoApp(title='TodoApp', classes={'-dark-mode'}, pseudo_classes={'dark', 'focus'})>
DEBUG:root:get_visible_tasks: filter_status=Status.CANCELLED, filter_category=None, sort_key=None, sort_reverse=False
DEBUG:root:get_visible_tasks() returned: []
DEBUG:root:type: <class 'list'>
DEBUG:root:Filter applied f a 
DEBUG:root:get_visible_tasks attr: <bound method TodoApp.get_visible_tasks of TodoApp(title='TodoApp', classes={'-dark-mode'}, pseudo_classes={'dark', 'focus'})>
DEBUG:root:get_visible_tasks: filter_status=Status.ACTIVE, filter_category=None, sort_key=None, sort_reverse=False
DEBUG:root:get_visible_tasks() returned: [<core.task.Task object at 0x104e81d30>, <core.task.Task object at 0x104db5220>, <core.task.Task object at 0x105315e50>, <core.task.Task object at 0x105315ee0>]
DEBUG:root:type: <class 'list'>
DEBUG:root:Filter applied f a 
DEBUG:root:get_visible_tasks attr: <bound method TodoApp.get_visible_tasks of TodoApp(title='TodoApp', classes={'-dark-mode'}, pseudo_classes={'dark', 'focus'})>
DEBUG:root:get_visible_tasks: filter_status=Status.ACTIVE, filter_category=None, sort_key=None, sort_reverse=False
DEBUG:root:get_visible_tasks() returned: [<core.task.Task object at 0x104e81d30>, <core.task.Task object at 0x104db5220>, <core.task.Task object at 0x105315e50>, <core.task.Task object at 0x105315ee0>]
DEBUG:root:type: <class 'list'>
DEBUG:root:Filter applied f i 
DEBUG:root:get_visible_tasks attr: <bound method TodoApp.get_visible_tasks of TodoApp(title='TodoApp', classes={'-dark-mode'}, pseudo_classes={'dark', 'focus'})>
DEBUG:root:get_visible_tasks: filter_status=Status.IN_PROGRESS, filter_category=None, sort_key=None, sort_reverse=False
DEBUG:root:get_visible_tasks() returned: []
DEBUG:root:type: <class 'list'>
DEBUG:root:Filter applied f a 
DEBUG:root:get_visible_tasks attr: <bound method TodoApp.get_visible_tasks of TodoApp(title='TodoApp', classes={'-dark-mode'}, pseudo_classes={'dark', 'focus'})>
DEBUG:root:get_visible_tasks: filter_status=Status.ACTIVE, filter_category=None, sort_key=None, sort_reverse=False
DEBUG:root:get_visible_tasks() returned: [<core.task.Task object at 0x104e81d30>, <core.task.Task object at 0x104db5220>, <core.task.Task object at 0x105315e50>, <core.task.Task object at 0x105315ee0>]
DEBUG:root:type: <class 'list'>
DEBUG:root:Filter applied f a 
DEBUG:root:get_visible_tasks attr: <bound method TodoApp.get_visible_tasks of TodoApp(title='TodoApp', classes={'-dark-mode'}, pseudo_classes={'dark', 'focus'})>
DEBUG:root:get_visible_tasks: filter_status=Status.ACTIVE, filter_category=None, sort_key=None, sort_reverse=False
DEBUG:root:get_visible_tasks() returned: [<core.task.Task object at 0x104e81d30>, <core.task.Task object at 0x104db5220>, <core.task.Task object at 0x105315e50>, <core.task.Task object at 0x105315ee0>]
DEBUG:root:type: <class 'list'>
DEBUG:root:Filter applied f a 
DEBUG:root:get_visible_tasks attr: <bound method TodoApp.get_visible_tasks of TodoApp(title='TodoApp', classes={'-dark-mode'}, pseudo_classes={'dark', 'focus'})>
DEBUG:root:get_visible_tasks: filter_status=Status.ACTIVE, filter_category=None, sort_key=None, sort_reverse=False
DEBUG:root:get_visible_tasks() returned: [<core.task.Task object at 0x104e81d30>, <core.task.Task object at 0x104db5220>, <core.task.Task object at 0x105315e50>, <core.task.Task object at 0x105315ee0>]
DEBUG:root:type: <class 'list'>
DEBUG:root:Filter applied f a 
DEBUG:root:get_visible_tasks attr: <bound method TodoApp.get_visible_tasks of TodoApp(title='TodoApp', classes={'-dark-mode'}, pseudo_classes={'dark', 'focus'})>
DEBUG:root:get_visible_tasks: filter_status=Status.ACTIVE, filter_category=None, sort_key=None, sort_reverse=False
DEBUG:root:get_visible_tasks() returned: [<core.task.Task object at 0x104e81d30>, <core.task.Task object at 0x104db5220>, <core.task.Task object at 0x105315e50>, <core.task.Task object at 0x105315ee0>]
DEBUG:root:type: <class 'list'>
DEBUG:root:Filter applied f a 
DEBUG:root:get_visible_tasks attr: <bound method TodoApp.get_visible_tasks of TodoApp(title='TodoApp', classes={'-dark-mode'}, pseudo_classes={'dark', 'focus'})>
DEBUG:root:get_visible_tasks: filter_status=Status.ACTIVE, filter_category=None, sort_key=None, sort_reverse=False
DEBUG:root:get_visible_tasks() returned: [<core.task.Task object at 0x104e81d30>, <core.task.Task object at 0x104db5220>, <core.task.Task object at 0x105315e50>, <core.task.Task object at 0x105315ee0>]
DEBUG:root:type: <class 'list'>
DEBUG:root:Filter applied f a 
DEBUG:root:get_visible_tasks attr: <bound method TodoApp.get_visible_tasks of TodoApp(title='TodoApp', classes={'-dark-mode'}, pseudo_classes={'dark', 'focus'})>
DEBUG:root:get_visible_tasks: filter_status=Status.ACTIVE, filter_category=None, sort_key=None, sort_reverse=False
DEBUG:root:get_visible_tasks() returned: [<core.task.Task object at 0x104e81d30>, <core.task.Task object at 0x104db5220>, <core.task.Task object at 0x105315e50>, <core.task.Task object at 0x105315ee0>]
DEBUG:root:type: <class 'list'>
DEBUG:root:Filter applied f a 
DEBUG:root:get_visible_tasks attr: <bound method TodoApp.get_visible_tasks of TodoApp(title='TodoApp', classes={'-dark-mode'}, pseudo_classes={'dark', 'focus'})>
DEBUG:root:get_visible_tasks: filter_status=Status.ACTIVE, filter_category=None, sort_key=None, sort_reverse=False
DEBUG:root:get_visible_tasks() returned: [<core.task.Task object at 0x104e81d30>, <core.task.Task object at 0x104db5220>, <core.task.Task object at 0x105315e50>, <core.task.Task object at 0x105315ee0>]
DEBUG:root:type: <class 'list'>
DEBUG:root:Filter applied f a 
DEBUG:root:get_visible_tasks attr: <bound method TodoApp.get_visible_tasks of TodoApp(title='TodoApp', classes={'-dark-mode'}, pseudo_classes={'dark', 'focus'})>
DEBUG:root:get_visible_tasks: filter_status=Status.ACTIVE, filter_category=None, sort_key=None, sort_reverse=False
DEBUG:root:get_visible_tasks() returned: [<core.task.Task object at 0x104e81d30>, <core.task.Task object at 0x104db5220>, <core.task.Task object at 0x105315e50>, <core.task.Task object at 0x105315ee0>]
DEBUG:root:type: <class 'list'>
DEBUG:root:Filter applied f h 
DEBUG:root:get_visible_tasks attr: <bound method TodoApp.get_visible_tasks of TodoApp(title='TodoApp', classes={'-dark-mode'}, pseudo_classes={'dark', 'focus'})>
DEBUG:root:get_visible_tasks: filter_status=Status.HOLD, filter_category=None, sort_key=None, sort_reverse=False
DEBUG:root:get_visible_tasks() returned: []
DEBUG:root:type: <class 'list'>
DEBUG:root:Filter applied f i 
DEBUG:root:get_visible_tasks attr: <bound method TodoApp.get_visible_tasks of TodoApp(title='TodoApp', classes={'-dark-mode'}, pseudo_classes={'dark', 'focus'})>
DEBUG:root:get_visible_tasks: filter_status=Status.IN_PROGRESS, filter_category=None, sort_key=None, sort_reverse=False
DEBUG:root:get_visible_tasks() returned: []
DEBUG:root:type: <class 'list'>
DEBUG:root:Filter applied f c 
DEBUG:root:get_visible_tasks attr: <bound method TodoApp.get_visible_tasks of TodoApp(title='TodoApp', classes={'-dark-mode'}, pseudo_classes={'dark', 'focus'})>
DEBUG:root:get_visible_tasks: filter_status=Status.CANCELLED, filter_category=None, sort_key=None, sort_reverse=False
DEBUG:root:get_visible_tasks() returned: []
DEBUG:root:type: <class 'list'>
DEBUG:root:Filter applied f i 
DEBUG:root:get_visible_tasks attr: <bound method TodoApp.get_visible_tasks of TodoApp(title='TodoApp', classes={'-dark-mode'}, pseudo_classes={'dark', 'focus'})>
DEBUG:root:get_visible_tasks: filter_status=Status.IN_PROGRESS, filter_category=None, sort_key=None, sort_reverse=False
DEBUG:root:get_visible_tasks() returned: []
DEBUG:root:type: <class 'list'>
DEBUG:root:Filter applied f a 
DEBUG:root:get_visible_tasks attr: <bound method TodoApp.get_visible_tasks of TodoApp(title='TodoApp', classes={'-dark-mode'}, pseudo_classes={'dark', 'focus'})>
DEBUG:root:get_visible_tasks: filter_status=Status.ACTIVE, filter_category=None, sort_key=None, sort_reverse=False
DEBUG:root:get_visible_tasks() returned: [<core.task.Task object at 0x104e81d30>, <core.task.Task object at 0x104db5220>, <core.task.Task object at 0x105315e50>, <core.task.Task object at 0x105315ee0>]
DEBUG:root:type: <class 'list'>
DEBUG:root:Filter applied f c 
DEBUG:root:get_visible_tasks attr: <bound method TodoApp.get_visible_tasks of TodoApp(title='TodoApp', classes={'-dark-mode'}, pseudo_classes={'dark', 'focus'})>
DEBUG:root:get_visible_tasks: filter_status=Status.CANCELLED, filter_category=None, sort_key=None, sort_reverse=False
DEBUG:root:get_visible_tasks() returned: []
DEBUG:root:type: <class 'list'>
DEBUG:root:Filter applied f i 
DEBUG:root:get_visible_tasks attr: <bound method TodoApp.get_visible_tasks of TodoApp(title='TodoApp', classes={'-dark-mode'}, pseudo_classes={'dark', 'focus'})>
DEBUG:root:get_visible_tasks: filter_status=Status.IN_PROGRESS, filter_category=None, sort_key=None, sort_reverse=False
DEBUG:root:get_visible_tasks() returned: []
DEBUG:root:type: <class 'list'>
DEBUG:root:Filter applied f a 
DEBUG:root:get_visible_tasks attr: <bound method TodoApp.get_visible_tasks of TodoApp(title='TodoApp', classes={'-dark-mode'}, pseudo_classes={'dark', 'focus'})>
DEBUG:root:get_visible_tasks: filter_status=Status.ACTIVE, filter_category=None, sort_key=None, sort_reverse=False
DEBUG:root:get_visible_tasks() returned: [<core.task.Task object at 0x104e81d30>, <core.task.Task object at 0x104db5220>, <core.task.Task object at 0x105315e50>, <core.task.Task object at 0x105315ee0>]
DEBUG:root:type: <class 'list'>
DEBUG:root:Filter applied f a 
DEBUG:root:get_visible_tasks attr: <bound method TodoApp.get_visible_tasks of TodoApp(title='TodoApp', classes={'-dark-mode'}, pseudo_classes={'dark', 'focus'})>
DEBUG:root:get_visible_tasks: filter_status=Status.ACTIVE, filter_category=None, sort_key=None, sort_reverse=False
DEBUG:root:get_visible_tasks() returned: [<core.task.Task object at 0x104e81d30>, <core.task.Task object at 0x104db5220>, <core.task.Task object at 0x105315e50>, <core.task.Task object at 0x105315ee0>]
DEBUG:root:type: <class 'list'>
DEBUG:root:Filter applied f a 
DEBUG:root:get_visible_tasks attr: <bound method TodoApp.get_visible_tasks of TodoApp(title='TodoApp', classes={'-dark-mode'}, pseudo_classes={'dark', 'focus'})>
DEBUG:root:get_visible_tasks: filter_status=Status.ACTIVE, filter_category=None, sort_key=None, sort_reverse=False
DEBUG:root:get_visible_tasks() returned: [<core.task.Task object at 0x104e81d30>, <core.task.Task object at 0x104db5220>, <core.task.Task object at 0x105315e50>, <core.task.Task object at 0x105315ee0>]
DEBUG:root:type: <class 'list'>
DEBUG:root:Filter applied f c 
DEBUG:root:get_visible_tasks attr: <bound method TodoApp.get_visible_tasks of TodoApp(title='TodoApp', classes={'-dark-mode'}, pseudo_classes={'dark', 'focus'})>
DEBUG:root:get_visible_tasks: filter_status=Status.CANCELLED, filter_category=None, sort_key=None, sort_reverse=False
DEBUG:root:get_visible_tasks() returned: []
DEBUG:root:type: <class 'list'>
DEBUG:root:Filter applied f i 
DEBUG:root:get_visible_tasks attr: <bound method TodoApp.get_visible_tasks of TodoApp(title='TodoApp', classes={'-dark-mode'}, pseudo_classes={'dark', 'focus'})>
DEBUG:root:get_visible_tasks: filter_status=Status.IN_PROGRESS, filter_category=None, sort_key=None, sort_reverse=False
DEBUG:root:get_visible_tasks() returned: []
DEBUG:root:type: <class 'list'>
DEBUG:root:Filter applied f c 
DEBUG:root:get_visible_tasks attr: <bound method TodoApp.get_visible_tasks of TodoApp(title='TodoApp', classes={'-dark-mode'}, pseudo_classes={'dark', 'focus'})>
DEBUG:root:get_visible_tasks: filter_status=Status.CANCELLED, filter_category=None, sort_key=None, sort_reverse=False
DEBUG:root:get_visible_tasks() returned: []
DEBUG:root:type: <class 'list'>
DEBUG:root:Filter applied f a 
DEBUG:root:get_visible_tasks attr: <bound method TodoApp.get_visible_tasks of TodoApp(title='TodoApp', classes={'-dark-mode'}, pseudo_classes={'dark', 'focus'})>
DEBUG:root:get_visible_tasks: filter_status=Status.ACTIVE, filter_category=None, sort_key=None, sort_reverse=False
DEBUG:root:get_visible_tasks() returned: [<core.task.Task object at 0x104e81d30>, <core.task.Task object at 0x104db5220>, <core.task.Task object at 0x105315e50>, <core.task.Task object at 0x105315ee0>]
DEBUG:root:type: <class 'list'>
DEBUG:root:Filter applied f a 
DEBUG:root:get_visible_tasks attr: <bound method TodoApp.get_visible_tasks of TodoApp(title='TodoApp', classes={'-dark-mode'}, pseudo_classes={'dark', 'focus'})>
DEBUG:root:get_visible_tasks: filter_status=Status.ACTIVE, filter_category=None, sort_key=None, sort_reverse=False
DEBUG:root:get_visible_tasks() returned: [<core.task.Task object at 0x104e81d30>, <core.task.Task object at 0x104db5220>, <core.task.Task object at 0x105315e50>, <core.task.Task object at 0x105315ee0>]
DEBUG:root:type: <class 'list'>
DEBUG:root:Filter applied f a 
DEBUG:root:get_visible_tasks attr: <bound method TodoApp.get_visible_tasks of TodoApp(title='TodoApp', classes={'-dark-mode'}, pseudo_classes={'dark', 'focus'})>
DEBUG:root:get_visible_tasks: filter_status=Status.ACTIVE, filter_category=None, sort_key=None, sort_reverse=False
DEBUG:root:get_visible_tasks() returned: [<core.task.Task object at 0x104e81d30>, <core.task.Task object at 0x104db5220>, <core.task.Task object at 0x105315e50>, <core.task.Task object at 0x105315ee0>]
DEBUG:root:type: <class 'list'>
DEBUG:root:Filter applied f c 
DEBUG:root:get_visible_tasks attr: <bound method TodoApp.get_visible_tasks of TodoApp(title='TodoApp', classes={'-dark-mode'}, pseudo_classes={'dark', 'focus'})>
DEBUG:root:get_visible_tasks: filter_status=Status.CANCELLED, filter_category=None, sort_key=None, sort_reverse=False
DEBUG:root:get_visible_tasks() returned: []
DEBUG:root:type: <class 'list'>
DEBUG:root:Filter applied f i 
DEBUG:root:get_visible_tasks attr: <bound method TodoApp.get_visible_tasks of TodoApp(title='TodoApp', classes={'-dark-mode'}, pseudo_classes={'dark', 'focus'})>
DEBUG:root:get_visible_tasks: filter_status=Status.IN_PROGRESS, filter_category=None, sort_key=None, sort_reverse=False
DEBUG:root:get_visible_tasks() returned: []
DEBUG:root:type: <class 'list'>
DEBUG:root:Filter applied f a 
DEBUG:root:get_visible_tasks attr: <bound method TodoApp.get_visible_tasks of TodoApp(title='TodoApp', classes={'-dark-mode'}, pseudo_classes={'dark', 'focus'})>
DEBUG:root:get_visible_tasks: filter_status=Status.ACTIVE, filter_category=None, sort_key=None, sort_reverse=False
DEBUG:root:get_visible_tasks() returned: [<core.task.Task object at 0x104e81d30>, <core.task.Task object at 0x104db5220>, <core.task.Task object at 0x105315e50>, <core.task.Task object at 0x105315ee0>]
DEBUG:root:type: <class 'list'>
DEBUG:root:Filter applied f a 
DEBUG:root:get_visible_tasks attr: <bound method TodoApp.get_visible_tasks of TodoApp(title='TodoApp', classes={'-dark-mode'}, pseudo_classes={'dark', 'focus'})>
DEBUG:root:get_visible_tasks: filter_status=Status.ACTIVE, filter_category=None, sort_key=None, sort_reverse=False
DEBUG:root:get_visible_tasks() returned: [<core.task.Task object at 0x104e81d30>, <core.task.Task object at 0x104db5220>, <core.task.Task object at 0x105315e50>, <core.task.Task object at 0x105315ee0>]
DEBUG:root:type: <class 'list'>
DEBUG:root:Filter applied f a 
DEBUG:root:get_visible_tasks attr: <bound method TodoApp.get_visible_tasks of TodoApp(title='TodoApp', classes={'-dark-mode'}, pseudo_classes={'dark', 'focus'})>
DEBUG:root:get_visible_tasks: filter_status=Status.ACTIVE, filter_category=None, sort_key=None, sort_reverse=False
DEBUG:root:get_visible_tasks() returned: [<core.task.Task object at 0x104e81d30>, <core.task.Task object at 0x104db5220>, <core.task.Task object at 0x105315e50>, <core.task.Task object at 0x105315ee0>]
DEBUG:root:type: <class 'list'>
DEBUG:root:Filter applied f c 
DEBUG:root:get_visible_tasks attr: <bound method TodoApp.get_visible_tasks of TodoApp(title='TodoApp', classes={'-dark-mode'}, pseudo_classes={'dark', 'focus'})>
DEBUG:root:get_visible_tasks: filter_status=Status.CANCELLED, filter_category=None, sort_key=None, sort_reverse=False
DEBUG:root:get_visible_tasks() returned: []
DEBUG:root:type: <class 'list'>
DEBUG:root:Filter applied f i 
DEBUG:root:get_visible_tasks attr: <bound method TodoApp.get_visible_tasks of TodoApp(title='TodoApp', classes={'-dark-mode'}, pseudo_classes={'dark', 'focus'})>
DEBUG:root:get_visible_tasks: filter_status=Status.IN_PROGRESS, filter_category=None, sort_key=None, sort_reverse=False
DEBUG:root:get_visible_tasks() returned: []
DEBUG:root:type: <class 'list'>
DEBUG:root:Filter applied f c 
DEBUG:root:get_visible_tasks attr: <bound method TodoApp.get_visible_tasks of TodoApp(title='TodoApp', classes={'-dark-mode'}, pseudo_classes={'dark', 'focus'})>
DEBUG:root:get_visible_tasks: filter_status=Status.CANCELLED, filter_category=None, sort_key=None, sort_reverse=False
DEBUG:root:get_visible_tasks() returned: []
DEBUG:root:type: <class 'list'>
DEBUG:root:Filter applied f a 
DEBUG:root:get_visible_tasks attr: <bound method TodoApp.get_visible_tasks of TodoApp(title='TodoApp', classes={'-dark-mode'}, pseudo_classes={'dark', 'focus'})>
DEBUG:root:get_visible_tasks: filter_status=Status.ACTIVE, filter_category=None, sort_key=None, sort_reverse=False
DEBUG:root:get_visible_tasks() returned: [<core.task.Task object at 0x104e81d30>, <core.task.Task object at 0x104db5220>, <core.task.Task object at 0x105315e50>, <core.task.Task object at 0x105315ee0>]
DEBUG:root:type: <class 'list'>
DEBUG:root:Filter applied f a 
DEBUG:root:get_visible_tasks attr: <bound method TodoApp.get_visible_tasks of TodoApp(title='TodoApp', classes={'-dark-mode'}, pseudo_classes={'dark', 'focus'})>
DEBUG:root:get_visible_tasks: filter_status=Status.ACTIVE, filter_category=None, sort_key=None, sort_reverse=False
DEBUG:root:get_visible_tasks() returned: [<core.task.Task object at 0x104e81d30>, <core.task.Task object at 0x104db5220>, <core.task.Task object at 0x105315e50>, <core.task.Task object at 0x105315ee0>]
DEBUG:root:type: <class 'list'>
DEBUG:root:Filter applied f a 
DEBUG:root:get_visible_tasks attr: <bound method TodoApp.get_visible_tasks of TodoApp(title='TodoApp', classes={'-dark-mode'}, pseudo_classes={'dark', 'focus'})>
DEBUG:root:get_visible_tasks: filter_status=Status.ACTIVE, filter_category=None, sort_key=None, sort_reverse=False
DEBUG:root:get_visible_tasks() returned: [<core.task.Task object at 0x104e81d30>, <core.task.Task object at 0x104db5220>, <core.task.Task object at 0x105315e50>, <core.task.Task object at 0x105315ee0>]
DEBUG:root:type: <class 'list'>
DEBUG:root:Filter applied f c 
DEBUG:root:get_visible_tasks attr: <bound method TodoApp.get_visible_tasks of TodoApp(title='TodoApp', classes={'-dark-mode'}, pseudo_classes={'dark', 'focus'})>
DEBUG:root:get_visible_tasks: filter_status=Status.CANCELLED, filter_category=None, sort_key=None, sort_reverse=False
DEBUG:root:get_visible_tasks() returned: []
DEBUG:root:type: <class 'list'>
DEBUG:root:Filter applied f i 
DEBUG:root:get_visible_tasks attr: <bound method TodoApp.get_visible_tasks of TodoApp(title='TodoApp', classes={'-dark-mode'}, pseudo_classes={'dark', 'focus'})>
DEBUG:root:get_visible_tasks: filter_status=Status.IN_PROGRESS, filter_category=None, sort_key=None, sort_reverse=False
DEBUG:root:get_visible_tasks() returned: []
DEBUG:root:type: <class 'list'>
DEBUG:root:Filter applied f a 
DEBUG:root:get_visible_tasks attr: <bound method TodoApp.get_visible_tasks of TodoApp(title='TodoApp', classes={'-dark-mode'}, pseudo_classes={'dark', 'focus'})>
DEBUG:root:get_visible_tasks: filter_status=Status.ACTIVE, filter_category=None, sort_key=None, sort_reverse=False
DEBUG:root:get_visible_tasks() returned: [<core.task.Task object at 0x104e81d30>, <core.task.Task object at 0x104db5220>, <core.task.Task object at 0x105315e50>, <core.task.Task object at 0x105315ee0>]
DEBUG:root:type: <class 'list'>
DEBUG:root:Filter applied f a 
DEBUG:root:get_visible_tasks attr: <bound method TodoApp.get_visible_tasks of TodoApp(title='TodoApp', classes={'-dark-mode'}, pseudo_classes={'dark', 'focus'})>
DEBUG:root:get_visible_tasks: filter_status=Status.ACTIVE, filter_category=None, sort_key=None, sort_reverse=False
DEBUG:root:get_visible_tasks() returned: [<core.task.Task object at 0x104e81d30>, <core.task.Task object at 0x104db5220>, <core.task.Task object at 0x105315e50>, <core.task.Task object at 0x105315ee0>]
DEBUG:root:type: <class 'list'>
DEBUG:root:Filter applied f a 
DEBUG:root:get_visible_tasks attr: <bound method TodoApp.get_visible_tasks of TodoApp(title='TodoApp', classes={'-dark-mode'}, pseudo_classes={'dark', 'focus'})>
DEBUG:root:get_visible_tasks: filter_status=Status.ACTIVE, filter_category=None, sort_key=None, sort_reverse=False
DEBUG:root:get_visible_tasks() returned: [<core.task.Task object at 0x104e81d30>, <core.task.Task object at 0x104db5220>, <core.task.Task object at 0x105315e50>, <core.task.Task object at 0x105315ee0>]
DEBUG:root:type: <class 'list'>
DEBUG:root:Filter applied f c 
DEBUG:root:get_visible_tasks attr: <bound method TodoApp.get_visible_tasks of TodoApp(title='TodoApp', classes={'-dark-mode'}, pseudo_classes={'dark', 'focus'})>
DEBUG:root:get_visible_tasks: filter_status=Status.CANCELLED, filter_category=None, sort_key=None, sort_reverse=False
DEBUG:root:get_visible_tasks() returned: []
DEBUG:root:type: <class 'list'>
DEBUG:root:Filter applied f i 
DEBUG:root:get_visible_tasks attr: <bound method TodoApp.get_visible_tasks of TodoApp(title='TodoApp', classes={'-dark-mode'}, pseudo_classes={'dark', 'focus'})>
DEBUG:root:get_visible_tasks: filter_status=Status.IN_PROGRESS, filter_category=None, sort_key=None, sort_reverse=False
DEBUG:root:get_visible_tasks() returned: []
DEBUG:root:type: <class 'list'>
DEBUG:root:Filter applied f a 
DEBUG:root:get_visible_tasks attr: <bound method TodoApp.get_visible_tasks of TodoApp(title='TodoApp', classes={'-dark-mode'}, pseudo_classes={'dark', 'focus'})>
DEBUG:root:get_visible_tasks: filter_status=Status.ACTIVE, filter_category=None, sort_key=None, sort_reverse=False
DEBUG:root:get_visible_tasks() returned: [<core.task.Task object at 0x104e81d30>, <core.task.Task object at 0x104db5220>, <core.task.Task object at 0x105315e50>, <core.task.Task object at 0x105315ee0>]
DEBUG:root:type: <class 'list'>
DEBUG:root:Filter applied f a 
DEBUG:root:get_visible_tasks attr: <bound method TodoApp.get_visible_tasks of TodoApp(title='TodoApp', classes={'-dark-mode'}, pseudo_classes={'dark', 'focus'})>
DEBUG:root:get_visible_tasks: filter_status=Status.ACTIVE, filter_category=None, sort_key=None, sort_reverse=False
DEBUG:root:get_visible_tasks() returned: [<core.task.Task object at 0x104e81d30>, <core.task.Task object at 0x104db5220>, <core.task.Task object at 0x105315e50>, <core.task.Task object at 0x105315ee0>]
DEBUG:root:type: <class 'list'>
DEBUG:root:Filter applied f a 
DEBUG:root:get_visible_tasks attr: <bound method TodoApp.get_visible_tasks of TodoApp(title='TodoApp', classes={'-dark-mode'}, pseudo_classes={'dark', 'focus'})>
DEBUG:root:get_visible_tasks: filter_status=Status.ACTIVE, filter_category=None, sort_key=None, sort_reverse=False
DEBUG:root:get_visible_tasks() returned: [<core.task.Task object at 0x104e81d30>, <core.task.Task object at 0x104db5220>, <core.task.Task object at 0x105315e50>, <core.task.Task object at 0x105315ee0>]
DEBUG:root:type: <class 'list'>
DEBUG:root:Filter applied f a 
DEBUG:root:get_visible_tasks attr: <bound method TodoApp.get_visible_tasks of TodoApp(title='TodoApp', classes={'-dark-mode'}, pseudo_classes={'dark', 'focus'})>
DEBUG:root:get_visible_tasks: filter_status=Status.ACTIVE, filter_category=None, sort_key=None, sort_reverse=False
DEBUG:root:get_visible_tasks() returned: [<core.task.Task object at 0x104e81d30>, <core.task.Task object at 0x104db5220>, <core.task.Task object at 0x105315e50>, <core.task.Task object at 0x105315ee0>]
DEBUG:root:type: <class 'list'>
DEBUG:root:Filter applied f a 
DEBUG:root:get_visible_tasks attr: <bound method TodoApp.get_visible_tasks of TodoApp(title='TodoApp', classes={'-dark-mode'}, pseudo_classes={'dark', 'focus'})>
DEBUG:root:get_visible_tasks: filter_status=Status.ACTIVE, filter_category=None, sort_key=None, sort_reverse=False
DEBUG:root:get_visible_tasks() returned: [<core.task.Task object at 0x104e81d30>, <core.task.Task object at 0x104db5220>, <core.task.Task object at 0x105315e50>, <core.task.Task object at 0x105315ee0>]
DEBUG:root:type: <class 'list'>
DEBUG:root:Filter applied f h 
DEBUG:root:get_visible_tasks attr: <bound method TodoApp.get_visible_tasks of TodoApp(title='TodoApp', classes={'-dark-mode'}, pseudo_classes={'dark', 'focus'})>
DEBUG:root:get_visible_tasks: filter_status=Status.HOLD, filter_category=None, sort_key=None, sort_reverse=False
DEBUG:root:get_visible_tasks() returned: []
DEBUG:root:type: <class 'list'>
DEBUG:root:Filter applied f i 
DEBUG:root:get_visible_tasks attr: <bound method TodoApp.get_visible_tasks of TodoApp(title='TodoApp', classes={'-dark-mode'}, pseudo_classes={'dark', 'focus'})>
DEBUG:root:get_visible_tasks: filter_status=Status.IN_PROGRESS, filter_category=None, sort_key=None, sort_reverse=False
DEBUG:root:get_visible_tasks() returned: []
DEBUG:root:type: <class 'list'>
DEBUG:root:Filter applied f a 
DEBUG:root:get_visible_tasks attr: <bound method TodoApp.get_visible_tasks of TodoApp(title='TodoApp', classes={'-dark-mode'}, pseudo_classes={'dark', 'focus'})>
DEBUG:root:get_visible_tasks: filter_status=Status.ACTIVE, filter_category=None, sort_key=None, sort_reverse=False
DEBUG:root:get_visible_tasks() returned: [<core.task.Task object at 0x104e81d30>, <core.task.Task object at 0x104db5220>, <core.task.Task object at 0x105315e50>, <core.task.Task object at 0x105315ee0>]
DEBUG:root:type: <class 'list'>
DEBUG:root:Filter applied f c 
DEBUG:root:get_visible_tasks attr: <bound method TodoApp.get_visible_tasks of TodoApp(title='TodoApp', classes={'-dark-mode'}, pseudo_classes={'dark', 'focus'})>
DEBUG:root:get_visible_tasks: filter_status=Status.CANCELLED, filter_category=None, sort_key=None, sort_reverse=False
DEBUG:root:get_visible_tasks() returned: []
DEBUG:root:type: <class 'list'>
DEBUG:root:Filter applied f i 
DEBUG:root:get_visible_tasks attr: <bound method TodoApp.get_visible_tasks of TodoApp(title='TodoApp', classes={'-dark-mode'}, pseudo_classes={'dark', 'focus'})>
DEBUG:root:get_visible_tasks: filter_status=Status.IN_PROGRESS, filter_category=None, sort_key=None, sort_reverse=False
DEBUG:root:get_visible_tasks() returned: []
DEBUG:root:type: <class 'list'>
DEBUG:root:Filter applied f a 
DEBUG:root:get_visible_tasks attr: <bound method TodoApp.get_visible_tasks of TodoApp(title='TodoApp', classes={'-dark-mode'}, pseudo_classes={'dark', 'focus'})>
DEBUG:root:get_visible_tasks: filter_status=Status.ACTIVE, filter_category=None, sort_key=None, sort_reverse=False
DEBUG:root:get_visible_tasks() returned: [<core.task.Task object at 0x104e81d30>, <core.task.Task object at 0x104db5220>, <core.task.Task object at 0x105315e50>, <core.task.Task object at 0x105315ee0>]
DEBUG:root:type: <class 'list'>
DEBUG:root:Filter applied f a 
DEBUG:root:get_visible_tasks attr: <bound method TodoApp.get_visible_tasks of TodoApp(title='TodoApp', classes={'-dark-mode'}, pseudo_classes={'dark', 'focus'})>
DEBUG:root:get_visible_tasks: filter_status=Status.ACTIVE, filter_category=None, sort_key=None, sort_reverse=False
DEBUG:root:get_visible_tasks() returned: [<core.task.Task object at 0x104e81d30>, <core.task.Task object at 0x104db5220>, <core.task.Task object at 0x105315e50>, <core.task.Task object at 0x105315ee0>]
DEBUG:root:type: <class 'list'>
DEBUG:root:Filter applied f h 
DEBUG:root:get_visible_tasks attr: <bound method TodoApp.get_visible_tasks of TodoApp(title='TodoApp', classes={'-dark-mode'}, pseudo_classes={'dark', 'focus'})>
DEBUG:root:get_visible_tasks: filter_status=Status.HOLD, filter_category=None, sort_key=None, sort_reverse=False
DEBUG:root:get_visible_tasks() returned: []
DEBUG:root:type: <class 'list'>
DEBUG:root:Filter applied f c 
DEBUG:root:get_visible_tasks attr: <bound method TodoApp.get_visible_tasks of TodoApp(title='TodoApp', classes={'-dark-mode'}, pseudo_classes={'dark', 'focus'})>
DEBUG:root:get_visible_tasks: filter_status=Status.CANCELLED, filter_category=None, sort_key=None, sort_reverse=False
DEBUG:root:get_visible_tasks() returned: []
DEBUG:root:type: <class 'list'>
DEBUG:root:Filter applied f c 
DEBUG:root:get_visible_tasks attr: <bound method TodoApp.get_visible_tasks of TodoApp(title='TodoApp', classes={'-dark-mode'}, pseudo_classes={'dark', 'focus'})>
DEBUG:root:get_visible_tasks: filter_status=Status.CANCELLED, filter_category=None, sort_key=None, sort_reverse=False
DEBUG:root:get_visible_tasks() returned: []
DEBUG:root:type: <class 'list'>
DEBUG:root:Filter applied f a 
DEBUG:root:get_visible_tasks attr: <bound method TodoApp.get_visible_tasks of TodoApp(title='TodoApp', classes={'-dark-mode'}, pseudo_classes={'dark', 'focus'})>
DEBUG:root:get_visible_tasks: filter_status=Status.ACTIVE, filter_category=None, sort_key=None, sort_reverse=False
DEBUG:root:get_visible_tasks() returned: [<core.task.Task object at 0x104e81d30>, <core.task.Task object at 0x104db5220>, <core.task.Task object at 0x105315e50>, <core.task.Task object at 0x105315ee0>]
DEBUG:root:type: <class 'list'>
DEBUG:root:Filter applied f a 
DEBUG:root:get_visible_tasks attr: <bound method TodoApp.get_visible_tasks of TodoApp(title='TodoApp', classes={'-dark-mode'}, pseudo_classes={'dark', 'focus'})>
DEBUG:root:get_visible_tasks: filter_status=Status.ACTIVE, filter_category=None, sort_key=None, sort_reverse=False
DEBUG:root:get_visible_tasks() returned: [<core.task.Task object at 0x104e81d30>, <core.task.Task object at 0x104db5220>, <core.task.Task object at 0x105315e50>, <core.task.Task object at 0x105315ee0>]
DEBUG:root:type: <class 'list'>
DEBUG:root:Filter applied f a 
DEBUG:root:get_visible_tasks attr: <bound method TodoApp.get_visible_tasks of TodoApp(title='TodoApp', classes={'-dark-mode'}, pseudo_classes={'dark', 'focus'})>
DEBUG:root:get_visible_tasks: filter_status=Status.ACTIVE, filter_category=None, sort_key=None, sort_reverse=False
DEBUG:root:get_visible_tasks() returned: [<core.task.Task object at 0x104e81d30>, <core.task.Task object at 0x104db5220>, <core.task.Task object at 0x105315e50>, <core.task.Task object at 0x105315ee0>]
DEBUG:root:type: <class 'list'>
DEBUG:root:Filter applied f i 
DEBUG:root:get_visible_tasks attr: <bound method TodoApp.get_visible_tasks of TodoApp(title='TodoApp', classes={'-dark-mode'}, pseudo_classes={'dark', 'focus'})>
DEBUG:root:get_visible_tasks: filter_status=Status.IN_PROGRESS, filter_category=None, sort_key=None, sort_reverse=False
DEBUG:root:get_visible_tasks() returned: []
DEBUG:root:type: <class 'list'>
DEBUG:root:Filter applied f a 
DEBUG:root:get_visible_tasks attr: <bound method TodoApp.get_visible_tasks of TodoApp(title='TodoApp', classes={'-dark-mode'}, pseudo_classes={'dark', 'focus'})>
DEBUG:root:get_visible_tasks: filter_status=Status.ACTIVE, filter_category=None, sort_key=None, sort_reverse=False
DEBUG:root:get_visible_tasks() returned: [<core.task.Task object at 0x104e81d30>, <core.task.Task object at 0x104db5220>, <core.task.Task object at 0x105315e50>, <core.task.Task object at 0x105315ee0>]
DEBUG:root:type: <class 'list'>
DEBUG:root:Filter applied f i 
DEBUG:root:get_visible_tasks attr: <bound method TodoApp.get_visible_tasks of TodoApp(title='TodoApp', classes={'-dark-mode'}, pseudo_classes={'dark', 'focus'})>
DEBUG:root:get_visible_tasks: filter_status=Status.IN_PROGRESS, filter_category=None, sort_key=None, sort_reverse=False
DEBUG:root:get_visible_tasks() returned: []
DEBUG:root:type: <class 'list'>
DEBUG:root:Filter applied f i 
DEBUG:root:get_visible_tasks attr: <bound method TodoApp.get_visible_tasks of TodoApp(title='TodoApp', classes={'-dark-mode'}, pseudo_classes={'dark', 'focus'})>
DEBUG:root:get_visible_tasks: filter_status=Status.IN_PROGRESS, filter_category=None, sort_key=None, sort_reverse=False
DEBUG:root:get_visible_tasks() returned: []
DEBUG:root:type: <class 'list'>
DEBUG:root:Filter applied f a 
DEBUG:root:get_visible_tasks attr: <bound method TodoApp.get_visible_tasks of TodoApp(title='TodoApp', classes={'-dark-mode'}, pseudo_classes={'dark', 'focus'})>
DEBUG:root:get_visible_tasks: filter_status=Status.ACTIVE, filter_category=None, sort_key=None, sort_reverse=False
DEBUG:root:get_visible_tasks() returned: [<core.task.Task object at 0x104e81d30>, <core.task.Task object at 0x104db5220>, <core.task.Task object at 0x105315e50>, <core.task.Task object at 0x105315ee0>]
DEBUG:root:type: <class 'list'>
DEBUG:root:Filter applied f c 
DEBUG:root:get_visible_tasks attr: <bound method TodoApp.get_visible_tasks of TodoApp(title='TodoApp', classes={'-dark-mode'}, pseudo_classes={'dark', 'focus'})>
DEBUG:root:get_visible_tasks: filter_status=Status.CANCELLED, filter_category=None, sort_key=None, sort_reverse=False
DEBUG:root:get_visible_tasks() returned: []
DEBUG:root:type: <class 'list'>
DEBUG:root:Filter applied f i 
DEBUG:root:get_visible_tasks attr: <bound method TodoApp.get_visible_tasks of TodoApp(title='TodoApp', classes={'-dark-mode'}, pseudo_classes={'dark', 'focus'})>
DEBUG:root:get_visible_tasks: filter_status=Status.IN_PROGRESS, filter_category=None, sort_key=None, sort_reverse=False
DEBUG:root:get_visible_tasks() returned: []
DEBUG:root:type: <class 'list'>
DEBUG:root:Filter applied f a 
DEBUG:root:get_visible_tasks attr: <bound method TodoApp.get_visible_tasks of TodoApp(title='TodoApp', classes={'-dark-mode'}, pseudo_classes={'dark', 'focus'})>
DEBUG:root:get_visible_tasks: filter_status=Status.ACTIVE, filter_category=None, sort_key=None, sort_reverse=False
DEBUG:root:get_visible_tasks() returned: [<core.task.Task object at 0x104e81d30>, <core.task.Task object at 0x104db5220>, <core.task.Task object at 0x105315e50>, <core.task.Task object at 0x105315ee0>]
DEBUG:root:type: <class 'list'>
DEBUG:root:Filter applied f a 
DEBUG:root:get_visible_tasks attr: <bound method TodoApp.get_visible_tasks of TodoApp(title='TodoApp', classes={'-dark-mode'}, pseudo_classes={'dark', 'focus'})>
DEBUG:root:get_visible_tasks: filter_status=Status.ACTIVE, filter_category=None, sort_key=None, sort_reverse=False
DEBUG:root:get_visible_tasks() returned: [<core.task.Task object at 0x104e81d30>, <core.task.Task object at 0x104db5220>, <core.task.Task object at 0x105315e50>, <core.task.Task object at 0x105315ee0>]
DEBUG:root:type: <class 'list'>
DEBUG:root:Filter applied f a 
DEBUG:root:get_visible_tasks attr: <bound method TodoApp.get_visible_tasks of TodoApp(title='TodoApp', classes={'-dark-mode'}, pseudo_classes={'dark', 'focus'})>
DEBUG:root:get_visible_tasks: filter_status=Status.ACTIVE, filter_category=None, sort_key=None, sort_reverse=False
DEBUG:root:get_visible_tasks() returned: [<core.task.Task object at 0x104e81d30>, <core.task.Task object at 0x104db5220>, <core.task.Task object at 0x105315e50>, <core.task.Task object at 0x105315ee0>]
DEBUG:root:type: <class 'list'>
DEBUG:root:Filter applied f h 
DEBUG:root:get_visible_tasks attr: <bound method TodoApp.get_visible_tasks of TodoApp(title='TodoApp', classes={'-dark-mode'}, pseudo_classes={'dark', 'focus'})>
DEBUG:root:get_visible_tasks: filter_status=Status.HOLD, filter_category=None, sort_key=None, sort_reverse=False
DEBUG:root:get_visible_tasks() returned: []
DEBUG:root:type: <class 'list'>
DEBUG:root:Filter applied f i 
DEBUG:root:get_visible_tasks attr: <bound method TodoApp.get_visible_tasks of TodoApp(title='TodoApp', classes={'-dark-mode'}, pseudo_classes={'dark', 'focus'})>
DEBUG:root:get_visible_tasks: filter_status=Status.IN_PROGRESS, filter_category=None, sort_key=None, sort_reverse=False
DEBUG:root:get_visible_tasks() returned: []
DEBUG:root:type: <class 'list'>
DEBUG:root:Filter applied f a 
DEBUG:root:get_visible_tasks attr: <bound method TodoApp.get_visible_tasks of TodoApp(title='TodoApp', classes={'-dark-mode'}, pseudo_classes={'dark', 'focus'})>
DEBUG:root:get_visible_tasks: filter_status=Status.ACTIVE, filter_category=None, sort_key=None, sort_reverse=False
DEBUG:root:get_visible_tasks() returned: [<core.task.Task object at 0x104e81d30>, <core.task.Task object at 0x104db5220>, <core.task.Task object at 0x105315e50>, <core.task.Task object at 0x105315ee0>]
DEBUG:root:type: <class 'list'>
DEBUG:root:Filter applied f a 
DEBUG:root:get_visible_tasks attr: <bound method TodoApp.get_visible_tasks of TodoApp(title='TodoApp', classes={'-dark-mode'}, pseudo_classes={'dark', 'focus'})>
DEBUG:root:get_visible_tasks: filter_status=Status.ACTIVE, filter_category=None, sort_key=None, sort_reverse=False
DEBUG:root:get_visible_tasks() returned: [<core.task.Task object at 0x104e81d30>, <core.task.Task object at 0x104db5220>, <core.task.Task object at 0x105315e50>, <core.task.Task object at 0x105315ee0>]
DEBUG:root:type: <class 'list'>
DEBUG:root:Filter applied f c 
DEBUG:root:get_visible_tasks attr: <bound method TodoApp.get_visible_tasks of TodoApp(title='TodoApp', classes={'-dark-mode'}, pseudo_classes={'dark', 'focus'})>
DEBUG:root:get_visible_tasks: filter_status=Status.CANCELLED, filter_category=None, sort_key=None, sort_reverse=False
DEBUG:root:get_visible_tasks() returned: []
DEBUG:root:type: <class 'list'>
DEBUG:root:Filter applied f i 
DEBUG:root:get_visible_tasks attr: <bound method TodoApp.get_visible_tasks of TodoApp(title='TodoApp', classes={'-dark-mode'}, pseudo_classes={'dark', 'focus'})>
DEBUG:root:get_visible_tasks: filter_status=Status.IN_PROGRESS, filter_category=None, sort_key=None, sort_reverse=False
DEBUG:root:get_visible_tasks() returned: []
DEBUG:root:type: <class 'list'>
DEBUG:root:Filter applied f a 
DEBUG:root:get_visible_tasks attr: <bound method TodoApp.get_visible_tasks of TodoApp(title='TodoApp', classes={'-dark-mode'}, pseudo_classes={'dark', 'focus'})>
DEBUG:root:get_visible_tasks: filter_status=Status.ACTIVE, filter_category=None, sort_key=None, sort_reverse=False
DEBUG:root:get_visible_tasks() returned: [<core.task.Task object at 0x104e81d30>, <core.task.Task object at 0x104db5220>, <core.task.Task object at 0x105315e50>, <core.task.Task object at 0x105315ee0>]
DEBUG:root:type: <class 'list'>
DEBUG:root:Filter applied f i 
DEBUG:root:get_visible_tasks attr: <bound method TodoApp.get_visible_tasks of TodoApp(title='TodoApp', classes={'-dark-mode'}, pseudo_classes={'dark', 'focus'})>
DEBUG:root:get_visible_tasks: filter_status=Status.IN_PROGRESS, filter_category=None, sort_key=None, sort_reverse=False
DEBUG:root:get_visible_tasks() returned: []
DEBUG:root:type: <class 'list'>
DEBUG:root:Filter applied f c 
DEBUG:root:get_visible_tasks attr: <bound method TodoApp.get_visible_tasks of TodoApp(title='TodoApp', classes={'-dark-mode'}, pseudo_classes={'dark', 'focus'})>
DEBUG:root:get_visible_tasks: filter_status=Status.CANCELLED, filter_category=None, sort_key=None, sort_reverse=False
DEBUG:root:get_visible_tasks() returned: []
DEBUG:root:type: <class 'list'>
DEBUG:root:Filter applied f a 
DEBUG:root:get_visible_tasks attr: <bound method TodoApp.get_visible_tasks of TodoApp(title='TodoApp', classes={'-dark-mode'}, pseudo_classes={'dark', 'focus'})>
DEBUG:root:get_visible_tasks: filter_status=Status.ACTIVE, filter_category=None, sort_key=None, sort_reverse=False
DEBUG:root:get_visible_tasks() returned: [<core.task.Task object at 0x104e81d30>, <core.task.Task object at 0x104db5220>, <core.task.Task object at 0x105315e50>, <core.task.Task object at 0x105315ee0>]
DEBUG:root:type: <class 'list'>
DEBUG:root:Filter applied f a 
DEBUG:root:get_visible_tasks attr: <bound method TodoApp.get_visible_tasks of TodoApp(title='TodoApp', classes={'-dark-mode'}, pseudo_classes={'dark', 'focus'})>
DEBUG:root:get_visible_tasks: filter_status=Status.ACTIVE, filter_category=None, sort_key=None, sort_reverse=False
DEBUG:root:get_visible_tasks() returned: [<core.task.Task object at 0x104e81d30>, <core.task.Task object at 0x104db5220>, <core.task.Task object at 0x105315e50>, <core.task.Task object at 0x105315ee0>]
DEBUG:root:type: <class 'list'>
DEBUG:root:Filter applied f h 
DEBUG:root:get_visible_tasks attr: <bound method TodoApp.get_visible_tasks of TodoApp(title='TodoApp', classes={'-dark-mode'}, pseudo_classes={'dark', 'focus'})>
DEBUG:root:get_visible_tasks: filter_status=Status.HOLD, filter_category=None, sort_key=None, sort_reverse=False
DEBUG:root:get_visible_tasks() returned: []
DEBUG:root:type: <class 'list'>
DEBUG:root:Filter applied f c 
DEBUG:root:get_visible_tasks attr: <bound method TodoApp.get_visible_tasks of TodoApp(title='TodoApp', classes={'-dark-mode'}, pseudo_classes={'dark', 'focus'})>
DEBUG:root:get_visible_tasks: filter_status=Status.CANCELLED, filter_category=None, sort_key=None, sort_reverse=False
DEBUG:root:get_visible_tasks() returned: []
DEBUG:root:type: <class 'list'>
DEBUG:root:Filter applied f i 
DEBUG:root:get_visible_tasks attr: <bound method TodoApp.get_visible_tasks of TodoApp(title='TodoApp', classes={'-dark-mode'}, pseudo_classes={'dark', 'focus'})>
DEBUG:root:get_visible_tasks: filter_status=Status.IN_PROGRESS, filter_category=None, sort_key=None, sort_reverse=False
DEBUG:root:get_visible_tasks() returned: []
DEBUG:root:type: <class 'list'>
DEBUG:root:Filter applied f c 
DEBUG:root:get_visible_tasks attr: <bound method TodoApp.get_visible_tasks of TodoApp(title='TodoApp', classes={'-dark-mode'}, pseudo_classes={'dark', 'focus'})>
DEBUG:root:get_visible_tasks: filter_status=Status.CANCELLED, filter_category=None, sort_key=None, sort_reverse=False
DEBUG:root:get_visible_tasks() returned: []
DEBUG:root:type: <class 'list'>
DEBUG:root:Filter applied f a 
DEBUG:root:get_visible_tasks attr: <bound method TodoApp.get_visible_tasks of TodoApp(title='TodoApp', classes={'-dark-mode'}, pseudo_classes={'dark', 'focus'})>
DEBUG:root:get_visible_tasks: filter_status=Status.ACTIVE, filter_category=None, sort_key=None, sort_reverse=False
DEBUG:root:get_visible_tasks() returned: [<core.task.Task object at 0x104e81d30>, <core.task.Task object at 0x104db5220>, <core.task.Task object at 0x105315e50>, <core.task.Task object at 0x105315ee0>]
DEBUG:root:type: <class 'list'>
DEBUG:root:Filter applied f c 
DEBUG:root:get_visible_tasks attr: <bound method TodoApp.get_visible_tasks of TodoApp(title='TodoApp', classes={'-dark-mode'}, pseudo_classes={'dark', 'focus'})>
DEBUG:root:get_visible_tasks: filter_status=Status.CANCELLED, filter_category=None, sort_key=None, sort_reverse=False
DEBUG:root:get_visible_tasks() returned: []
DEBUG:root:type: <class 'list'>
DEBUG:root:Filter applied f c 
DEBUG:root:get_visible_tasks attr: <bound method TodoApp.get_visible_tasks of TodoApp(title='TodoApp', classes={'-dark-mode'}, pseudo_classes={'dark', 'focus'})>
DEBUG:root:get_visible_tasks: filter_status=Status.CANCELLED, filter_category=None, sort_key=None, sort_reverse=False
DEBUG:root:get_visible_tasks() returned: []
DEBUG:root:type: <class 'list'>
DEBUG:root:Filter applied f a 
DEBUG:root:get_visible_tasks attr: <bound method TodoApp.get_visible_tasks of TodoApp(title='TodoApp', classes={'-dark-mode'}, pseudo_classes={'dark', 'focus'})>
DEBUG:root:get_visible_tasks: filter_status=Status.ACTIVE, filter_category=None, sort_key=None, sort_reverse=False
DEBUG:root:get_visible_tasks() returned: [<core.task.Task object at 0x104e81d30>, <core.task.Task object at 0x104db5220>, <core.task.Task object at 0x105315e50>, <core.task.Task object at 0x105315ee0>]
DEBUG:root:type: <class 'list'>
DEBUG:root:Filter applied f c 
DEBUG:root:get_visible_tasks attr: <bound method TodoApp.get_visible_tasks of TodoApp(title='TodoApp', classes={'-dark-mode'}, pseudo_classes={'dark', 'focus'})>
DEBUG:root:get_visible_tasks: filter_status=Status.CANCELLED, filter_category=None, sort_key=None, sort_reverse=False
DEBUG:root:get_visible_tasks() returned: []
DEBUG:root:type: <class 'list'>
DEBUG:root:Filter applied f c 
DEBUG:root:get_visible_tasks attr: <bound method TodoApp.get_visible_tasks of TodoApp(title='TodoApp', classes={'-dark-mode'}, pseudo_classes={'dark', 'focus'})>
DEBUG:root:get_visible_tasks: filter_status=Status.CANCELLED, filter_category=None, sort_key=None, sort_reverse=False
DEBUG:root:get_visible_tasks() returned: []
DEBUG:root:type: <class 'list'>
DEBUG:root:Filter applied f a 
DEBUG:root:get_visible_tasks attr: <bound method TodoApp.get_visible_tasks of TodoApp(title='TodoApp', classes={'-dark-mode'}, pseudo_classes={'dark', 'focus'})>
DEBUG:root:get_visible_tasks: filter_status=Status.ACTIVE, filter_category=None, sort_key=None, sort_reverse=False
DEBUG:root:get_visible_tasks() returned: [<core.task.Task object at 0x104e81d30>, <core.task.Task object at 0x104db5220>, <core.task.Task object at 0x105315e50>, <core.task.Task object at 0x105315ee0>]
DEBUG:root:type: <class 'list'>
DEBUG:root:Filter applied f i 
DEBUG:root:get_visible_tasks attr: <bound method TodoApp.get_visible_tasks of TodoApp(title='TodoApp', classes={'-dark-mode'}, pseudo_classes={'dark', 'focus'})>
DEBUG:root:get_visible_tasks: filter_status=Status.IN_PROGRESS, filter_category=None, sort_key=None, sort_reverse=False
DEBUG:root:get_visible_tasks() returned: []
DEBUG:root:type: <class 'list'>
DEBUG:root:Filter applied f a 
DEBUG:root:get_visible_tasks attr: <bound method TodoApp.get_visible_tasks of TodoApp(title='TodoApp', classes={'-dark-mode'}, pseudo_classes={'dark', 'focus'})>
DEBUG:root:get_visible_tasks: filter_status=Status.ACTIVE, filter_category=None, sort_key=None, sort_reverse=False
DEBUG:root:get_visible_tasks() returned: [<core.task.Task object at 0x104e81d30>, <core.task.Task object at 0x104db5220>, <core.task.Task object at 0x105315e50>, <core.task.Task object at 0x105315ee0>]
DEBUG:root:type: <class 'list'>
DEBUG:root:Filter applied f i 
DEBUG:root:get_visible_tasks attr: <bound method TodoApp.get_visible_tasks of TodoApp(title='TodoApp', classes={'-dark-mode'}, pseudo_classes={'dark', 'focus'})>
DEBUG:root:get_visible_tasks: filter_status=Status.IN_PROGRESS, filter_category=None, sort_key=None, sort_reverse=False
DEBUG:root:get_visible_tasks() returned: []
DEBUG:root:type: <class 'list'>
DEBUG:root:Filter applied f c 
DEBUG:root:get_visible_tasks attr: <bound method TodoApp.get_visible_tasks of TodoApp(title='TodoApp', classes={'-dark-mode'}, pseudo_classes={'dark', 'focus'})>
DEBUG:root:get_visible_tasks: filter_status=Status.CANCELLED, filter_category=None, sort_key=None, sort_reverse=False
DEBUG:root:get_visible_tasks() returned: []
DEBUG:root:type: <class 'list'>
DEBUG:root:Filter applied f i 
DEBUG:root:get_visible_tasks attr: <bound method TodoApp.get_visible_tasks of TodoApp(title='TodoApp', classes={'-dark-mode'}, pseudo_classes={'dark', 'focus'})>
DEBUG:root:get_visible_tasks: filter_status=Status.IN_PROGRESS, filter_category=None, sort_key=None, sort_reverse=False
DEBUG:root:get_visible_tasks() returned: []
DEBUG:root:type: <class 'list'>
DEBUG:root:Filter applied f c 
DEBUG:root:get_visible_tasks attr: <bound method TodoApp.get_visible_tasks of TodoApp(title='TodoApp', classes={'-dark-mode'}, pseudo_classes={'dark', 'focus'})>
DEBUG:root:get_visible_tasks: filter_status=Status.CANCELLED, filter_category=None, sort_key=None, sort_reverse=False
DEBUG:root:get_visible_tasks() returned: []
DEBUG:root:type: <class 'list'>
DEBUG:root:Filter applied f i 
DEBUG:root:get_visible_tasks attr: <bound method TodoApp.get_visible_tasks of TodoApp(title='TodoApp', classes={'-dark-mode'}, pseudo_classes={'dark', 'focus'})>
DEBUG:root:get_visible_tasks: filter_status=Status.IN_PROGRESS, filter_category=None, sort_key=None, sort_reverse=False
DEBUG:root:get_visible_tasks() returned: []
DEBUG:root:type: <class 'list'>
DEBUG:root:Filter applied f a 
DEBUG:root:get_visible_tasks attr: <bound method TodoApp.get_visible_tasks of TodoApp(title='TodoApp', classes={'-dark-mode'}, pseudo_classes={'dark', 'focus'})>
DEBUG:root:get_visible_tasks: filter_status=Status.ACTIVE, filter_category=None, sort_key=None, sort_reverse=False
DEBUG:root:get_visible_tasks() returned: [<core.task.Task object at 0x104e81d30>, <core.task.Task object at 0x104db5220>, <core.task.Task object at 0x105315e50>, <core.task.Task object at 0x105315ee0>]
DEBUG:root:type: <class 'list'>
DEBUG:root:Filter applied f c 
DEBUG:root:get_visible_tasks attr: <bound method TodoApp.get_visible_tasks of TodoApp(title='TodoApp', classes={'-dark-mode'}, pseudo_classes={'dark', 'focus'})>
DEBUG:root:get_visible_tasks: filter_status=Status.CANCELLED, filter_category=None, sort_key=None, sort_reverse=False
DEBUG:root:get_visible_tasks() returned: []
DEBUG:root:type: <class 'list'>
DEBUG:root:Filter applied f c 
DEBUG:root:get_visible_tasks attr: <bound method TodoApp.get_visible_tasks of TodoApp(title='TodoApp', classes={'-dark-mode'}, pseudo_classes={'dark', 'focus'})>
DEBUG:root:get_visible_tasks: filter_status=Status.CANCELLED, filter_category=None, sort_key=None, sort_reverse=False
DEBUG:root:get_visible_tasks() returned: []
DEBUG:root:type: <class 'list'>
DEBUG:root:Filter applied f c 
DEBUG:root:get_visible_tasks attr: <bound method TodoApp.get_visible_tasks of TodoApp(title='TodoApp', classes={'-dark-mode'}, pseudo_classes={'dark', 'focus'})>
DEBUG:root:get_visible_tasks: filter_status=Status.CANCELLED, filter_category=None, sort_key=None, sort_reverse=False
DEBUG:root:get_visible_tasks() returned: []
DEBUG:root:type: <class 'list'>
DEBUG:root:Filter applied f i 
DEBUG:root:get_visible_tasks attr: <bound method TodoApp.get_visible_tasks of TodoApp(title='TodoApp', classes={'-dark-mode'}, pseudo_classes={'dark', 'focus'})>
DEBUG:root:get_visible_tasks: filter_status=Status.IN_PROGRESS, filter_category=None, sort_key=None, sort_reverse=False
DEBUG:root:get_visible_tasks() returned: []
DEBUG:root:type: <class 'list'>
DEBUG:root:Filter applied f c 
DEBUG:root:get_visible_tasks attr: <bound method TodoApp.get_visible_tasks of TodoApp(title='TodoApp', classes={'-dark-mode'}, pseudo_classes={'dark', 'focus'})>
DEBUG:root:get_visible_tasks: filter_status=Status.CANCELLED, filter_category=None, sort_key=None, sort_reverse=False
DEBUG:root:get_visible_tasks() returned: []
DEBUG:root:type: <class 'list'>
DEBUG:root:Filter applied f i 
DEBUG:root:get_visible_tasks attr: <bound method TodoApp.get_visible_tasks of TodoApp(title='TodoApp', classes={'-dark-mode'}, pseudo_classes={'dark', 'focus'})>
DEBUG:root:get_visible_tasks: filter_status=Status.IN_PROGRESS, filter_category=None, sort_key=None, sort_reverse=False
DEBUG:root:get_visible_tasks() returned: []
DEBUG:root:type: <class 'list'>
DEBUG:root:Filter applied f c 
DEBUG:root:get_visible_tasks attr: <bound method TodoApp.get_visible_tasks of TodoApp(title='TodoApp', classes={'-dark-mode'}, pseudo_classes={'dark', 'focus'})>
DEBUG:root:get_visible_tasks: filter_status=Status.CANCELLED, filter_category=None, sort_key=None, sort_reverse=False
DEBUG:root:get_visible_tasks() returned: []
DEBUG:root:type: <class 'list'>
DEBUG:root:Filter applied f a 
DEBUG:root:get_visible_tasks attr: <bound method TodoApp.get_visible_tasks of TodoApp(title='TodoApp', classes={'-dark-mode'}, pseudo_classes={'dark', 'focus'})>
DEBUG:root:get_visible_tasks: filter_status=Status.ACTIVE, filter_category=None, sort_key=None, sort_reverse=False
DEBUG:root:get_visible_tasks() returned: [<core.task.Task object at 0x104e81d30>, <core.task.Task object at 0x104db5220>, <core.task.Task object at 0x105315e50>, <core.task.Task object at 0x105315ee0>]
DEBUG:root:type: <class 'list'>
DEBUG:root:Filter applied f a 
DEBUG:root:get_visible_tasks attr: <bound method TodoApp.get_visible_tasks of TodoApp(title='TodoApp', classes={'-dark-mode'}, pseudo_classes={'dark', 'focus'})>
DEBUG:root:get_visible_tasks: filter_status=Status.ACTIVE, filter_category=None, sort_key=None, sort_reverse=False
DEBUG:root:get_visible_tasks() returned: [<core.task.Task object at 0x104e81d30>, <core.task.Task object at 0x104db5220>, <core.task.Task object at 0x105315e50>, <core.task.Task object at 0x105315ee0>]
DEBUG:root:type: <class 'list'>
DEBUG:root:Filter applied f i 
DEBUG:root:get_visible_tasks attr: <bound method TodoApp.get_visible_tasks of TodoApp(title='TodoApp', classes={'-dark-mode'}, pseudo_classes={'dark', 'focus'})>
DEBUG:root:get_visible_tasks: filter_status=Status.IN_PROGRESS, filter_category=None, sort_key=None, sort_reverse=False
DEBUG:root:get_visible_tasks() returned: []
DEBUG:root:type: <class 'list'>
DEBUG:root:Filter applied f c 
DEBUG:root:get_visible_tasks attr: <bound method TodoApp.get_visible_tasks of TodoApp(title='TodoApp', classes={'-dark-mode'}, pseudo_classes={'dark', 'focus'})>
DEBUG:root:get_visible_tasks: filter_status=Status.CANCELLED, filter_category=None, sort_key=None, sort_reverse=False
DEBUG:root:get_visible_tasks() returned: []
DEBUG:root:type: <class 'list'>
DEBUG:root:Filter applied f c 
DEBUG:root:get_visible_tasks attr: <bound method TodoApp.get_visible_tasks of TodoApp(title='TodoApp', classes={'-dark-mode'}, pseudo_classes={'dark', 'focus'})>
DEBUG:root:get_visible_tasks: filter_status=Status.CANCELLED, filter_category=None, sort_key=None, sort_reverse=False
DEBUG:root:get_visible_tasks() returned: []
DEBUG:root:type: <class 'list'>
DEBUG:root:Filter applied f a 
DEBUG:root:get_visible_tasks attr: <bound method TodoApp.get_visible_tasks of TodoApp(title='TodoApp', classes={'-dark-mode'}, pseudo_classes={'dark', 'focus'})>
DEBUG:root:get_visible_tasks: filter_status=Status.ACTIVE, filter_category=None, sort_key=None, sort_reverse=False
DEBUG:root:get_visible_tasks() returned: [<core.task.Task object at 0x104e81d30>, <core.task.Task object at 0x104db5220>, <core.task.Task object at 0x105315e50>, <core.task.Task object at 0x105315ee0>]
DEBUG:root:type: <class 'list'>
DEBUG:root:Filter applied f a 
DEBUG:root:get_visible_tasks attr: <bound method TodoApp.get_visible_tasks of TodoApp(title='TodoApp', classes={'-dark-mode'}, pseudo_classes={'dark', 'focus'})>
DEBUG:root:get_visible_tasks: filter_status=Status.ACTIVE, filter_category=None, sort_key=None, sort_reverse=False
DEBUG:root:get_visible_tasks() returned: [<core.task.Task object at 0x104e81d30>, <core.task.Task object at 0x104db5220>, <core.task.Task object at 0x105315e50>, <core.task.Task object at 0x105315ee0>]
DEBUG:root:type: <class 'list'>
DEBUG:root:Filter applied f i 
DEBUG:root:get_visible_tasks attr: <bound method TodoApp.get_visible_tasks of TodoApp(title='TodoApp', classes={'-dark-mode'}, pseudo_classes={'dark', 'focus'})>
DEBUG:root:get_visible_tasks: filter_status=Status.IN_PROGRESS, filter_category=None, sort_key=None, sort_reverse=False
DEBUG:root:get_visible_tasks() returned: []
DEBUG:root:type: <class 'list'>
DEBUG:root:Filter applied f c 
DEBUG:root:get_visible_tasks attr: <bound method TodoApp.get_visible_tasks of TodoApp(title='TodoApp', classes={'-dark-mode'}, pseudo_classes={'dark', 'focus'})>
DEBUG:root:get_visible_tasks: filter_status=Status.CANCELLED, filter_category=None, sort_key=None, sort_reverse=False
DEBUG:root:get_visible_tasks() returned: []
DEBUG:root:type: <class 'list'>
DEBUG:root:Filter applied f i 
DEBUG:root:get_visible_tasks attr: <bound method TodoApp.get_visible_tasks of TodoApp(title='TodoApp', classes={'-dark-mode'}, pseudo_classes={'dark', 'focus'})>
DEBUG:root:get_visible_tasks: filter_status=Status.IN_PROGRESS, filter_category=None, sort_key=None, sort_reverse=False
DEBUG:root:get_visible_tasks() returned: []
DEBUG:root:type: <class 'list'>
DEBUG:root:Filter applied f c 
DEBUG:root:get_visible_tasks attr: <bound method TodoApp.get_visible_tasks of TodoApp(title='TodoApp', classes={'-dark-mode'}, pseudo_classes={'dark', 'focus'})>
DEBUG:root:get_visible_tasks: filter_status=Status.CANCELLED, filter_category=None, sort_key=None, sort_reverse=False
DEBUG:root:get_visible_tasks() returned: []
DEBUG:root:type: <class 'list'>
DEBUG:root:Filter applied f i 
DEBUG:root:get_visible_tasks attr: <bound method TodoApp.get_visible_tasks of TodoApp(title='TodoApp', classes={'-dark-mode'}, pseudo_classes={'dark', 'focus'})>
DEBUG:root:get_visible_tasks: filter_status=Status.IN_PROGRESS, filter_category=None, sort_key=None, sort_reverse=False
DEBUG:root:get_visible_tasks() returned: []
DEBUG:root:type: <class 'list'>
DEBUG:root:Filter applied f c 
DEBUG:root:get_visible_tasks attr: <bound method TodoApp.get_visible_tasks of TodoApp(title='TodoApp', classes={'-dark-mode'}, pseudo_classes={'dark', 'focus'})>
DEBUG:root:get_visible_tasks: filter_status=Status.CANCELLED, filter_category=None, sort_key=None, sort_reverse=False
DEBUG:root:get_visible_tasks() returned: []
DEBUG:root:type: <class 'list'>
DEBUG:root:Filter applied f a 
DEBUG:root:get_visible_tasks attr: <bound method TodoApp.get_visible_tasks of TodoApp(title='TodoApp', classes={'-dark-mode'}, pseudo_classes={'dark', 'focus'})>
DEBUG:root:get_visible_tasks: filter_status=Status.ACTIVE, filter_category=None, sort_key=None, sort_reverse=False
DEBUG:root:get_visible_tasks() returned: [<core.task.Task object at 0x104e81d30>, <core.task.Task object at 0x104db5220>, <core.task.Task object at 0x105315e50>, <core.task.Task object at 0x105315ee0>]
DEBUG:root:type: <class 'list'>
DEBUG:root:Filter applied f a 
DEBUG:root:get_visible_tasks attr: <bound method TodoApp.get_visible_tasks of TodoApp(title='TodoApp', classes={'-dark-mode'}, pseudo_classes={'dark', 'focus'})>
DEBUG:root:get_visible_tasks: filter_status=Status.ACTIVE, filter_category=None, sort_key=None, sort_reverse=False
DEBUG:root:get_visible_tasks() returned: [<core.task.Task object at 0x104e81d30>, <core.task.Task object at 0x104db5220>, <core.task.Task object at 0x105315e50>, <core.task.Task object at 0x105315ee0>]
DEBUG:root:type: <class 'list'>
DEBUG:root:Filter applied f h 
DEBUG:root:get_visible_tasks attr: <bound method TodoApp.get_visible_tasks of TodoApp(title='TodoApp', classes={'-dark-mode'}, pseudo_classes={'dark', 'focus'})>
DEBUG:root:get_visible_tasks: filter_status=Status.HOLD, filter_category=None, sort_key=None, sort_reverse=False
DEBUG:root:get_visible_tasks() returned: []
DEBUG:root:type: <class 'list'>
DEBUG:root:Filter applied f i 
DEBUG:root:get_visible_tasks attr: <bound method TodoApp.get_visible_tasks of TodoApp(title='TodoApp', classes={'-dark-mode'}, pseudo_classes={'dark', 'focus'})>
DEBUG:root:get_visible_tasks: filter_status=Status.IN_PROGRESS, filter_category=None, sort_key=None, sort_reverse=False
DEBUG:root:get_visible_tasks() returned: []
DEBUG:root:type: <class 'list'>
DEBUG:root:Filter applied f a 
DEBUG:root:get_visible_tasks attr: <bound method TodoApp.get_visible_tasks of TodoApp(title='TodoApp', classes={'-dark-mode'}, pseudo_classes={'dark', 'focus'})>
DEBUG:root:get_visible_tasks: filter_status=Status.ACTIVE, filter_category=None, sort_key=None, sort_reverse=False
DEBUG:root:get_visible_tasks() returned: [<core.task.Task object at 0x104e81d30>, <core.task.Task object at 0x104db5220>, <core.task.Task object at 0x105315e50>, <core.task.Task object at 0x105315ee0>]
DEBUG:root:type: <class 'list'>
DEBUG:root:Filter applied f c 
DEBUG:root:get_visible_tasks attr: <bound method TodoApp.get_visible_tasks of TodoApp(title='TodoApp', classes={'-dark-mode'}, pseudo_classes={'dark', 'focus'})>
DEBUG:root:get_visible_tasks: filter_status=Status.CANCELLED, filter_category=None, sort_key=None, sort_reverse=False
DEBUG:root:get_visible_tasks() returned: []
DEBUG:root:type: <class 'list'>
DEBUG:root:Filter applied f i 
DEBUG:root:get_visible_tasks attr: <bound method TodoApp.get_visible_tasks of TodoApp(title='TodoApp', classes={'-dark-mode'}, pseudo_classes={'dark', 'focus'})>
DEBUG:root:get_visible_tasks: filter_status=Status.IN_PROGRESS, filter_category=None, sort_key=None, sort_reverse=False
DEBUG:root:get_visible_tasks() returned: []
DEBUG:root:type: <class 'list'>
DEBUG:root:Filter applied f a 
DEBUG:root:get_visible_tasks attr: <bound method TodoApp.get_visible_tasks of TodoApp(title='TodoApp', classes={'-dark-mode'}, pseudo_classes={'dark', 'focus'})>
DEBUG:root:get_visible_tasks: filter_status=Status.ACTIVE, filter_category=None, sort_key=None, sort_reverse=False
DEBUG:root:get_visible_tasks() returned: [<core.task.Task object at 0x104e81d30>, <core.task.Task object at 0x104db5220>, <core.task.Task object at 0x105315e50>, <core.task.Task object at 0x105315ee0>]
DEBUG:root:type: <class 'list'>
DEBUG:root:Filter applied f i 
DEBUG:root:get_visible_tasks attr: <bound method TodoApp.get_visible_tasks of TodoApp(title='TodoApp', classes={'-dark-mode'}, pseudo_classes={'dark', 'focus'})>
DEBUG:root:get_visible_tasks: filter_status=Status.IN_PROGRESS, filter_category=None, sort_key=None, sort_reverse=False
DEBUG:root:get_visible_tasks() returned: []
DEBUG:root:type: <class 'list'>
DEBUG:root:Filter applied f i 
DEBUG:root:get_visible_tasks attr: <bound method TodoApp.get_visible_tasks of TodoApp(title='TodoApp', classes={'-dark-mode'}, pseudo_classes={'dark', 'focus'})>
DEBUG:root:get_visible_tasks: filter_status=Status.IN_PROGRESS, filter_category=None, sort_key=None, sort_reverse=False
DEBUG:root:get_visible_tasks() returned: []
DEBUG:root:type: <class 'list'>
DEBUG:root:Filter applied f a 
DEBUG:root:get_visible_tasks attr: <bound method TodoApp.get_visible_tasks of TodoApp(title='TodoApp', classes={'-dark-mode'}, pseudo_classes={'dark', 'focus'})>
DEBUG:root:get_visible_tasks: filter_status=Status.ACTIVE, filter_category=None, sort_key=None, sort_reverse=False
DEBUG:root:get_visible_tasks() returned: [<core.task.Task object at 0x104e81d30>, <core.task.Task object at 0x104db5220>, <core.task.Task object at 0x105315e50>, <core.task.Task object at 0x105315ee0>]
DEBUG:root:type: <class 'list'>
DEBUG:root:Filter applied f i 
DEBUG:root:get_visible_tasks attr: <bound method TodoApp.get_visible_tasks of TodoApp(title='TodoApp', classes={'-dark-mode'}, pseudo_classes={'dark', 'focus'})>
DEBUG:root:get_visible_tasks: filter_status=Status.IN_PROGRESS, filter_category=None, sort_key=None, sort_reverse=False
DEBUG:root:get_visible_tasks() returned: []
DEBUG:root:type: <class 'list'>
DEBUG:root:Filter applied f i 
DEBUG:root:get_visible_tasks attr: <bound method TodoApp.get_visible_tasks of TodoApp(title='TodoApp', classes={'-dark-mode'}, pseudo_classes={'dark', 'focus'})>
DEBUG:root:get_visible_tasks: filter_status=Status.IN_PROGRESS, filter_category=None, sort_key=None, sort_reverse=False
DEBUG:root:get_visible_tasks() returned: []
DEBUG:root:type: <class 'list'>
DEBUG:root:Filter applied f i 
DEBUG:root:get_visible_tasks attr: <bound method TodoApp.get_visible_tasks of TodoApp(title='TodoApp', classes={'-dark-mode'}, pseudo_classes={'dark', 'focus'})>
DEBUG:root:get_visible_tasks: filter_status=Status.IN_PROGRESS, filter_category=None, sort_key=None, sort_reverse=False
DEBUG:root:get_visible_tasks() returned: []
DEBUG:root:type: <class 'list'>
DEBUG:root:Filter applied f i 
DEBUG:root:get_visible_tasks attr: <bound method TodoApp.get_visible_tasks of TodoApp(title='TodoApp', classes={'-dark-mode'}, pseudo_classes={'dark', 'focus'})>
DEBUG:root:get_visible_tasks: filter_status=Status.IN_PROGRESS, filter_category=None, sort_key=None, sort_reverse=False
DEBUG:root:get_visible_tasks() returned: []
DEBUG:root:type: <class 'list'>
DEBUG:root:Filter applied f i 
DEBUG:root:get_visible_tasks attr: <bound method TodoApp.get_visible_tasks of TodoApp(title='TodoApp', classes={'-dark-mode'}, pseudo_classes={'dark', 'focus'})>
DEBUG:root:get_visible_tasks: filter_status=Status.IN_PROGRESS, filter_category=None, sort_key=None, sort_reverse=False
DEBUG:root:get_visible_tasks() returned: []
DEBUG:root:type: <class 'list'>
DEBUG:root:Filter applied f h 
DEBUG:root:get_visible_tasks attr: <bound method TodoApp.get_visible_tasks of TodoApp(title='TodoApp', classes={'-dark-mode'}, pseudo_classes={'dark', 'focus'})>
DEBUG:root:get_visible_tasks: filter_status=Status.HOLD, filter_category=None, sort_key=None, sort_reverse=False
DEBUG:root:get_visible_tasks() returned: []
DEBUG:root:type: <class 'list'>
DEBUG:root:Filter applied f i 
DEBUG:root:get_visible_tasks attr: <bound method TodoApp.get_visible_tasks of TodoApp(title='TodoApp', classes={'-dark-mode'}, pseudo_classes={'dark', 'focus'})>
DEBUG:root:get_visible_tasks: filter_status=Status.IN_PROGRESS, filter_category=None, sort_key=None, sort_reverse=False
DEBUG:root:get_visible_tasks() returned: []
DEBUG:root:type: <class 'list'>
DEBUG:root:Filter applied f h 
DEBUG:root:get_visible_tasks attr: <bound method TodoApp.get_visible_tasks of TodoApp(title='TodoApp', classes={'-dark-mode'}, pseudo_classes={'dark', 'focus'})>
DEBUG:root:get_visible_tasks: filter_status=Status.HOLD, filter_category=None, sort_key=None, sort_reverse=False
DEBUG:root:get_visible_tasks() returned: []
DEBUG:root:type: <class 'list'>
DEBUG:root:Filter applied f i 
DEBUG:root:get_visible_tasks attr: <bound method TodoApp.get_visible_tasks of TodoApp(title='TodoApp', classes={'-dark-mode'}, pseudo_classes={'dark', 'focus'})>
DEBUG:root:get_visible_tasks: filter_status=Status.IN_PROGRESS, filter_category=None, sort_key=None, sort_reverse=False
DEBUG:root:get_visible_tasks() returned: []
DEBUG:root:type: <class 'list'>
DEBUG:root:Filter applied f h 
DEBUG:root:get_visible_tasks attr: <bound method TodoApp.get_visible_tasks of TodoApp(title='TodoApp', classes={'-dark-mode'}, pseudo_classes={'dark', 'focus'})>
DEBUG:root:get_visible_tasks: filter_status=Status.HOLD, filter_category=None, sort_key=None, sort_reverse=False
DEBUG:root:get_visible_tasks() returned: []
DEBUG:root:type: <class 'list'>
DEBUG:root:Filter applied f c 
DEBUG:root:get_visible_tasks attr: <bound method TodoApp.get_visible_tasks of TodoApp(title='TodoApp', classes={'-dark-mode'}, pseudo_classes={'dark', 'focus'})>
DEBUG:root:get_visible_tasks: filter_status=Status.CANCELLED, filter_category=None, sort_key=None, sort_reverse=False
DEBUG:root:get_visible_tasks() returned: []
DEBUG:root:type: <class 'list'>
DEBUG:root:Filter applied f h 
DEBUG:root:get_visible_tasks attr: <bound method TodoApp.get_visible_tasks of TodoApp(title='TodoApp', classes={'-dark-mode'}, pseudo_classes={'dark', 'focus'})>
DEBUG:root:get_visible_tasks: filter_status=Status.HOLD, filter_category=None, sort_key=None, sort_reverse=False
DEBUG:root:get_visible_tasks() returned: []
DEBUG:root:type: <class 'list'>
DEBUG:root:Filter applied f i 
DEBUG:root:get_visible_tasks attr: <bound method TodoApp.get_visible_tasks of TodoApp(title='TodoApp', classes={'-dark-mode'}, pseudo_classes={'dark', 'focus'})>
DEBUG:root:get_visible_tasks: filter_status=Status.IN_PROGRESS, filter_category=None, sort_key=None, sort_reverse=False
DEBUG:root:get_visible_tasks() returned: []
DEBUG:root:type: <class 'list'>
DEBUG:root:Filter applied f i 
DEBUG:root:get_visible_tasks attr: <bound method TodoApp.get_visible_tasks of TodoApp(title='TodoApp', classes={'-dark-mode'}, pseudo_classes={'dark', 'focus'})>
DEBUG:root:get_visible_tasks: filter_status=Status.IN_PROGRESS, filter_category=None, sort_key=None, sort_reverse=False
DEBUG:root:get_visible_tasks() returned: []
DEBUG:root:type: <class 'list'>
DEBUG:root:Filter applied f a 
DEBUG:root:get_visible_tasks attr: <bound method TodoApp.get_visible_tasks of TodoApp(title='TodoApp', classes={'-dark-mode'}, pseudo_classes={'dark', 'focus'})>
DEBUG:root:get_visible_tasks: filter_status=Status.ACTIVE, filter_category=None, sort_key=None, sort_reverse=False
DEBUG:root:get_visible_tasks() returned: [<core.task.Task object at 0x104e81d30>, <core.task.Task object at 0x104db5220>, <core.task.Task object at 0x105315e50>, <core.task.Task object at 0x105315ee0>]
DEBUG:root:type: <class 'list'>
DEBUG:root:Filter applied f c 
DEBUG:root:get_visible_tasks attr: <bound method TodoApp.get_visible_tasks of TodoApp(title='TodoApp', classes={'-dark-mode'}, pseudo_classes={'dark', 'focus'})>
DEBUG:root:get_visible_tasks: filter_status=Status.CANCELLED, filter_category=None, sort_key=None, sort_reverse=False
DEBUG:root:get_visible_tasks() returned: []
DEBUG:root:type: <class 'list'>
DEBUG:root:Filter applied f i 
DEBUG:root:get_visible_tasks attr: <bound method TodoApp.get_visible_tasks of TodoApp(title='TodoApp', classes={'-dark-mode'}, pseudo_classes={'dark', 'focus'})>
DEBUG:root:get_visible_tasks: filter_status=Status.IN_PROGRESS, filter_category=None, sort_key=None, sort_reverse=False
DEBUG:root:get_visible_tasks() returned: []
DEBUG:root:type: <class 'list'>
DEBUG:root:Filter applied f i 
DEBUG:root:get_visible_tasks attr: <bound method TodoApp.get_visible_tasks of TodoApp(title='TodoApp', classes={'-dark-mode'}, pseudo_classes={'dark', 'focus'})>
DEBUG:root:get_visible_tasks: filter_status=Status.IN_PROGRESS, filter_category=None, sort_key=None, sort_reverse=False
DEBUG:root:get_visible_tasks() returned: []
DEBUG:root:type: <class 'list'>
DEBUG:root:Filter applied f i 
DEBUG:root:get_visible_tasks attr: <bound method TodoApp.get_visible_tasks of TodoApp(title='TodoApp', classes={'-dark-mode'}, pseudo_classes={'dark', 'focus'})>
DEBUG:root:get_visible_tasks: filter_status=Status.IN_PROGRESS, filter_category=None, sort_key=None, sort_reverse=False
DEBUG:root:get_visible_tasks() returned: []
DEBUG:root:type: <class 'list'>
DEBUG:root:Filter applied f i 
DEBUG:root:get_visible_tasks attr: <bound method TodoApp.get_visible_tasks of TodoApp(title='TodoApp', classes={'-dark-mode'}, pseudo_classes={'dark', 'focus'})>
DEBUG:root:get_visible_tasks: filter_status=Status.IN_PROGRESS, filter_category=None, sort_key=None, sort_reverse=False
DEBUG:root:get_visible_tasks() returned: []
DEBUG:root:type: <class 'list'>
DEBUG:root:Filter applied f i 
DEBUG:root:get_visible_tasks attr: <bound method TodoApp.get_visible_tasks of TodoApp(title='TodoApp', classes={'-dark-mode'}, pseudo_classes={'dark', 'focus'})>
DEBUG:root:get_visible_tasks: filter_status=Status.IN_PROGRESS, filter_category=None, sort_key=None, sort_reverse=False
DEBUG:root:get_visible_tasks() returned: []
DEBUG:root:type: <class 'list'>
DEBUG:root:Filter applied f i 
DEBUG:root:get_visible_tasks attr: <bound method TodoApp.get_visible_tasks of TodoApp(title='TodoApp', classes={'-dark-mode'}, pseudo_classes={'dark', 'focus'})>
DEBUG:root:get_visible_tasks: filter_status=Status.IN_PROGRESS, filter_category=None, sort_key=None, sort_reverse=False
DEBUG:root:get_visible_tasks() returned: []
DEBUG:root:type: <class 'list'>
DEBUG:root:Filter applied f a 
DEBUG:root:get_visible_tasks attr: <bound method TodoApp.get_visible_tasks of TodoApp(title='TodoApp', classes={'-dark-mode'}, pseudo_classes={'dark', 'focus'})>
DEBUG:root:get_visible_tasks: filter_status=Status.ACTIVE, filter_category=None, sort_key=None, sort_reverse=False
DEBUG:root:get_visible_tasks() returned: [<core.task.Task object at 0x104e81d30>, <core.task.Task object at 0x104db5220>, <core.task.Task object at 0x105315e50>, <core.task.Task object at 0x105315ee0>]
DEBUG:root:type: <class 'list'>
DEBUG:root:Filter applied f c 
DEBUG:root:get_visible_tasks attr: <bound method TodoApp.get_visible_tasks of TodoApp(title='TodoApp', classes={'-dark-mode'}, pseudo_classes={'dark', 'focus'})>
DEBUG:root:get_visible_tasks: filter_status=Status.CANCELLED, filter_category=None, sort_key=None, sort_reverse=False
DEBUG:root:get_visible_tasks() returned: []
DEBUG:root:type: <class 'list'>
DEBUG:root:Filter applied f i 
DEBUG:root:get_visible_tasks attr: <bound method TodoApp.get_visible_tasks of TodoApp(title='TodoApp', classes={'-dark-mode'}, pseudo_classes={'dark', 'focus'})>
DEBUG:root:get_visible_tasks: filter_status=Status.IN_PROGRESS, filter_category=None, sort_key=None, sort_reverse=False
DEBUG:root:get_visible_tasks() returned: []
DEBUG:root:type: <class 'list'>
DEBUG:root:Filter applied f i 
DEBUG:root:get_visible_tasks attr: <bound method TodoApp.get_visible_tasks of TodoApp(title='TodoApp', classes={'-dark-mode'}, pseudo_classes={'dark', 'focus'})>
DEBUG:root:get_visible_tasks: filter_status=Status.IN_PROGRESS, filter_category=None, sort_key=None, sort_reverse=False
DEBUG:root:get_visible_tasks() returned: []
DEBUG:root:type: <class 'list'>
DEBUG:root:Filter applied f i 
DEBUG:root:get_visible_tasks attr: <bound method TodoApp.get_visible_tasks of TodoApp(title='TodoApp', classes={'-dark-mode'}, pseudo_classes={'dark', 'focus'})>
DEBUG:root:get_visible_tasks: filter_status=Status.IN_PROGRESS, filter_category=None, sort_key=None, sort_reverse=False
DEBUG:root:get_visible_tasks() returned: []
DEBUG:root:type: <class 'list'>
DEBUG:root:Filter applied f i 
DEBUG:root:get_visible_tasks attr: <bound method TodoApp.get_visible_tasks of TodoApp(title='TodoApp', classes={'-dark-mode'}, pseudo_classes={'dark', 'focus'})>
DEBUG:root:get_visible_tasks: filter_status=Status.IN_PROGRESS, filter_category=None, sort_key=None, sort_reverse=False
DEBUG:root:get_visible_tasks() returned: []
DEBUG:root:type: <class 'list'>
DEBUG:root:Filter applied f i 
DEBUG:root:get_visible_tasks attr: <bound method TodoApp.get_visible_tasks of TodoApp(title='TodoApp', classes={'-dark-mode'}, pseudo_classes={'dark', 'focus'})>
DEBUG:root:get_visible_tasks: filter_status=Status.IN_PROGRESS, filter_category=None, sort_key=None, sort_reverse=False
DEBUG:root:get_visible_tasks() returned: []
DEBUG:root:type: <class 'list'>
DEBUG:root:Filter applied f i 
DEBUG:root:get_visible_tasks attr: <bound method TodoApp.get_visible_tasks of TodoApp(title='TodoApp', classes={'-dark-mode'}, pseudo_classes={'dark', 'focus'})>
DEBUG:root:get_visible_tasks: filter_status=Status.IN_PROGRESS, filter_category=None, sort_key=None, sort_reverse=False
DEBUG:root:get_visible_tasks() returned: []
DEBUG:root:type: <class 'list'>
DEBUG:root:Filter applied f a 
DEBUG:root:get_visible_tasks attr: <bound method TodoApp.get_visible_tasks of TodoApp(title='TodoApp', classes={'-dark-mode'}, pseudo_classes={'dark', 'focus'})>
DEBUG:root:get_visible_tasks: filter_status=Status.ACTIVE, filter_category=None, sort_key=None, sort_reverse=False
DEBUG:root:get_visible_tasks() returned: [<core.task.Task object at 0x104e81d30>, <core.task.Task object at 0x104db5220>, <core.task.Task object at 0x105315e50>, <core.task.Task object at 0x105315ee0>]
DEBUG:root:type: <class 'list'>
DEBUG:root:Filter applied f i 
DEBUG:root:get_visible_tasks attr: <bound method TodoApp.get_visible_tasks of TodoApp(title='TodoApp', classes={'-dark-mode'}, pseudo_classes={'dark', 'focus'})>
DEBUG:root:get_visible_tasks: filter_status=Status.IN_PROGRESS, filter_category=None, sort_key=None, sort_reverse=False
DEBUG:root:get_visible_tasks() returned: []
DEBUG:root:type: <class 'list'>
DEBUG:root:Filter applied f a 
DEBUG:root:get_visible_tasks attr: <bound method TodoApp.get_visible_tasks of TodoApp(title='TodoApp', classes={'-dark-mode'}, pseudo_classes={'dark', 'focus'})>
DEBUG:root:get_visible_tasks: filter_status=Status.ACTIVE, filter_category=None, sort_key=None, sort_reverse=False
DEBUG:root:get_visible_tasks() returned: [<core.task.Task object at 0x104e81d30>, <core.task.Task object at 0x104db5220>, <core.task.Task object at 0x105315e50>, <core.task.Task object at 0x105315ee0>]
DEBUG:root:type: <class 'list'>
DEBUG:root:Filter applied f h 
DEBUG:root:get_visible_tasks attr: <bound method TodoApp.get_visible_tasks of TodoApp(title='TodoApp', classes={'-dark-mode'}, pseudo_classes={'dark', 'focus'})>
DEBUG:root:get_visible_tasks: filter_status=Status.HOLD, filter_category=None, sort_key=None, sort_reverse=False
DEBUG:root:get_visible_tasks() returned: []
DEBUG:root:type: <class 'list'>
DEBUG:root:Filter applied f c 
DEBUG:root:get_visible_tasks attr: <bound method TodoApp.get_visible_tasks of TodoApp(title='TodoApp', classes={'-dark-mode'}, pseudo_classes={'dark', 'focus'})>
DEBUG:root:get_visible_tasks: filter_status=Status.CANCELLED, filter_category=None, sort_key=None, sort_reverse=False
DEBUG:root:get_visible_tasks() returned: []
DEBUG:root:type: <class 'list'>
DEBUG:root:Filter applied f i 
DEBUG:root:get_visible_tasks attr: <bound method TodoApp.get_visible_tasks of TodoApp(title='TodoApp', classes={'-dark-mode'}, pseudo_classes={'dark', 'focus'})>
DEBUG:root:get_visible_tasks: filter_status=Status.IN_PROGRESS, filter_category=None, sort_key=None, sort_reverse=False
DEBUG:root:get_visible_tasks() returned: []
DEBUG:root:type: <class 'list'>
DEBUG:root:Filter applied f c 
DEBUG:root:get_visible_tasks attr: <bound method TodoApp.get_visible_tasks of TodoApp(title='TodoApp', classes={'-dark-mode'}, pseudo_classes={'dark', 'focus'})>
DEBUG:root:get_visible_tasks: filter_status=Status.CANCELLED, filter_category=None, sort_key=None, sort_reverse=False
DEBUG:root:get_visible_tasks() returned: []
DEBUG:root:type: <class 'list'>
DEBUG:root:Filter applied f a 
DEBUG:root:get_visible_tasks attr: <bound method TodoApp.get_visible_tasks of TodoApp(title='TodoApp', classes={'-dark-mode'}, pseudo_classes={'dark', 'focus'})>
DEBUG:root:get_visible_tasks: filter_status=Status.ACTIVE, filter_category=None, sort_key=None, sort_reverse=False
DEBUG:root:get_visible_tasks() returned: [<core.task.Task object at 0x104e81d30>, <core.task.Task object at 0x104db5220>, <core.task.Task object at 0x105315e50>, <core.task.Task object at 0x105315ee0>]
DEBUG:root:type: <class 'list'>
DEBUG:root:Filter applied f i 
DEBUG:root:get_visible_tasks attr: <bound method TodoApp.get_visible_tasks of TodoApp(title='TodoApp', classes={'-dark-mode'}, pseudo_classes={'dark', 'focus'})>
DEBUG:root:get_visible_tasks: filter_status=Status.IN_PROGRESS, filter_category=None, sort_key=None, sort_reverse=False
DEBUG:root:get_visible_tasks() returned: []
DEBUG:root:type: <class 'list'>
DEBUG:root:Filter applied f a 
DEBUG:root:get_visible_tasks attr: <bound method TodoApp.get_visible_tasks of TodoApp(title='TodoApp', classes={'-dark-mode'}, pseudo_classes={'dark', 'focus'})>
DEBUG:root:get_visible_tasks: filter_status=Status.ACTIVE, filter_category=None, sort_key=None, sort_reverse=False
DEBUG:root:get_visible_tasks() returned: [<core.task.Task object at 0x104e81d30>, <core.task.Task object at 0x104db5220>, <core.task.Task object at 0x105315e50>, <core.task.Task object at 0x105315ee0>]
DEBUG:root:type: <class 'list'>
DEBUG:root:Filter applied f a 
DEBUG:root:get_visible_tasks attr: <bound method TodoApp.get_visible_tasks of TodoApp(title='TodoApp', classes={'-dark-mode'}, pseudo_classes={'dark', 'focus'})>
DEBUG:root:get_visible_tasks: filter_status=Status.ACTIVE, filter_category=None, sort_key=None, sort_reverse=False
DEBUG:root:get_visible_tasks() returned: [<core.task.Task object at 0x104e81d30>, <core.task.Task object at 0x104db5220>, <core.task.Task object at 0x105315e50>, <core.task.Task object at 0x105315ee0>]
DEBUG:root:type: <class 'list'>
DEBUG:root:Filter applied f i 
DEBUG:root:get_visible_tasks attr: <bound method TodoApp.get_visible_tasks of TodoApp(title='TodoApp', classes={'-dark-mode'}, pseudo_classes={'dark', 'focus'})>
DEBUG:root:get_visible_tasks: filter_status=Status.IN_PROGRESS, filter_category=None, sort_key=None, sort_reverse=False
DEBUG:root:get_visible_tasks() returned: []
DEBUG:root:type: <class 'list'>
DEBUG:root:Filter applied f i 
DEBUG:root:get_visible_tasks attr: <bound method TodoApp.get_visible_tasks of TodoApp(title='TodoApp', classes={'-dark-mode'}, pseudo_classes={'dark', 'focus'})>
DEBUG:root:get_visible_tasks: filter_status=Status.IN_PROGRESS, filter_category=None, sort_key=None, sort_reverse=False
DEBUG:root:get_visible_tasks() returned: []
DEBUG:root:type: <class 'list'>
DEBUG:root:Filter applied f a 
DEBUG:root:get_visible_tasks attr: <bound method TodoApp.get_visible_tasks of TodoApp(title='TodoApp', classes={'-dark-mode'}, pseudo_classes={'dark', 'focus'})>
DEBUG:root:get_visible_tasks: filter_status=Status.ACTIVE, filter_category=None, sort_key=None, sort_reverse=False
DEBUG:root:get_visible_tasks() returned: [<core.task.Task object at 0x104e81d30>, <core.task.Task object at 0x104db5220>, <core.task.Task object at 0x105315e50>, <core.task.Task object at 0x105315ee0>]
DEBUG:root:type: <class 'list'>
DEBUG:root:Filter applied f i 
DEBUG:root:get_visible_tasks attr: <bound method TodoApp.get_visible_tasks of TodoApp(title='TodoApp', classes={'-dark-mode'}, pseudo_classes={'dark', 'focus'})>
DEBUG:root:get_visible_tasks: filter_status=Status.IN_PROGRESS, filter_category=None, sort_key=None, sort_reverse=False
DEBUG:root:get_visible_tasks() returned: []
DEBUG:root:type: <class 'list'>
DEBUG:root:Filter applied f i 
DEBUG:root:get_visible_tasks attr: <bound method TodoApp.get_visible_tasks of TodoApp(title='TodoApp', classes={'-dark-mode'}, pseudo_classes={'dark', 'focus'})>
DEBUG:root:get_visible_tasks: filter_status=Status.IN_PROGRESS, filter_category=None, sort_key=None, sort_reverse=False
DEBUG:root:get_visible_tasks() returned: []
DEBUG:root:type: <class 'list'>
DEBUG:root:Filter applied f i 
DEBUG:root:get_visible_tasks attr: <bound method TodoApp.get_visible_tasks of TodoApp(title='TodoApp', classes={'-dark-mode'}, pseudo_classes={'dark', 'focus'})>
DEBUG:root:get_visible_tasks: filter_status=Status.IN_PROGRESS, filter_category=None, sort_key=None, sort_reverse=False
DEBUG:root:get_visible_tasks() returned: []
DEBUG:root:type: <class 'list'>
DEBUG:root:Filter applied f i 
DEBUG:root:get_visible_tasks attr: <bound method TodoApp.get_visible_tasks of TodoApp(title='TodoApp', classes={'-dark-mode'}, pseudo_classes={'dark', 'focus'})>
DEBUG:root:get_visible_tasks: filter_status=Status.IN_PROGRESS, filter_category=None, sort_key=None, sort_reverse=False
DEBUG:root:get_visible_tasks() returned: []
DEBUG:root:type: <class 'list'>
DEBUG:root:Filter applied f i 
DEBUG:root:get_visible_tasks attr: <bound method TodoApp.get_visible_tasks of TodoApp(title='TodoApp', classes={'-dark-mode'}, pseudo_classes={'dark', 'focus'})>
DEBUG:root:get_visible_tasks: filter_status=Status.IN_PROGRESS, filter_category=None, sort_key=None, sort_reverse=False
DEBUG:root:get_visible_tasks() returned: []
DEBUG:root:type: <class 'list'>
DEBUG:root:Filter applied f i 
DEBUG:root:get_visible_tasks attr: <bound method TodoApp.get_visible_tasks of TodoApp(title='TodoApp', classes={'-dark-mode'}, pseudo_classes={'dark', 'focus'})>
DEBUG:root:get_visible_tasks: filter_status=Status.IN_PROGRESS, filter_category=None, sort_key=None, sort_reverse=False
DEBUG:root:get_visible_tasks() returned: []
DEBUG:root:type: <class 'list'>
DEBUG:root:Filter applied f a 
DEBUG:root:get_visible_tasks attr: <bound method TodoApp.get_visible_tasks of TodoApp(title='TodoApp', classes={'-dark-mode'}, pseudo_classes={'dark', 'focus'})>
DEBUG:root:get_visible_tasks: filter_status=Status.ACTIVE, filter_category=None, sort_key=None, sort_reverse=False
DEBUG:root:get_visible_tasks() returned: [<core.task.Task object at 0x104e81d30>, <core.task.Task object at 0x104db5220>, <core.task.Task object at 0x105315e50>, <core.task.Task object at 0x105315ee0>]
DEBUG:root:type: <class 'list'>
DEBUG:root:Filter applied f i 
DEBUG:root:get_visible_tasks attr: <bound method TodoApp.get_visible_tasks of TodoApp(title='TodoApp', classes={'-dark-mode'}, pseudo_classes={'dark', 'focus'})>
DEBUG:root:get_visible_tasks: filter_status=Status.IN_PROGRESS, filter_category=None, sort_key=None, sort_reverse=False
DEBUG:root:get_visible_tasks() returned: []
DEBUG:root:type: <class 'list'>
DEBUG:root:Filter applied f i 
DEBUG:root:get_visible_tasks attr: <bound method TodoApp.get_visible_tasks of TodoApp(title='TodoApp', classes={'-dark-mode'}, pseudo_classes={'dark', 'focus'})>
DEBUG:root:get_visible_tasks: filter_status=Status.IN_PROGRESS, filter_category=None, sort_key=None, sort_reverse=False
DEBUG:root:get_visible_tasks() returned: []
DEBUG:root:type: <class 'list'>
DEBUG:root:Filter applied f i 
DEBUG:root:get_visible_tasks attr: <bound method TodoApp.get_visible_tasks of TodoApp(title='TodoApp', classes={'-dark-mode'}, pseudo_classes={'dark', 'focus'})>
DEBUG:root:get_visible_tasks: filter_status=Status.IN_PROGRESS, filter_category=None, sort_key=None, sort_reverse=False
DEBUG:root:get_visible_tasks() returned: []
DEBUG:root:type: <class 'list'>
DEBUG:root:Filter applied f i 
DEBUG:root:get_visible_tasks attr: <bound method TodoApp.get_visible_tasks of TodoApp(title='TodoApp', classes={'-dark-mode'}, pseudo_classes={'dark', 'focus'})>
DEBUG:root:get_visible_tasks: filter_status=Status.IN_PROGRESS, filter_category=None, sort_key=None, sort_reverse=False
DEBUG:root:get_visible_tasks() returned: []
DEBUG:root:type: <class 'list'>
DEBUG:root:Filter applied f i 
DEBUG:root:get_visible_tasks attr: <bound method TodoApp.get_visible_tasks of TodoApp(title='TodoApp', classes={'-dark-mode'}, pseudo_classes={'dark', 'focus'})>
DEBUG:root:get_visible_tasks: filter_status=Status.IN_PROGRESS, filter_category=None, sort_key=None, sort_reverse=False
DEBUG:root:get_visible_tasks() returned: []
DEBUG:root:type: <class 'list'>
DEBUG:root:Filter applied f i 
DEBUG:root:get_visible_tasks attr: <bound method TodoApp.get_visible_tasks of TodoApp(title='TodoApp', classes={'-dark-mode'}, pseudo_classes={'dark', 'focus'})>
DEBUG:root:get_visible_tasks: filter_status=Status.IN_PROGRESS, filter_category=None, sort_key=None, sort_reverse=False
DEBUG:root:get_visible_tasks() returned: []
DEBUG:root:type: <class 'list'>
DEBUG:root:Filter applied f a 
DEBUG:root:get_visible_tasks attr: <bound method TodoApp.get_visible_tasks of TodoApp(title='TodoApp', classes={'-dark-mode'}, pseudo_classes={'dark', 'focus'})>
DEBUG:root:get_visible_tasks: filter_status=Status.ACTIVE, filter_category=None, sort_key=None, sort_reverse=False
DEBUG:root:get_visible_tasks() returned: [<core.task.Task object at 0x104e81d30>, <core.task.Task object at 0x104db5220>, <core.task.Task object at 0x105315e50>, <core.task.Task object at 0x105315ee0>]
DEBUG:root:type: <class 'list'>
DEBUG:root:Filter applied f i 
DEBUG:root:get_visible_tasks attr: <bound method TodoApp.get_visible_tasks of TodoApp(title='TodoApp', classes={'-dark-mode'}, pseudo_classes={'dark', 'focus'})>
DEBUG:root:get_visible_tasks: filter_status=Status.IN_PROGRESS, filter_category=None, sort_key=None, sort_reverse=False
DEBUG:root:get_visible_tasks() returned: []
DEBUG:root:type: <class 'list'>
DEBUG:root:Filter applied f i 
DEBUG:root:get_visible_tasks attr: <bound method TodoApp.get_visible_tasks of TodoApp(title='TodoApp', classes={'-dark-mode'}, pseudo_classes={'dark', 'focus'})>
DEBUG:root:get_visible_tasks: filter_status=Status.IN_PROGRESS, filter_category=None, sort_key=None, sort_reverse=False
DEBUG:root:get_visible_tasks() returned: []
DEBUG:root:type: <class 'list'>
DEBUG:root:Filter applied f i 
DEBUG:root:get_visible_tasks attr: <bound method TodoApp.get_visible_tasks of TodoApp(title='TodoApp', classes={'-dark-mode'}, pseudo_classes={'dark', 'focus'})>
DEBUG:root:get_visible_tasks: filter_status=Status.IN_PROGRESS, filter_category=None, sort_key=None, sort_reverse=False
DEBUG:root:get_visible_tasks() returned: []
DEBUG:root:type: <class 'list'>
DEBUG:root:Filter applied f i 
DEBUG:root:get_visible_tasks attr: <bound method TodoApp.get_visible_tasks of TodoApp(title='TodoApp', classes={'-dark-mode'}, pseudo_classes={'dark', 'focus'})>
DEBUG:root:get_visible_tasks: filter_status=Status.IN_PROGRESS, filter_category=None, sort_key=None, sort_reverse=False
DEBUG:root:get_visible_tasks() returned: []
DEBUG:root:type: <class 'list'>
DEBUG:root:Filter applied f a 
DEBUG:root:get_visible_tasks attr: <bound method TodoApp.get_visible_tasks of TodoApp(title='TodoApp', classes={'-dark-mode'}, pseudo_classes={'dark', 'focus'})>
DEBUG:root:get_visible_tasks: filter_status=Status.ACTIVE, filter_category=None, sort_key=None, sort_reverse=False
DEBUG:root:get_visible_tasks() returned: [<core.task.Task object at 0x104e81d30>, <core.task.Task object at 0x104db5220>, <core.task.Task object at 0x105315e50>, <core.task.Task object at 0x105315ee0>]
DEBUG:root:type: <class 'list'>
DEBUG:root:Filter applied f c 
DEBUG:root:get_visible_tasks attr: <bound method TodoApp.get_visible_tasks of TodoApp(title='TodoApp', classes={'-dark-mode'}, pseudo_classes={'dark', 'focus'})>
DEBUG:root:get_visible_tasks: filter_status=Status.CANCELLED, filter_category=None, sort_key=None, sort_reverse=False
DEBUG:root:get_visible_tasks() returned: []
DEBUG:root:type: <class 'list'>
DEBUG:root:Filter applied f c 
DEBUG:root:get_visible_tasks attr: <bound method TodoApp.get_visible_tasks of TodoApp(title='TodoApp', classes={'-dark-mode'}, pseudo_classes={'dark', 'focus'})>
DEBUG:root:get_visible_tasks: filter_status=Status.CANCELLED, filter_category=None, sort_key=None, sort_reverse=False
DEBUG:root:get_visible_tasks() returned: []
DEBUG:root:type: <class 'list'>
DEBUG:root:Filter applied f i 
DEBUG:root:get_visible_tasks attr: <bound method TodoApp.get_visible_tasks of TodoApp(title='TodoApp', classes={'-dark-mode'}, pseudo_classes={'dark', 'focus'})>
DEBUG:root:get_visible_tasks: filter_status=Status.IN_PROGRESS, filter_category=None, sort_key=None, sort_reverse=False
DEBUG:root:get_visible_tasks() returned: []
DEBUG:root:type: <class 'list'>
DEBUG:root:Filter applied f c 
DEBUG:root:get_visible_tasks attr: <bound method TodoApp.get_visible_tasks of TodoApp(title='TodoApp', classes={'-dark-mode'}, pseudo_classes={'dark', 'focus'})>
DEBUG:root:get_visible_tasks: filter_status=Status.CANCELLED, filter_category=None, sort_key=None, sort_reverse=False
DEBUG:root:get_visible_tasks() returned: []
DEBUG:root:type: <class 'list'>
DEBUG:root:Filter applied f i 
DEBUG:root:get_visible_tasks attr: <bound method TodoApp.get_visible_tasks of TodoApp(title='TodoApp', classes={'-dark-mode'}, pseudo_classes={'dark', 'focus'})>
DEBUG:root:get_visible_tasks: filter_status=Status.IN_PROGRESS, filter_category=None, sort_key=None, sort_reverse=False
DEBUG:root:get_visible_tasks() returned: []
DEBUG:root:type: <class 'list'>
DEBUG:root:Filter applied f a 
DEBUG:root:get_visible_tasks attr: <bound method TodoApp.get_visible_tasks of TodoApp(title='TodoApp', classes={'-dark-mode'}, pseudo_classes={'dark', 'focus'})>
DEBUG:root:get_visible_tasks: filter_status=Status.ACTIVE, filter_category=None, sort_key=None, sort_reverse=False
DEBUG:root:get_visible_tasks() returned: [<core.task.Task object at 0x104e81d30>, <core.task.Task object at 0x104db5220>, <core.task.Task object at 0x105315e50>, <core.task.Task object at 0x105315ee0>]
DEBUG:root:type: <class 'list'>
DEBUG:root:Filter applied f h 
DEBUG:root:get_visible_tasks attr: <bound method TodoApp.get_visible_tasks of TodoApp(title='TodoApp', classes={'-dark-mode'}, pseudo_classes={'dark', 'focus'})>
DEBUG:root:get_visible_tasks: filter_status=Status.HOLD, filter_category=None, sort_key=None, sort_reverse=False
DEBUG:root:get_visible_tasks() returned: []
DEBUG:root:type: <class 'list'>
DEBUG:root:Filter applied f a 
DEBUG:root:get_visible_tasks attr: <bound method TodoApp.get_visible_tasks of TodoApp(title='TodoApp', classes={'-dark-mode'}, pseudo_classes={'dark', 'focus'})>
DEBUG:root:get_visible_tasks: filter_status=Status.ACTIVE, filter_category=None, sort_key=None, sort_reverse=False
DEBUG:root:get_visible_tasks() returned: [<core.task.Task object at 0x104e81d30>, <core.task.Task object at 0x104db5220>, <core.task.Task object at 0x105315e50>, <core.task.Task object at 0x105315ee0>]
DEBUG:root:type: <class 'list'>
DEBUG:root:Filter applied f a 
DEBUG:root:get_visible_tasks attr: <bound method TodoApp.get_visible_tasks of TodoApp(title='TodoApp', classes={'-dark-mode'}, pseudo_classes={'dark', 'focus'})>
DEBUG:root:get_visible_tasks: filter_status=Status.ACTIVE, filter_category=None, sort_key=None, sort_reverse=False
DEBUG:root:get_visible_tasks() returned: [<core.task.Task object at 0x104e81d30>, <core.task.Task object at 0x104db5220>, <core.task.Task object at 0x105315e50>, <core.task.Task object at 0x105315ee0>]
DEBUG:root:type: <class 'list'>
DEBUG:root:Filter applied f c 
DEBUG:root:get_visible_tasks attr: <bound method TodoApp.get_visible_tasks of TodoApp(title='TodoApp', classes={'-dark-mode'}, pseudo_classes={'dark', 'focus'})>
DEBUG:root:get_visible_tasks: filter_status=Status.CANCELLED, filter_category=None, sort_key=None, sort_reverse=False
DEBUG:root:get_visible_tasks() returned: []
DEBUG:root:type: <class 'list'>
DEBUG:root:Filter applied f i 
DEBUG:root:get_visible_tasks attr: <bound method TodoApp.get_visible_tasks of TodoApp(title='TodoApp', classes={'-dark-mode'}, pseudo_classes={'dark', 'focus'})>
DEBUG:root:get_visible_tasks: filter_status=Status.IN_PROGRESS, filter_category=None, sort_key=None, sort_reverse=False
DEBUG:root:get_visible_tasks() returned: []
DEBUG:root:type: <class 'list'>
DEBUG:root:Filter applied f c 
DEBUG:root:get_visible_tasks attr: <bound method TodoApp.get_visible_tasks of TodoApp(title='TodoApp', classes={'-dark-mode'}, pseudo_classes={'dark', 'focus'})>
DEBUG:root:get_visible_tasks: filter_status=Status.CANCELLED, filter_category=None, sort_key=None, sort_reverse=False
DEBUG:root:get_visible_tasks() returned: []
DEBUG:root:type: <class 'list'>
DEBUG:root:Filter applied f h 
DEBUG:root:get_visible_tasks attr: <bound method TodoApp.get_visible_tasks of TodoApp(title='TodoApp', classes={'-dark-mode'}, pseudo_classes={'dark', 'focus'})>
DEBUG:root:get_visible_tasks: filter_status=Status.HOLD, filter_category=None, sort_key=None, sort_reverse=False
DEBUG:root:get_visible_tasks() returned: []
DEBUG:root:type: <class 'list'>
DEBUG:root:Filter applied f a 
DEBUG:root:get_visible_tasks attr: <bound method TodoApp.get_visible_tasks of TodoApp(title='TodoApp', classes={'-dark-mode'}, pseudo_classes={'dark', 'focus'})>
DEBUG:root:get_visible_tasks: filter_status=Status.ACTIVE, filter_category=None, sort_key=None, sort_reverse=False
DEBUG:root:get_visible_tasks() returned: [<core.task.Task object at 0x104e81d30>, <core.task.Task object at 0x104db5220>, <core.task.Task object at 0x105315e50>, <core.task.Task object at 0x105315ee0>]
DEBUG:root:type: <class 'list'>
DEBUG:root:Filter applied f a 
DEBUG:root:get_visible_tasks attr: <bound method TodoApp.get_visible_tasks of TodoApp(title='TodoApp', classes={'-dark-mode'}, pseudo_classes={'dark', 'focus'})>
DEBUG:root:get_visible_tasks: filter_status=Status.ACTIVE, filter_category=None, sort_key=None, sort_reverse=False
DEBUG:root:get_visible_tasks() returned: [<core.task.Task object at 0x104e81d30>, <core.task.Task object at 0x104db5220>, <core.task.Task object at 0x105315e50>, <core.task.Task object at 0x105315ee0>]
DEBUG:root:type: <class 'list'>
DEBUG:root:Filter applied f h 
DEBUG:root:get_visible_tasks attr: <bound method TodoApp.get_visible_tasks of TodoApp(title='TodoApp', classes={'-dark-mode'}, pseudo_classes={'dark', 'focus'})>
DEBUG:root:get_visible_tasks: filter_status=Status.HOLD, filter_category=None, sort_key=None, sort_reverse=False
DEBUG:root:get_visible_tasks() returned: []
DEBUG:root:type: <class 'list'>
DEBUG:root:Filter applied f c 
DEBUG:root:get_visible_tasks attr: <bound method TodoApp.get_visible_tasks of TodoApp(title='TodoApp', classes={'-dark-mode'}, pseudo_classes={'dark', 'focus'})>
DEBUG:root:get_visible_tasks: filter_status=Status.CANCELLED, filter_category=None, sort_key=None, sort_reverse=False
DEBUG:root:get_visible_tasks() returned: []
DEBUG:root:type: <class 'list'>
DEBUG:root:Filter applied f i 
DEBUG:root:get_visible_tasks attr: <bound method TodoApp.get_visible_tasks of TodoApp(title='TodoApp', classes={'-dark-mode'}, pseudo_classes={'dark', 'focus'})>
DEBUG:root:get_visible_tasks: filter_status=Status.IN_PROGRESS, filter_category=None, sort_key=None, sort_reverse=False
DEBUG:root:get_visible_tasks() returned: []
DEBUG:root:type: <class 'list'>
DEBUG:root:Filter applied f c 
DEBUG:root:get_visible_tasks attr: <bound method TodoApp.get_visible_tasks of TodoApp(title='TodoApp', classes={'-dark-mode'}, pseudo_classes={'dark', 'focus'})>
DEBUG:root:get_visible_tasks: filter_status=Status.CANCELLED, filter_category=None, sort_key=None, sort_reverse=False
DEBUG:root:get_visible_tasks() returned: []
DEBUG:root:type: <class 'list'>
DEBUG:root:Filter applied f a 
DEBUG:root:get_visible_tasks attr: <bound method TodoApp.get_visible_tasks of TodoApp(title='TodoApp', classes={'-dark-mode'}, pseudo_classes={'dark', 'focus'})>
DEBUG:root:get_visible_tasks: filter_status=Status.ACTIVE, filter_category=None, sort_key=None, sort_reverse=False
DEBUG:root:get_visible_tasks() returned: [<core.task.Task object at 0x104e81d30>, <core.task.Task object at 0x104db5220>, <core.task.Task object at 0x105315e50>, <core.task.Task object at 0x105315ee0>]
DEBUG:root:type: <class 'list'>
DEBUG:root:Filter applied f c 
DEBUG:root:get_visible_tasks attr: <bound method TodoApp.get_visible_tasks of TodoApp(title='TodoApp', classes={'-dark-mode'}, pseudo_classes={'dark', 'focus'})>
DEBUG:root:get_visible_tasks: filter_status=Status.CANCELLED, filter_category=None, sort_key=None, sort_reverse=False
DEBUG:root:get_visible_tasks() returned: []
DEBUG:root:type: <class 'list'>
DEBUG:root:Filter applied f i 
DEBUG:root:get_visible_tasks attr: <bound method TodoApp.get_visible_tasks of TodoApp(title='TodoApp', classes={'-dark-mode'}, pseudo_classes={'dark', 'focus'})>
DEBUG:root:get_visible_tasks: filter_status=Status.IN_PROGRESS, filter_category=None, sort_key=None, sort_reverse=False
DEBUG:root:get_visible_tasks() returned: []
DEBUG:root:type: <class 'list'>
DEBUG:root:Filter applied f a 
DEBUG:root:get_visible_tasks attr: <bound method TodoApp.get_visible_tasks of TodoApp(title='TodoApp', classes={'-dark-mode'}, pseudo_classes={'dark', 'focus'})>
DEBUG:root:get_visible_tasks: filter_status=Status.ACTIVE, filter_category=None, sort_key=None, sort_reverse=False
DEBUG:root:get_visible_tasks() returned: [<core.task.Task object at 0x104e81d30>, <core.task.Task object at 0x104db5220>, <core.task.Task object at 0x105315e50>, <core.task.Task object at 0x105315ee0>]
DEBUG:root:type: <class 'list'>
DEBUG:root:Filter applied f i 
DEBUG:root:get_visible_tasks attr: <bound method TodoApp.get_visible_tasks of TodoApp(title='TodoApp', classes={'-dark-mode'}, pseudo_classes={'dark', 'focus'})>
DEBUG:root:get_visible_tasks: filter_status=Status.IN_PROGRESS, filter_category=None, sort_key=None, sort_reverse=False
DEBUG:root:get_visible_tasks() returned: []
DEBUG:root:type: <class 'list'>
DEBUG:root:Filter applied f i 
DEBUG:root:get_visible_tasks attr: <bound method TodoApp.get_visible_tasks of TodoApp(title='TodoApp', classes={'-dark-mode'}, pseudo_classes={'dark', 'focus'})>
DEBUG:root:get_visible_tasks: filter_status=Status.IN_PROGRESS, filter_category=None, sort_key=None, sort_reverse=False
DEBUG:root:get_visible_tasks() returned: []
DEBUG:root:type: <class 'list'>
DEBUG:root:Filter applied f a 
DEBUG:root:get_visible_tasks attr: <bound method TodoApp.get_visible_tasks of TodoApp(title='TodoApp', classes={'-dark-mode'}, pseudo_classes={'dark', 'focus'})>
DEBUG:root:get_visible_tasks: filter_status=Status.ACTIVE, filter_category=None, sort_key=None, sort_reverse=False
DEBUG:root:get_visible_tasks() returned: [<core.task.Task object at 0x104e81d30>, <core.task.Task object at 0x104db5220>, <core.task.Task object at 0x105315e50>, <core.task.Task object at 0x105315ee0>]
DEBUG:root:type: <class 'list'>
DEBUG:root:Filter applied f i 
DEBUG:root:get_visible_tasks attr: <bound method TodoApp.get_visible_tasks of TodoApp(title='TodoApp', classes={'-dark-mode'}, pseudo_classes={'dark', 'focus'})>
DEBUG:root:get_visible_tasks: filter_status=Status.IN_PROGRESS, filter_category=None, sort_key=None, sort_reverse=False
DEBUG:root:get_visible_tasks() returned: []
DEBUG:root:type: <class 'list'>
DEBUG:root:Filter applied f i 
DEBUG:root:get_visible_tasks attr: <bound method TodoApp.get_visible_tasks of TodoApp(title='TodoApp', classes={'-dark-mode'}, pseudo_classes={'dark', 'focus'})>
DEBUG:root:get_visible_tasks: filter_status=Status.IN_PROGRESS, filter_category=None, sort_key=None, sort_reverse=False
DEBUG:root:get_visible_tasks() returned: []
DEBUG:root:type: <class 'list'>
DEBUG:root:Filter applied f i 
DEBUG:root:get_visible_tasks attr: <bound method TodoApp.get_visible_tasks of TodoApp(title='TodoApp', classes={'-dark-mode'}, pseudo_classes={'dark', 'focus'})>
DEBUG:root:get_visible_tasks: filter_status=Status.IN_PROGRESS, filter_category=None, sort_key=None, sort_reverse=False
DEBUG:root:get_visible_tasks() returned: []
DEBUG:root:type: <class 'list'>
DEBUG:root:Filter applied f a 
DEBUG:root:get_visible_tasks attr: <bound method TodoApp.get_visible_tasks of TodoApp(title='TodoApp', classes={'-dark-mode'}, pseudo_classes={'dark', 'focus'})>
DEBUG:root:get_visible_tasks: filter_status=Status.ACTIVE, filter_category=None, sort_key=None, sort_reverse=False
DEBUG:root:get_visible_tasks() returned: [<core.task.Task object at 0x104e81d30>, <core.task.Task object at 0x104db5220>, <core.task.Task object at 0x105315e50>, <core.task.Task object at 0x105315ee0>]
DEBUG:root:type: <class 'list'>
DEBUG:root:Filter applied f i 
DEBUG:root:get_visible_tasks attr: <bound method TodoApp.get_visible_tasks of TodoApp(title='TodoApp', classes={'-dark-mode'}, pseudo_classes={'dark', 'focus'})>
DEBUG:root:get_visible_tasks: filter_status=Status.IN_PROGRESS, filter_category=None, sort_key=None, sort_reverse=False
DEBUG:root:get_visible_tasks() returned: []
DEBUG:root:type: <class 'list'>
DEBUG:root:Filter applied f i 
DEBUG:root:get_visible_tasks attr: <bound method TodoApp.get_visible_tasks of TodoApp(title='TodoApp', classes={'-dark-mode'}, pseudo_classes={'dark', 'focus'})>
DEBUG:root:get_visible_tasks: filter_status=Status.IN_PROGRESS, filter_category=None, sort_key=None, sort_reverse=False
DEBUG:root:get_visible_tasks() returned: []
DEBUG:root:type: <class 'list'>
DEBUG:root:Filter applied f i 
DEBUG:root:get_visible_tasks attr: <bound method TodoApp.get_visible_tasks of TodoApp(title='TodoApp', classes={'-dark-mode'}, pseudo_classes={'dark', 'focus'})>
DEBUG:root:get_visible_tasks: filter_status=Status.IN_PROGRESS, filter_category=None, sort_key=None, sort_reverse=False
DEBUG:root:get_visible_tasks() returned: []
DEBUG:root:type: <class 'list'>
DEBUG:root:Filter applied f x 
DEBUG:root:get_visible_tasks attr: <bound method TodoApp.get_visible_tasks of TodoApp(title='TodoApp', classes={'-dark-mode'}, pseudo_classes={'dark', 'focus'})>
DEBUG:root:get_visible_tasks: filter_status=None, filter_category=None, sort_key=None, sort_reverse=False
DEBUG:root:get_visible_tasks() returned: [<core.task.Task object at 0x104e81d30>, <core.task.Task object at 0x104db5220>, <core.task.Task object at 0x105315e50>, <core.task.Task object at 0x105315ee0>]
DEBUG:root:type: <class 'list'>
DEBUG:root:Filter applied f i 
DEBUG:root:get_visible_tasks attr: <bound method TodoApp.get_visible_tasks of TodoApp(title='TodoApp', classes={'-dark-mode'}, pseudo_classes={'dark', 'focus'})>
DEBUG:root:get_visible_tasks: filter_status=Status.IN_PROGRESS, filter_category=None, sort_key=None, sort_reverse=False
DEBUG:root:get_visible_tasks() returned: []
DEBUG:root:type: <class 'list'>
DEBUG:root:Filter applied f a 
DEBUG:root:get_visible_tasks attr: <bound method TodoApp.get_visible_tasks of TodoApp(title='TodoApp', classes={'-dark-mode'}, pseudo_classes={'dark', 'focus'})>
DEBUG:root:get_visible_tasks: filter_status=Status.ACTIVE, filter_category=None, sort_key=None, sort_reverse=False
DEBUG:root:get_visible_tasks() returned: [<core.task.Task object at 0x104e81d30>, <core.task.Task object at 0x104db5220>, <core.task.Task object at 0x105315e50>, <core.task.Task object at 0x105315ee0>]
DEBUG:root:type: <class 'list'>
DEBUG:root:Filter applied f i 
DEBUG:root:get_visible_tasks attr: <bound method TodoApp.get_visible_tasks of TodoApp(title='TodoApp', classes={'-dark-mode'}, pseudo_classes={'dark', 'focus'})>
DEBUG:root:get_visible_tasks: filter_status=Status.IN_PROGRESS, filter_category=None, sort_key=None, sort_reverse=False
DEBUG:root:get_visible_tasks() returned: []
DEBUG:root:type: <class 'list'>
DEBUG:root:Filter applied f i 
DEBUG:root:get_visible_tasks attr: <bound method TodoApp.get_visible_tasks of TodoApp(title='TodoApp', classes={'-dark-mode'}, pseudo_classes={'dark', 'focus'})>
DEBUG:root:get_visible_tasks: filter_status=Status.IN_PROGRESS, filter_category=None, sort_key=None, sort_reverse=False
DEBUG:root:get_visible_tasks() returned: []
DEBUG:root:type: <class 'list'>
DEBUG:root:Filter applied f i 
DEBUG:root:get_visible_tasks attr: <bound method TodoApp.get_visible_tasks of TodoApp(title='TodoApp', classes={'-dark-mode'}, pseudo_classes={'dark', 'focus'})>
DEBUG:root:get_visible_tasks: filter_status=Status.IN_PROGRESS, filter_category=None, sort_key=None, sort_reverse=False
DEBUG:root:get_visible_tasks() returned: []
DEBUG:root:type: <class 'list'>
DEBUG:root:Filter applied f x 
DEBUG:root:get_visible_tasks attr: <bound method TodoApp.get_visible_tasks of TodoApp(title='TodoApp', classes={'-dark-mode'}, pseudo_classes={'dark', 'focus'})>
DEBUG:root:get_visible_tasks: filter_status=None, filter_category=None, sort_key=None, sort_reverse=False
DEBUG:root:get_visible_tasks() returned: [<core.task.Task object at 0x104e81d30>, <core.task.Task object at 0x104db5220>, <core.task.Task object at 0x105315e50>, <core.task.Task object at 0x105315ee0>]
DEBUG:root:type: <class 'list'>
DEBUG:root:Filter applied f i 
DEBUG:root:get_visible_tasks attr: <bound method TodoApp.get_visible_tasks of TodoApp(title='TodoApp', classes={'-dark-mode'}, pseudo_classes={'dark', 'focus'})>
DEBUG:root:get_visible_tasks: filter_status=Status.IN_PROGRESS, filter_category=None, sort_key=None, sort_reverse=False
DEBUG:root:get_visible_tasks() returned: []
DEBUG:root:type: <class 'list'>
DEBUG:root:Filter applied f a 
DEBUG:root:get_visible_tasks attr: <bound method TodoApp.get_visible_tasks of TodoApp(title='TodoApp', classes={'-dark-mode'}, pseudo_classes={'dark', 'focus'})>
DEBUG:root:get_visible_tasks: filter_status=Status.ACTIVE, filter_category=None, sort_key=None, sort_reverse=False
DEBUG:root:get_visible_tasks() returned: [<core.task.Task object at 0x104e81d30>, <core.task.Task object at 0x104db5220>, <core.task.Task object at 0x105315e50>, <core.task.Task object at 0x105315ee0>]
DEBUG:root:type: <class 'list'>
DEBUG:root:Filter applied f a 
DEBUG:root:get_visible_tasks attr: <bound method TodoApp.get_visible_tasks of TodoApp(title='TodoApp', classes={'-dark-mode'}, pseudo_classes={'dark', 'focus'})>
DEBUG:root:get_visible_tasks: filter_status=Status.ACTIVE, filter_category=None, sort_key=None, sort_reverse=False
DEBUG:root:get_visible_tasks() returned: [<core.task.Task object at 0x104e81d30>, <core.task.Task object at 0x104db5220>, <core.task.Task object at 0x105315e50>, <core.task.Task object at 0x105315ee0>]
DEBUG:root:type: <class 'list'>
DEBUG:root:Filter applied f h 
DEBUG:root:get_visible_tasks attr: <bound method TodoApp.get_visible_tasks of TodoApp(title='TodoApp', classes={'-dark-mode'}, pseudo_classes={'dark', 'focus'})>
DEBUG:root:get_visible_tasks: filter_status=Status.HOLD, filter_category=None, sort_key=None, sort_reverse=False
DEBUG:root:get_visible_tasks() returned: []
DEBUG:root:type: <class 'list'>
DEBUG:root:Filter applied f i 
DEBUG:root:get_visible_tasks attr: <bound method TodoApp.get_visible_tasks of TodoApp(title='TodoApp', classes={'-dark-mode'}, pseudo_classes={'dark', 'focus'})>
DEBUG:root:get_visible_tasks: filter_status=Status.IN_PROGRESS, filter_category=None, sort_key=None, sort_reverse=False
DEBUG:root:get_visible_tasks() returned: []
DEBUG:root:type: <class 'list'>
DEBUG:root:Filter applied f a 
DEBUG:root:get_visible_tasks attr: <bound method TodoApp.get_visible_tasks of TodoApp(title='TodoApp', classes={'-dark-mode'}, pseudo_classes={'dark', 'focus'})>
DEBUG:root:get_visible_tasks: filter_status=Status.ACTIVE, filter_category=None, sort_key=None, sort_reverse=False
DEBUG:root:get_visible_tasks() returned: [<core.task.Task object at 0x104e81d30>, <core.task.Task object at 0x104db5220>, <core.task.Task object at 0x105315e50>, <core.task.Task object at 0x105315ee0>]
DEBUG:root:type: <class 'list'>
DEBUG:root:Filter applied f c 
DEBUG:root:get_visible_tasks attr: <bound method TodoApp.get_visible_tasks of TodoApp(title='TodoApp', classes={'-dark-mode'}, pseudo_classes={'dark', 'focus'})>
DEBUG:root:get_visible_tasks: filter_status=Status.CANCELLED, filter_category=None, sort_key=None, sort_reverse=False
DEBUG:root:get_visible_tasks() returned: []
DEBUG:root:type: <class 'list'>
DEBUG:root:Filter applied f i 
DEBUG:root:get_visible_tasks attr: <bound method TodoApp.get_visible_tasks of TodoApp(title='TodoApp', classes={'-dark-mode'}, pseudo_classes={'dark', 'focus'})>
DEBUG:root:get_visible_tasks: filter_status=Status.IN_PROGRESS, filter_category=None, sort_key=None, sort_reverse=False
DEBUG:root:get_visible_tasks() returned: []
DEBUG:root:type: <class 'list'>
DEBUG:root:Filter applied f a 
DEBUG:root:get_visible_tasks attr: <bound method TodoApp.get_visible_tasks of TodoApp(title='TodoApp', classes={'-dark-mode'}, pseudo_classes={'dark', 'focus'})>
DEBUG:root:get_visible_tasks: filter_status=Status.ACTIVE, filter_category=None, sort_key=None, sort_reverse=False
DEBUG:root:get_visible_tasks() returned: [<core.task.Task object at 0x104e81d30>, <core.task.Task object at 0x104db5220>, <core.task.Task object at 0x105315e50>, <core.task.Task object at 0x105315ee0>]
DEBUG:root:type: <class 'list'>
DEBUG:root:Filter applied f i 
DEBUG:root:get_visible_tasks attr: <bound method TodoApp.get_visible_tasks of TodoApp(title='TodoApp', classes={'-dark-mode'}, pseudo_classes={'dark', 'focus'})>
DEBUG:root:get_visible_tasks: filter_status=Status.IN_PROGRESS, filter_category=None, sort_key=None, sort_reverse=False
DEBUG:root:get_visible_tasks() returned: []
DEBUG:root:type: <class 'list'>
DEBUG:root:Filter applied f c 
DEBUG:root:get_visible_tasks attr: <bound method TodoApp.get_visible_tasks of TodoApp(title='TodoApp', classes={'-dark-mode'}, pseudo_classes={'dark', 'focus'})>
DEBUG:root:get_visible_tasks: filter_status=Status.CANCELLED, filter_category=None, sort_key=None, sort_reverse=False
DEBUG:root:get_visible_tasks() returned: []
DEBUG:root:type: <class 'list'>
DEBUG:root:Filter applied f i 
DEBUG:root:get_visible_tasks attr: <bound method TodoApp.get_visible_tasks of TodoApp(title='TodoApp', classes={'-dark-mode'}, pseudo_classes={'dark', 'focus'})>
DEBUG:root:get_visible_tasks: filter_status=Status.IN_PROGRESS, filter_category=None, sort_key=None, sort_reverse=False
DEBUG:root:get_visible_tasks() returned: []
DEBUG:root:type: <class 'list'>
DEBUG:root:Filter applied f a 
DEBUG:root:get_visible_tasks attr: <bound method TodoApp.get_visible_tasks of TodoApp(title='TodoApp', classes={'-dark-mode'}, pseudo_classes={'dark', 'focus'})>
DEBUG:root:get_visible_tasks: filter_status=Status.ACTIVE, filter_category=None, sort_key=None, sort_reverse=False
DEBUG:root:get_visible_tasks() returned: [<core.task.Task object at 0x104e81d30>, <core.task.Task object at 0x104db5220>, <core.task.Task object at 0x105315e50>, <core.task.Task object at 0x105315ee0>]
DEBUG:root:type: <class 'list'>
DEBUG:root:Filter applied f i 
DEBUG:root:get_visible_tasks attr: <bound method TodoApp.get_visible_tasks of TodoApp(title='TodoApp', classes={'-dark-mode'}, pseudo_classes={'dark', 'focus'})>
DEBUG:root:get_visible_tasks: filter_status=Status.IN_PROGRESS, filter_category=None, sort_key=None, sort_reverse=False
DEBUG:root:get_visible_tasks() returned: []
DEBUG:root:type: <class 'list'>
DEBUG:root:Filter applied f a 
DEBUG:root:get_visible_tasks attr: <bound method TodoApp.get_visible_tasks of TodoApp(title='TodoApp', classes={'-dark-mode'}, pseudo_classes={'dark', 'focus'})>
DEBUG:root:get_visible_tasks: filter_status=Status.ACTIVE, filter_category=None, sort_key=None, sort_reverse=False
DEBUG:root:get_visible_tasks() returned: [<core.task.Task object at 0x104e81d30>, <core.task.Task object at 0x104db5220>, <core.task.Task object at 0x105315e50>, <core.task.Task object at 0x105315ee0>]
DEBUG:root:type: <class 'list'>
DEBUG:root:Filter applied f i 
DEBUG:root:get_visible_tasks attr: <bound method TodoApp.get_visible_tasks of TodoApp(title='TodoApp', classes={'-dark-mode'}, pseudo_classes={'dark', 'focus'})>
DEBUG:root:get_visible_tasks: filter_status=Status.IN_PROGRESS, filter_category=None, sort_key=None, sort_reverse=False
DEBUG:root:get_visible_tasks() returned: []
DEBUG:root:type: <class 'list'>
DEBUG:root:Filter applied f i 
DEBUG:root:get_visible_tasks attr: <bound method TodoApp.get_visible_tasks of TodoApp(title='TodoApp', classes={'-dark-mode'}, pseudo_classes={'dark', 'focus'})>
DEBUG:root:get_visible_tasks: filter_status=Status.IN_PROGRESS, filter_category=None, sort_key=None, sort_reverse=False
DEBUG:root:get_visible_tasks() returned: []
DEBUG:root:type: <class 'list'>
DEBUG:root:Filter applied f a 
DEBUG:root:get_visible_tasks attr: <bound method TodoApp.get_visible_tasks of TodoApp(title='TodoApp', classes={'-dark-mode'}, pseudo_classes={'dark', 'focus'})>
DEBUG:root:get_visible_tasks: filter_status=Status.ACTIVE, filter_category=None, sort_key=None, sort_reverse=False
DEBUG:root:get_visible_tasks() returned: [<core.task.Task object at 0x104e81d30>, <core.task.Task object at 0x104db5220>, <core.task.Task object at 0x105315e50>, <core.task.Task object at 0x105315ee0>]
DEBUG:root:type: <class 'list'>
DEBUG:root:Filter applied f a 
DEBUG:root:get_visible_tasks attr: <bound method TodoApp.get_visible_tasks of TodoApp(title='TodoApp', classes={'-dark-mode'}, pseudo_classes={'dark', 'focus'})>
DEBUG:root:get_visible_tasks: filter_status=Status.ACTIVE, filter_category=None, sort_key=None, sort_reverse=False
DEBUG:root:get_visible_tasks() returned: [<core.task.Task object at 0x104e81d30>, <core.task.Task object at 0x104db5220>, <core.task.Task object at 0x105315e50>, <core.task.Task object at 0x105315ee0>]
DEBUG:root:type: <class 'list'>
DEBUG:root:Filter applied f a 
DEBUG:root:get_visible_tasks attr: <bound method TodoApp.get_visible_tasks of TodoApp(title='TodoApp', classes={'-dark-mode'}, pseudo_classes={'dark', 'focus'})>
DEBUG:root:get_visible_tasks: filter_status=Status.ACTIVE, filter_category=None, sort_key=None, sort_reverse=False
DEBUG:root:get_visible_tasks() returned: [<core.task.Task object at 0x104e81d30>, <core.task.Task object at 0x104db5220>, <core.task.Task object at 0x105315e50>, <core.task.Task object at 0x105315ee0>]
DEBUG:root:type: <class 'list'>
DEBUG:root:Filter applied f i 
DEBUG:root:get_visible_tasks attr: <bound method TodoApp.get_visible_tasks of TodoApp(title='TodoApp', classes={'-dark-mode'}, pseudo_classes={'dark', 'focus'})>
DEBUG:root:get_visible_tasks: filter_status=Status.IN_PROGRESS, filter_category=None, sort_key=None, sort_reverse=False
DEBUG:root:get_visible_tasks() returned: []
DEBUG:root:type: <class 'list'>
DEBUG:root:Filter applied f a 
DEBUG:root:get_visible_tasks attr: <bound method TodoApp.get_visible_tasks of TodoApp(title='TodoApp', classes={'-dark-mode'}, pseudo_classes={'dark', 'focus'})>
DEBUG:root:get_visible_tasks: filter_status=Status.ACTIVE, filter_category=None, sort_key=None, sort_reverse=False
DEBUG:root:get_visible_tasks() returned: [<core.task.Task object at 0x104e81d30>, <core.task.Task object at 0x104db5220>, <core.task.Task object at 0x105315e50>, <core.task.Task object at 0x105315ee0>]
DEBUG:root:type: <class 'list'>
DEBUG:root:Filter applied f a 
DEBUG:root:get_visible_tasks attr: <bound method TodoApp.get_visible_tasks of TodoApp(title='TodoApp', classes={'-dark-mode'}, pseudo_classes={'dark', 'focus'})>
DEBUG:root:get_visible_tasks: filter_status=Status.ACTIVE, filter_category=None, sort_key=None, sort_reverse=False
DEBUG:root:get_visible_tasks() returned: [<core.task.Task object at 0x104e81d30>, <core.task.Task object at 0x104db5220>, <core.task.Task object at 0x105315e50>, <core.task.Task object at 0x105315ee0>]
DEBUG:root:type: <class 'list'>
DEBUG:root:Filter applied f h 
DEBUG:root:get_visible_tasks attr: <bound method TodoApp.get_visible_tasks of TodoApp(title='TodoApp', classes={'-dark-mode'}, pseudo_classes={'dark', 'focus'})>
DEBUG:root:get_visible_tasks: filter_status=Status.HOLD, filter_category=None, sort_key=None, sort_reverse=False
DEBUG:root:get_visible_tasks() returned: []
DEBUG:root:type: <class 'list'>
DEBUG:root:Filter applied f i 
DEBUG:root:get_visible_tasks attr: <bound method TodoApp.get_visible_tasks of TodoApp(title='TodoApp', classes={'-dark-mode'}, pseudo_classes={'dark', 'focus'})>
DEBUG:root:get_visible_tasks: filter_status=Status.IN_PROGRESS, filter_category=None, sort_key=None, sort_reverse=False
DEBUG:root:get_visible_tasks() returned: []
DEBUG:root:type: <class 'list'>
DEBUG:root:Filter applied f a 
DEBUG:root:get_visible_tasks attr: <bound method TodoApp.get_visible_tasks of TodoApp(title='TodoApp', classes={'-dark-mode'}, pseudo_classes={'dark', 'focus'})>
DEBUG:root:get_visible_tasks: filter_status=Status.ACTIVE, filter_category=None, sort_key=None, sort_reverse=False
DEBUG:root:get_visible_tasks() returned: [<core.task.Task object at 0x104e81d30>, <core.task.Task object at 0x104db5220>, <core.task.Task object at 0x105315e50>, <core.task.Task object at 0x105315ee0>]
DEBUG:root:type: <class 'list'>
DEBUG:root:Filter applied f c 
DEBUG:root:get_visible_tasks attr: <bound method TodoApp.get_visible_tasks of TodoApp(title='TodoApp', classes={'-dark-mode'}, pseudo_classes={'dark', 'focus'})>
DEBUG:root:get_visible_tasks: filter_status=Status.CANCELLED, filter_category=None, sort_key=None, sort_reverse=False
DEBUG:root:get_visible_tasks() returned: []
DEBUG:root:type: <class 'list'>
DEBUG:root:Filter applied f i 
DEBUG:root:get_visible_tasks attr: <bound method TodoApp.get_visible_tasks of TodoApp(title='TodoApp', classes={'-dark-mode'}, pseudo_classes={'dark', 'focus'})>
DEBUG:root:get_visible_tasks: filter_status=Status.IN_PROGRESS, filter_category=None, sort_key=None, sort_reverse=False
DEBUG:root:get_visible_tasks() returned: []
DEBUG:root:type: <class 'list'>
DEBUG:root:Filter applied f a 
DEBUG:root:get_visible_tasks attr: <bound method TodoApp.get_visible_tasks of TodoApp(title='TodoApp', classes={'-dark-mode'}, pseudo_classes={'dark', 'focus'})>
DEBUG:root:get_visible_tasks: filter_status=Status.ACTIVE, filter_category=None, sort_key=None, sort_reverse=False
DEBUG:root:get_visible_tasks() returned: [<core.task.Task object at 0x104e81d30>, <core.task.Task object at 0x104db5220>, <core.task.Task object at 0x105315e50>, <core.task.Task object at 0x105315ee0>]
DEBUG:root:type: <class 'list'>
DEBUG:root:Filter applied f i 
DEBUG:root:get_visible_tasks attr: <bound method TodoApp.get_visible_tasks of TodoApp(title='TodoApp', classes={'-dark-mode'}, pseudo_classes={'dark', 'focus'})>
DEBUG:root:get_visible_tasks: filter_status=Status.IN_PROGRESS, filter_category=None, sort_key=None, sort_reverse=False
DEBUG:root:get_visible_tasks() returned: []
DEBUG:root:type: <class 'list'>
DEBUG:root:Filter applied f i 
DEBUG:root:get_visible_tasks attr: <bound method TodoApp.get_visible_tasks of TodoApp(title='TodoApp', classes={'-dark-mode'}, pseudo_classes={'dark', 'focus'})>
DEBUG:root:get_visible_tasks: filter_status=Status.IN_PROGRESS, filter_category=None, sort_key=None, sort_reverse=False
DEBUG:root:get_visible_tasks() returned: []
DEBUG:root:type: <class 'list'>
DEBUG:root:Filter applied f a 
DEBUG:root:get_visible_tasks attr: <bound method TodoApp.get_visible_tasks of TodoApp(title='TodoApp', classes={'-dark-mode'}, pseudo_classes={'dark', 'focus'})>
DEBUG:root:get_visible_tasks: filter_status=Status.ACTIVE, filter_category=None, sort_key=None, sort_reverse=False
DEBUG:root:get_visible_tasks() returned: [<core.task.Task object at 0x104e81d30>, <core.task.Task object at 0x104db5220>, <core.task.Task object at 0x105315e50>, <core.task.Task object at 0x105315ee0>]
DEBUG:root:type: <class 'list'>
DEBUG:root:Filter applied f i 
DEBUG:root:get_visible_tasks attr: <bound method TodoApp.get_visible_tasks of TodoApp(title='TodoApp', classes={'-dark-mode'}, pseudo_classes={'dark', 'focus'})>
DEBUG:root:get_visible_tasks: filter_status=Status.IN_PROGRESS, filter_category=None, sort_key=None, sort_reverse=False
DEBUG:root:get_visible_tasks() returned: []
DEBUG:root:type: <class 'list'>
DEBUG:root:Filter applied f a 
DEBUG:root:get_visible_tasks attr: <bound method TodoApp.get_visible_tasks of TodoApp(title='TodoApp', classes={'-dark-mode'}, pseudo_classes={'dark', 'focus'})>
DEBUG:root:get_visible_tasks: filter_status=Status.ACTIVE, filter_category=None, sort_key=None, sort_reverse=False
DEBUG:root:get_visible_tasks() returned: [<core.task.Task object at 0x104e81d30>, <core.task.Task object at 0x104db5220>, <core.task.Task object at 0x105315e50>, <core.task.Task object at 0x105315ee0>]
DEBUG:root:type: <class 'list'>
DEBUG:root:Filter applied f i 
DEBUG:root:get_visible_tasks attr: <bound method TodoApp.get_visible_tasks of TodoApp(title='TodoApp', classes={'-dark-mode'}, pseudo_classes={'dark', 'focus'})>
DEBUG:root:get_visible_tasks: filter_status=Status.IN_PROGRESS, filter_category=None, sort_key=None, sort_reverse=False
DEBUG:root:get_visible_tasks() returned: []
DEBUG:root:type: <class 'list'>
DEBUG:root:Filter applied f i 
DEBUG:root:get_visible_tasks attr: <bound method TodoApp.get_visible_tasks of TodoApp(title='TodoApp', classes={'-dark-mode'}, pseudo_classes={'dark', 'focus'})>
DEBUG:root:get_visible_tasks: filter_status=Status.IN_PROGRESS, filter_category=None, sort_key=None, sort_reverse=False
DEBUG:root:get_visible_tasks() returned: []
DEBUG:root:type: <class 'list'>
DEBUG:root:Filter applied f a 
DEBUG:root:get_visible_tasks attr: <bound method TodoApp.get_visible_tasks of TodoApp(title='TodoApp', classes={'-dark-mode'}, pseudo_classes={'dark', 'focus'})>
DEBUG:root:get_visible_tasks: filter_status=Status.ACTIVE, filter_category=None, sort_key=None, sort_reverse=False
DEBUG:root:get_visible_tasks() returned: [<core.task.Task object at 0x104e81d30>, <core.task.Task object at 0x104db5220>, <core.task.Task object at 0x105315e50>, <core.task.Task object at 0x105315ee0>]
DEBUG:root:type: <class 'list'>
DEBUG:root:Filter applied f i 
DEBUG:root:get_visible_tasks attr: <bound method TodoApp.get_visible_tasks of TodoApp(title='TodoApp', classes={'-dark-mode'}, pseudo_classes={'dark', 'focus'})>
DEBUG:root:get_visible_tasks: filter_status=Status.IN_PROGRESS, filter_category=None, sort_key=None, sort_reverse=False
DEBUG:root:get_visible_tasks() returned: []
DEBUG:root:type: <class 'list'>
DEBUG:root:Filter applied f a 
DEBUG:root:get_visible_tasks attr: <bound method TodoApp.get_visible_tasks of TodoApp(title='TodoApp', classes={'-dark-mode'}, pseudo_classes={'dark', 'focus'})>
DEBUG:root:get_visible_tasks: filter_status=Status.ACTIVE, filter_category=None, sort_key=None, sort_reverse=False
DEBUG:root:get_visible_tasks() returned: [<core.task.Task object at 0x104e81d30>, <core.task.Task object at 0x104db5220>, <core.task.Task object at 0x105315e50>, <core.task.Task object at 0x105315ee0>]
DEBUG:root:type: <class 'list'>
DEBUG:root:Filter applied f a 
DEBUG:root:get_visible_tasks attr: <bound method TodoApp.get_visible_tasks of TodoApp(title='TodoApp', classes={'-dark-mode'}, pseudo_classes={'dark', 'focus'})>
DEBUG:root:get_visible_tasks: filter_status=Status.ACTIVE, filter_category=None, sort_key=None, sort_reverse=False
DEBUG:root:get_visible_tasks() returned: [<core.task.Task object at 0x104e81d30>, <core.task.Task object at 0x104db5220>, <core.task.Task object at 0x105315e50>, <core.task.Task object at 0x105315ee0>]
DEBUG:root:type: <class 'list'>
DEBUG:root:Filter applied f i 
DEBUG:root:get_visible_tasks attr: <bound method TodoApp.get_visible_tasks of TodoApp(title='TodoApp', classes={'-dark-mode'}, pseudo_classes={'dark', 'focus'})>
DEBUG:root:get_visible_tasks: filter_status=Status.IN_PROGRESS, filter_category=None, sort_key=None, sort_reverse=False
DEBUG:root:get_visible_tasks() returned: []
DEBUG:root:type: <class 'list'>
DEBUG:root:Filter applied f a 
DEBUG:root:get_visible_tasks attr: <bound method TodoApp.get_visible_tasks of TodoApp(title='TodoApp', classes={'-dark-mode'}, pseudo_classes={'dark', 'focus'})>
DEBUG:root:get_visible_tasks: filter_status=Status.ACTIVE, filter_category=None, sort_key=None, sort_reverse=False
DEBUG:root:get_visible_tasks() returned: [<core.task.Task object at 0x104e81d30>, <core.task.Task object at 0x104db5220>, <core.task.Task object at 0x105315e50>, <core.task.Task object at 0x105315ee0>]
DEBUG:root:type: <class 'list'>
DEBUG:root:Filter applied f a 
DEBUG:root:get_visible_tasks attr: <bound method TodoApp.get_visible_tasks of TodoApp(title='TodoApp', classes={'-dark-mode'}, pseudo_classes={'dark', 'focus'})>
DEBUG:root:get_visible_tasks: filter_status=Status.ACTIVE, filter_category=None, sort_key=None, sort_reverse=False
DEBUG:root:get_visible_tasks() returned: [<core.task.Task object at 0x104e81d30>, <core.task.Task object at 0x104db5220>, <core.task.Task object at 0x105315e50>, <core.task.Task object at 0x105315ee0>]
DEBUG:root:type: <class 'list'>
DEBUG:root:Filter applied f h 
DEBUG:root:get_visible_tasks attr: <bound method TodoApp.get_visible_tasks of TodoApp(title='TodoApp', classes={'-dark-mode'}, pseudo_classes={'dark', 'focus'})>
DEBUG:root:get_visible_tasks: filter_status=Status.HOLD, filter_category=None, sort_key=None, sort_reverse=False
DEBUG:root:get_visible_tasks() returned: []
DEBUG:root:type: <class 'list'>
DEBUG:root:Filter applied f i 
DEBUG:root:get_visible_tasks attr: <bound method TodoApp.get_visible_tasks of TodoApp(title='TodoApp', classes={'-dark-mode'}, pseudo_classes={'dark', 'focus'})>
DEBUG:root:get_visible_tasks: filter_status=Status.IN_PROGRESS, filter_category=None, sort_key=None, sort_reverse=False
DEBUG:root:get_visible_tasks() returned: []
DEBUG:root:type: <class 'list'>
DEBUG:root:Filter applied f a 
DEBUG:root:get_visible_tasks attr: <bound method TodoApp.get_visible_tasks of TodoApp(title='TodoApp', classes={'-dark-mode'}, pseudo_classes={'dark', 'focus'})>
DEBUG:root:get_visible_tasks: filter_status=Status.ACTIVE, filter_category=None, sort_key=None, sort_reverse=False
DEBUG:root:get_visible_tasks() returned: [<core.task.Task object at 0x104e81d30>, <core.task.Task object at 0x104db5220>, <core.task.Task object at 0x105315e50>, <core.task.Task object at 0x105315ee0>]
DEBUG:root:type: <class 'list'>
DEBUG:root:Filter applied f c 
DEBUG:root:get_visible_tasks attr: <bound method TodoApp.get_visible_tasks of TodoApp(title='TodoApp', classes={'-dark-mode'}, pseudo_classes={'dark', 'focus'})>
DEBUG:root:get_visible_tasks: filter_status=Status.CANCELLED, filter_category=None, sort_key=None, sort_reverse=False
DEBUG:root:get_visible_tasks() returned: []
DEBUG:root:type: <class 'list'>
DEBUG:root:Filter applied f i 
DEBUG:root:get_visible_tasks attr: <bound method TodoApp.get_visible_tasks of TodoApp(title='TodoApp', classes={'-dark-mode'}, pseudo_classes={'dark', 'focus'})>
DEBUG:root:get_visible_tasks: filter_status=Status.IN_PROGRESS, filter_category=None, sort_key=None, sort_reverse=False
DEBUG:root:get_visible_tasks() returned: []
DEBUG:root:type: <class 'list'>
DEBUG:root:Filter applied f a 
DEBUG:root:get_visible_tasks attr: <bound method TodoApp.get_visible_tasks of TodoApp(title='TodoApp', classes={'-dark-mode'}, pseudo_classes={'dark', 'focus'})>
DEBUG:root:get_visible_tasks: filter_status=Status.ACTIVE, filter_category=None, sort_key=None, sort_reverse=False
DEBUG:root:get_visible_tasks() returned: [<core.task.Task object at 0x104e81d30>, <core.task.Task object at 0x104db5220>, <core.task.Task object at 0x105315e50>, <core.task.Task object at 0x105315ee0>]
DEBUG:root:type: <class 'list'>
DEBUG:root:Filter applied f i 
DEBUG:root:get_visible_tasks attr: <bound method TodoApp.get_visible_tasks of TodoApp(title='TodoApp', classes={'-dark-mode'}, pseudo_classes={'dark', 'focus'})>
DEBUG:root:get_visible_tasks: filter_status=Status.IN_PROGRESS, filter_category=None, sort_key=None, sort_reverse=False
DEBUG:root:get_visible_tasks() returned: []
DEBUG:root:type: <class 'list'>
DEBUG:root:Filter applied f h 
DEBUG:root:get_visible_tasks attr: <bound method TodoApp.get_visible_tasks of TodoApp(title='TodoApp', classes={'-dark-mode'}, pseudo_classes={'dark', 'focus'})>
DEBUG:root:get_visible_tasks: filter_status=Status.HOLD, filter_category=None, sort_key=None, sort_reverse=False
DEBUG:root:get_visible_tasks() returned: []
DEBUG:root:type: <class 'list'>
DEBUG:root:Filter applied f a 
DEBUG:root:get_visible_tasks attr: <bound method TodoApp.get_visible_tasks of TodoApp(title='TodoApp', classes={'-dark-mode'}, pseudo_classes={'dark', 'focus'})>
DEBUG:root:get_visible_tasks: filter_status=Status.ACTIVE, filter_category=None, sort_key=None, sort_reverse=False
DEBUG:root:get_visible_tasks() returned: [<core.task.Task object at 0x104e81d30>, <core.task.Task object at 0x104db5220>, <core.task.Task object at 0x105315e50>, <core.task.Task object at 0x105315ee0>]
DEBUG:root:type: <class 'list'>
DEBUG:root:Filter applied f i 
DEBUG:root:get_visible_tasks attr: <bound method TodoApp.get_visible_tasks of TodoApp(title='TodoApp', classes={'-dark-mode'}, pseudo_classes={'dark', 'focus'})>
DEBUG:root:get_visible_tasks: filter_status=Status.IN_PROGRESS, filter_category=None, sort_key=None, sort_reverse=False
DEBUG:root:get_visible_tasks() returned: []
DEBUG:root:type: <class 'list'>
DEBUG:root:Filter applied f a 
DEBUG:root:get_visible_tasks attr: <bound method TodoApp.get_visible_tasks of TodoApp(title='TodoApp', classes={'-dark-mode'}, pseudo_classes={'dark', 'focus'})>
DEBUG:root:get_visible_tasks: filter_status=Status.ACTIVE, filter_category=None, sort_key=None, sort_reverse=False
DEBUG:root:get_visible_tasks() returned: [<core.task.Task object at 0x104e81d30>, <core.task.Task object at 0x104db5220>, <core.task.Task object at 0x105315e50>, <core.task.Task object at 0x105315ee0>]
DEBUG:root:type: <class 'list'>
DEBUG:root:Filter applied f i 
DEBUG:root:get_visible_tasks attr: <bound method TodoApp.get_visible_tasks of TodoApp(title='TodoApp', classes={'-dark-mode'}, pseudo_classes={'dark', 'focus'})>
DEBUG:root:get_visible_tasks: filter_status=Status.IN_PROGRESS, filter_category=None, sort_key=None, sort_reverse=False
DEBUG:root:get_visible_tasks() returned: []
DEBUG:root:type: <class 'list'>
DEBUG:root:Filter applied f i 
DEBUG:root:get_visible_tasks attr: <bound method TodoApp.get_visible_tasks of TodoApp(title='TodoApp', classes={'-dark-mode'}, pseudo_classes={'dark', 'focus'})>
DEBUG:root:get_visible_tasks: filter_status=Status.IN_PROGRESS, filter_category=None, sort_key=None, sort_reverse=False
DEBUG:root:get_visible_tasks() returned: []
DEBUG:root:type: <class 'list'>
DEBUG:root:Filter applied f a 
DEBUG:root:get_visible_tasks attr: <bound method TodoApp.get_visible_tasks of TodoApp(title='TodoApp', classes={'-dark-mode'}, pseudo_classes={'dark', 'focus'})>
DEBUG:root:get_visible_tasks: filter_status=Status.ACTIVE, filter_category=None, sort_key=None, sort_reverse=False
DEBUG:root:get_visible_tasks() returned: [<core.task.Task object at 0x104e81d30>, <core.task.Task object at 0x104db5220>, <core.task.Task object at 0x105315e50>, <core.task.Task object at 0x105315ee0>]
DEBUG:root:type: <class 'list'>
DEBUG:root:Filter applied f h 
DEBUG:root:get_visible_tasks attr: <bound method TodoApp.get_visible_tasks of TodoApp(title='TodoApp', classes={'-dark-mode'}, pseudo_classes={'dark', 'focus'})>
DEBUG:root:get_visible_tasks: filter_status=Status.HOLD, filter_category=None, sort_key=None, sort_reverse=False
DEBUG:root:get_visible_tasks() returned: []
DEBUG:root:type: <class 'list'>
DEBUG:root:Filter applied f a 
DEBUG:root:get_visible_tasks attr: <bound method TodoApp.get_visible_tasks of TodoApp(title='TodoApp', classes={'-dark-mode'}, pseudo_classes={'dark', 'focus'})>
DEBUG:root:get_visible_tasks: filter_status=Status.ACTIVE, filter_category=None, sort_key=None, sort_reverse=False
DEBUG:root:get_visible_tasks() returned: [<core.task.Task object at 0x104e81d30>, <core.task.Task object at 0x104db5220>, <core.task.Task object at 0x105315e50>, <core.task.Task object at 0x105315ee0>]
DEBUG:root:type: <class 'list'>
DEBUG:root:Filter applied f a 
DEBUG:root:get_visible_tasks attr: <bound method TodoApp.get_visible_tasks of TodoApp(title='TodoApp', classes={'-dark-mode'}, pseudo_classes={'dark', 'focus'})>
DEBUG:root:get_visible_tasks: filter_status=Status.ACTIVE, filter_category=None, sort_key=None, sort_reverse=False
DEBUG:root:get_visible_tasks() returned: [<core.task.Task object at 0x104e81d30>, <core.task.Task object at 0x104db5220>, <core.task.Task object at 0x105315e50>, <core.task.Task object at 0x105315ee0>]
DEBUG:root:type: <class 'list'>
DEBUG:root:Filter applied f i 
DEBUG:root:get_visible_tasks attr: <bound method TodoApp.get_visible_tasks of TodoApp(title='TodoApp', classes={'-dark-mode'}, pseudo_classes={'dark', 'focus'})>
DEBUG:root:get_visible_tasks: filter_status=Status.IN_PROGRESS, filter_category=None, sort_key=None, sort_reverse=False
DEBUG:root:get_visible_tasks() returned: []
DEBUG:root:type: <class 'list'>
DEBUG:root:Filter applied f a 
DEBUG:root:get_visible_tasks attr: <bound method TodoApp.get_visible_tasks of TodoApp(title='TodoApp', classes={'-dark-mode'}, pseudo_classes={'dark', 'focus'})>
DEBUG:root:get_visible_tasks: filter_status=Status.ACTIVE, filter_category=None, sort_key=None, sort_reverse=False
DEBUG:root:get_visible_tasks() returned: [<core.task.Task object at 0x104e81d30>, <core.task.Task object at 0x104db5220>, <core.task.Task object at 0x105315e50>, <core.task.Task object at 0x105315ee0>]
DEBUG:root:type: <class 'list'>
DEBUG:root:Filter applied f a 
DEBUG:root:get_visible_tasks attr: <bound method TodoApp.get_visible_tasks of TodoApp(title='TodoApp', classes={'-dark-mode'}, pseudo_classes={'dark', 'focus'})>
DEBUG:root:get_visible_tasks: filter_status=Status.ACTIVE, filter_category=None, sort_key=None, sort_reverse=False
DEBUG:root:get_visible_tasks() returned: [<core.task.Task object at 0x104e81d30>, <core.task.Task object at 0x104db5220>, <core.task.Task object at 0x105315e50>, <core.task.Task object at 0x105315ee0>]
DEBUG:root:type: <class 'list'>
DEBUG:root:Filter applied f h 
DEBUG:root:get_visible_tasks attr: <bound method TodoApp.get_visible_tasks of TodoApp(title='TodoApp', classes={'-dark-mode'}, pseudo_classes={'dark', 'focus'})>
DEBUG:root:get_visible_tasks: filter_status=Status.HOLD, filter_category=None, sort_key=None, sort_reverse=False
DEBUG:root:get_visible_tasks() returned: []
DEBUG:root:type: <class 'list'>
DEBUG:root:Filter applied f i 
DEBUG:root:get_visible_tasks attr: <bound method TodoApp.get_visible_tasks of TodoApp(title='TodoApp', classes={'-dark-mode'}, pseudo_classes={'dark', 'focus'})>
DEBUG:root:get_visible_tasks: filter_status=Status.IN_PROGRESS, filter_category=None, sort_key=None, sort_reverse=False
DEBUG:root:get_visible_tasks() returned: []
DEBUG:root:type: <class 'list'>
DEBUG:root:Filter applied f a 
DEBUG:root:get_visible_tasks attr: <bound method TodoApp.get_visible_tasks of TodoApp(title='TodoApp', classes={'-dark-mode'}, pseudo_classes={'dark', 'focus'})>
DEBUG:root:get_visible_tasks: filter_status=Status.ACTIVE, filter_category=None, sort_key=None, sort_reverse=False
DEBUG:root:get_visible_tasks() returned: [<core.task.Task object at 0x104e81d30>, <core.task.Task object at 0x104db5220>, <core.task.Task object at 0x105315e50>, <core.task.Task object at 0x105315ee0>]
DEBUG:root:type: <class 'list'>
DEBUG:root:Filter applied f c 
DEBUG:root:get_visible_tasks attr: <bound method TodoApp.get_visible_tasks of TodoApp(title='TodoApp', classes={'-dark-mode'}, pseudo_classes={'dark', 'focus'})>
DEBUG:root:get_visible_tasks: filter_status=Status.CANCELLED, filter_category=None, sort_key=None, sort_reverse=False
DEBUG:root:get_visible_tasks() returned: []
DEBUG:root:type: <class 'list'>
DEBUG:root:Filter applied f i 
DEBUG:root:get_visible_tasks attr: <bound method TodoApp.get_visible_tasks of TodoApp(title='TodoApp', classes={'-dark-mode'}, pseudo_classes={'dark', 'focus'})>
DEBUG:root:get_visible_tasks: filter_status=Status.IN_PROGRESS, filter_category=None, sort_key=None, sort_reverse=False
DEBUG:root:get_visible_tasks() returned: []
DEBUG:root:type: <class 'list'>
DEBUG:root:Filter applied f a 
DEBUG:root:get_visible_tasks attr: <bound method TodoApp.get_visible_tasks of TodoApp(title='TodoApp', classes={'-dark-mode'}, pseudo_classes={'dark', 'focus'})>
DEBUG:root:get_visible_tasks: filter_status=Status.ACTIVE, filter_category=None, sort_key=None, sort_reverse=False
DEBUG:root:get_visible_tasks() returned: [<core.task.Task object at 0x104e81d30>, <core.task.Task object at 0x104db5220>, <core.task.Task object at 0x105315e50>, <core.task.Task object at 0x105315ee0>]
DEBUG:root:type: <class 'list'>
DEBUG:root:Filter applied f i 
DEBUG:root:get_visible_tasks attr: <bound method TodoApp.get_visible_tasks of TodoApp(title='TodoApp', classes={'-dark-mode'}, pseudo_classes={'dark', 'focus'})>
DEBUG:root:get_visible_tasks: filter_status=Status.IN_PROGRESS, filter_category=None, sort_key=None, sort_reverse=False
DEBUG:root:get_visible_tasks() returned: []
DEBUG:root:type: <class 'list'>
DEBUG:root:Filter applied f c 
DEBUG:root:get_visible_tasks attr: <bound method TodoApp.get_visible_tasks of TodoApp(title='TodoApp', classes={'-dark-mode'}, pseudo_classes={'dark', 'focus'})>
DEBUG:root:get_visible_tasks: filter_status=Status.CANCELLED, filter_category=None, sort_key=None, sort_reverse=False
DEBUG:root:get_visible_tasks() returned: []
DEBUG:root:type: <class 'list'>
DEBUG:root:Filter applied f c 
DEBUG:root:get_visible_tasks attr: <bound method TodoApp.get_visible_tasks of TodoApp(title='TodoApp', classes={'-dark-mode'}, pseudo_classes={'dark', 'focus'})>
DEBUG:root:get_visible_tasks: filter_status=Status.CANCELLED, filter_category=None, sort_key=None, sort_reverse=False
DEBUG:root:get_visible_tasks() returned: []
DEBUG:root:type: <class 'list'>
DEBUG:root:Filter applied f a 
DEBUG:root:get_visible_tasks attr: <bound method TodoApp.get_visible_tasks of TodoApp(title='TodoApp', classes={'-dark-mode'}, pseudo_classes={'dark', 'focus'})>
DEBUG:root:get_visible_tasks: filter_status=Status.ACTIVE, filter_category=None, sort_key=None, sort_reverse=False
DEBUG:root:get_visible_tasks() returned: [<core.task.Task object at 0x104e81d30>, <core.task.Task object at 0x104db5220>, <core.task.Task object at 0x105315e50>, <core.task.Task object at 0x105315ee0>]
DEBUG:root:type: <class 'list'>
DEBUG:root:Filter applied f i 
DEBUG:root:get_visible_tasks attr: <bound method TodoApp.get_visible_tasks of TodoApp(title='TodoApp', classes={'-dark-mode'}, pseudo_classes={'dark', 'focus'})>
DEBUG:root:get_visible_tasks: filter_status=Status.IN_PROGRESS, filter_category=None, sort_key=None, sort_reverse=False
DEBUG:root:get_visible_tasks() returned: []
DEBUG:root:type: <class 'list'>
DEBUG:root:Filter applied f a 
DEBUG:root:get_visible_tasks attr: <bound method TodoApp.get_visible_tasks of TodoApp(title='TodoApp', classes={'-dark-mode'}, pseudo_classes={'dark', 'focus'})>
DEBUG:root:get_visible_tasks: filter_status=Status.ACTIVE, filter_category=None, sort_key=None, sort_reverse=False
DEBUG:root:get_visible_tasks() returned: [<core.task.Task object at 0x104e81d30>, <core.task.Task object at 0x104db5220>, <core.task.Task object at 0x105315e50>, <core.task.Task object at 0x105315ee0>]
DEBUG:root:type: <class 'list'>
DEBUG:root:Filter applied f i 
DEBUG:root:get_visible_tasks attr: <bound method TodoApp.get_visible_tasks of TodoApp(title='TodoApp', classes={'-dark-mode'}, pseudo_classes={'dark', 'focus'})>
DEBUG:root:get_visible_tasks: filter_status=Status.IN_PROGRESS, filter_category=None, sort_key=None, sort_reverse=False
DEBUG:root:get_visible_tasks() returned: []
DEBUG:root:type: <class 'list'>
DEBUG:root:Filter applied f i 
DEBUG:root:get_visible_tasks attr: <bound method TodoApp.get_visible_tasks of TodoApp(title='TodoApp', classes={'-dark-mode'}, pseudo_classes={'dark', 'focus'})>
DEBUG:root:get_visible_tasks: filter_status=Status.IN_PROGRESS, filter_category=None, sort_key=None, sort_reverse=False
DEBUG:root:get_visible_tasks() returned: []
DEBUG:root:type: <class 'list'>
DEBUG:root:Filter applied f a 
DEBUG:root:get_visible_tasks attr: <bound method TodoApp.get_visible_tasks of TodoApp(title='TodoApp', classes={'-dark-mode'}, pseudo_classes={'dark', 'focus'})>
DEBUG:root:get_visible_tasks: filter_status=Status.ACTIVE, filter_category=None, sort_key=None, sort_reverse=False
DEBUG:root:get_visible_tasks() returned: [<core.task.Task object at 0x104e81d30>, <core.task.Task object at 0x104db5220>, <core.task.Task object at 0x105315e50>, <core.task.Task object at 0x105315ee0>]
DEBUG:root:type: <class 'list'>
DEBUG:root:Filter applied f c 
DEBUG:root:get_visible_tasks attr: <bound method TodoApp.get_visible_tasks of TodoApp(title='TodoApp', classes={'-dark-mode'}, pseudo_classes={'dark', 'focus'})>
DEBUG:root:get_visible_tasks: filter_status=Status.CANCELLED, filter_category=None, sort_key=None, sort_reverse=False
DEBUG:root:get_visible_tasks() returned: []
DEBUG:root:type: <class 'list'>
DEBUG:root:Filter applied f a 
DEBUG:root:get_visible_tasks attr: <bound method TodoApp.get_visible_tasks of TodoApp(title='TodoApp', classes={'-dark-mode'}, pseudo_classes={'dark', 'focus'})>
DEBUG:root:get_visible_tasks: filter_status=Status.ACTIVE, filter_category=None, sort_key=None, sort_reverse=False
DEBUG:root:get_visible_tasks() returned: [<core.task.Task object at 0x104e81d30>, <core.task.Task object at 0x104db5220>, <core.task.Task object at 0x105315e50>, <core.task.Task object at 0x105315ee0>]
DEBUG:root:type: <class 'list'>
DEBUG:root:Filter applied f a 
DEBUG:root:get_visible_tasks attr: <bound method TodoApp.get_visible_tasks of TodoApp(title='TodoApp', classes={'-dark-mode'}, pseudo_classes={'dark', 'focus'})>
DEBUG:root:get_visible_tasks: filter_status=Status.ACTIVE, filter_category=None, sort_key=None, sort_reverse=False
DEBUG:root:get_visible_tasks() returned: [<core.task.Task object at 0x104e81d30>, <core.task.Task object at 0x104db5220>, <core.task.Task object at 0x105315e50>, <core.task.Task object at 0x105315ee0>]
DEBUG:root:type: <class 'list'>
DEBUG:root:Filter applied f i 
DEBUG:root:get_visible_tasks attr: <bound method TodoApp.get_visible_tasks of TodoApp(title='TodoApp', classes={'-dark-mode'}, pseudo_classes={'dark', 'focus'})>
DEBUG:root:get_visible_tasks: filter_status=Status.IN_PROGRESS, filter_category=None, sort_key=None, sort_reverse=False
DEBUG:root:get_visible_tasks() returned: []
DEBUG:root:type: <class 'list'>
DEBUG:root:Filter applied f a 
DEBUG:root:get_visible_tasks attr: <bound method TodoApp.get_visible_tasks of TodoApp(title='TodoApp', classes={'-dark-mode'}, pseudo_classes={'dark', 'focus'})>
DEBUG:root:get_visible_tasks: filter_status=Status.ACTIVE, filter_category=None, sort_key=None, sort_reverse=False
DEBUG:root:get_visible_tasks() returned: [<core.task.Task object at 0x104e81d30>, <core.task.Task object at 0x104db5220>, <core.task.Task object at 0x105315e50>, <core.task.Task object at 0x105315ee0>]
DEBUG:root:type: <class 'list'>
DEBUG:root:Filter applied f a 
DEBUG:root:get_visible_tasks attr: <bound method TodoApp.get_visible_tasks of TodoApp(title='TodoApp', classes={'-dark-mode'}, pseudo_classes={'dark', 'focus'})>
DEBUG:root:get_visible_tasks: filter_status=Status.ACTIVE, filter_category=None, sort_key=None, sort_reverse=False
DEBUG:root:get_visible_tasks() returned: [<core.task.Task object at 0x104e81d30>, <core.task.Task object at 0x104db5220>, <core.task.Task object at 0x105315e50>, <core.task.Task object at 0x105315ee0>]
DEBUG:root:type: <class 'list'>
DEBUG:root:Filter applied f h 
DEBUG:root:get_visible_tasks attr: <bound method TodoApp.get_visible_tasks of TodoApp(title='TodoApp', classes={'-dark-mode'}, pseudo_classes={'dark', 'focus'})>
DEBUG:root:get_visible_tasks: filter_status=Status.HOLD, filter_category=None, sort_key=None, sort_reverse=False
DEBUG:root:get_visible_tasks() returned: []
DEBUG:root:type: <class 'list'>
DEBUG:root:Filter applied f i 
DEBUG:root:get_visible_tasks attr: <bound method TodoApp.get_visible_tasks of TodoApp(title='TodoApp', classes={'-dark-mode'}, pseudo_classes={'dark', 'focus'})>
DEBUG:root:get_visible_tasks: filter_status=Status.IN_PROGRESS, filter_category=None, sort_key=None, sort_reverse=False
DEBUG:root:get_visible_tasks() returned: []
DEBUG:root:type: <class 'list'>
DEBUG:root:Filter applied f a 
DEBUG:root:get_visible_tasks attr: <bound method TodoApp.get_visible_tasks of TodoApp(title='TodoApp', classes={'-dark-mode'}, pseudo_classes={'dark', 'focus'})>
DEBUG:root:get_visible_tasks: filter_status=Status.ACTIVE, filter_category=None, sort_key=None, sort_reverse=False
DEBUG:root:get_visible_tasks() returned: [<core.task.Task object at 0x104e81d30>, <core.task.Task object at 0x104db5220>, <core.task.Task object at 0x105315e50>, <core.task.Task object at 0x105315ee0>]
DEBUG:root:type: <class 'list'>
DEBUG:root:Filter applied f c 
DEBUG:root:get_visible_tasks attr: <bound method TodoApp.get_visible_tasks of TodoApp(title='TodoApp', classes={'-dark-mode'}, pseudo_classes={'dark', 'focus'})>
DEBUG:root:get_visible_tasks: filter_status=Status.CANCELLED, filter_category=None, sort_key=None, sort_reverse=False
DEBUG:root:get_visible_tasks() returned: []
DEBUG:root:type: <class 'list'>
DEBUG:root:Filter applied f i 
DEBUG:root:get_visible_tasks attr: <bound method TodoApp.get_visible_tasks of TodoApp(title='TodoApp', classes={'-dark-mode'}, pseudo_classes={'dark', 'focus'})>
DEBUG:root:get_visible_tasks: filter_status=Status.IN_PROGRESS, filter_category=None, sort_key=None, sort_reverse=False
DEBUG:root:get_visible_tasks() returned: []
DEBUG:root:type: <class 'list'>
DEBUG:root:Filter applied f c 
DEBUG:root:get_visible_tasks attr: <bound method TodoApp.get_visible_tasks of TodoApp(title='TodoApp', classes={'-dark-mode'}, pseudo_classes={'dark', 'focus'})>
DEBUG:root:get_visible_tasks: filter_status=Status.CANCELLED, filter_category=None, sort_key=None, sort_reverse=False
DEBUG:root:get_visible_tasks() returned: []
DEBUG:root:type: <class 'list'>
DEBUG:root:Filter applied f a 
DEBUG:root:get_visible_tasks attr: <bound method TodoApp.get_visible_tasks of TodoApp(title='TodoApp', classes={'-dark-mode'}, pseudo_classes={'dark', 'focus'})>
DEBUG:root:get_visible_tasks: filter_status=Status.ACTIVE, filter_category=None, sort_key=None, sort_reverse=False
DEBUG:root:get_visible_tasks() returned: [<core.task.Task object at 0x104e81d30>, <core.task.Task object at 0x104db5220>, <core.task.Task object at 0x105315e50>, <core.task.Task object at 0x105315ee0>]
DEBUG:root:type: <class 'list'>
DEBUG:root:Filter applied f i 
DEBUG:root:get_visible_tasks attr: <bound method TodoApp.get_visible_tasks of TodoApp(title='TodoApp', classes={'-dark-mode'}, pseudo_classes={'dark', 'focus'})>
DEBUG:root:get_visible_tasks: filter_status=Status.IN_PROGRESS, filter_category=None, sort_key=None, sort_reverse=False
DEBUG:root:get_visible_tasks() returned: []
DEBUG:root:type: <class 'list'>
DEBUG:root:Filter applied f a 
DEBUG:root:get_visible_tasks attr: <bound method TodoApp.get_visible_tasks of TodoApp(title='TodoApp', classes={'-dark-mode'}, pseudo_classes={'dark', 'focus'})>
DEBUG:root:get_visible_tasks: filter_status=Status.ACTIVE, filter_category=None, sort_key=None, sort_reverse=False
DEBUG:root:get_visible_tasks() returned: [<core.task.Task object at 0x104e81d30>, <core.task.Task object at 0x104db5220>, <core.task.Task object at 0x105315e50>, <core.task.Task object at 0x105315ee0>]
DEBUG:root:type: <class 'list'>
DEBUG:root:Filter applied f i 
DEBUG:root:get_visible_tasks attr: <bound method TodoApp.get_visible_tasks of TodoApp(title='TodoApp', classes={'-dark-mode'}, pseudo_classes={'dark', 'focus'})>
DEBUG:root:get_visible_tasks: filter_status=Status.IN_PROGRESS, filter_category=None, sort_key=None, sort_reverse=False
DEBUG:root:get_visible_tasks() returned: []
DEBUG:root:type: <class 'list'>
DEBUG:root:Filter applied f a 
DEBUG:root:get_visible_tasks attr: <bound method TodoApp.get_visible_tasks of TodoApp(title='TodoApp', classes={'-dark-mode'}, pseudo_classes={'dark', 'focus'})>
DEBUG:root:get_visible_tasks: filter_status=Status.ACTIVE, filter_category=None, sort_key=None, sort_reverse=False
DEBUG:root:get_visible_tasks() returned: [<core.task.Task object at 0x104e81d30>, <core.task.Task object at 0x104db5220>, <core.task.Task object at 0x105315e50>, <core.task.Task object at 0x105315ee0>]
DEBUG:root:type: <class 'list'>
DEBUG:root:Filter applied f i 
DEBUG:root:get_visible_tasks attr: <bound method TodoApp.get_visible_tasks of TodoApp(title='TodoApp', classes={'-dark-mode'}, pseudo_classes={'dark', 'focus'})>
DEBUG:root:get_visible_tasks: filter_status=Status.IN_PROGRESS, filter_category=None, sort_key=None, sort_reverse=False
DEBUG:root:get_visible_tasks() returned: []
DEBUG:root:type: <class 'list'>
DEBUG:root:Filter applied f i 
DEBUG:root:get_visible_tasks attr: <bound method TodoApp.get_visible_tasks of TodoApp(title='TodoApp', classes={'-dark-mode'}, pseudo_classes={'dark', 'focus'})>
DEBUG:root:get_visible_tasks: filter_status=Status.IN_PROGRESS, filter_category=None, sort_key=None, sort_reverse=False
DEBUG:root:get_visible_tasks() returned: []
DEBUG:root:type: <class 'list'>
DEBUG:root:Filter applied f a 
DEBUG:root:get_visible_tasks attr: <bound method TodoApp.get_visible_tasks of TodoApp(title='TodoApp', classes={'-dark-mode'}, pseudo_classes={'dark', 'focus'})>
DEBUG:root:get_visible_tasks: filter_status=Status.ACTIVE, filter_category=None, sort_key=None, sort_reverse=False
DEBUG:root:get_visible_tasks() returned: [<core.task.Task object at 0x104e81d30>, <core.task.Task object at 0x104db5220>, <core.task.Task object at 0x105315e50>, <core.task.Task object at 0x105315ee0>]
DEBUG:root:type: <class 'list'>
DEBUG:root:Filter applied f x 
DEBUG:root:get_visible_tasks attr: <bound method TodoApp.get_visible_tasks of TodoApp(title='TodoApp', classes={'-dark-mode'}, pseudo_classes={'dark', 'focus'})>
DEBUG:root:get_visible_tasks: filter_status=None, filter_category=None, sort_key=None, sort_reverse=False
DEBUG:root:get_visible_tasks() returned: [<core.task.Task object at 0x104e81d30>, <core.task.Task object at 0x104db5220>, <core.task.Task object at 0x105315e50>, <core.task.Task object at 0x105315ee0>]
DEBUG:root:type: <class 'list'>
DEBUG:root:Filter applied f a 
DEBUG:root:get_visible_tasks attr: <bound method TodoApp.get_visible_tasks of TodoApp(title='TodoApp', classes={'-dark-mode'}, pseudo_classes={'dark', 'focus'})>
DEBUG:root:get_visible_tasks: filter_status=Status.ACTIVE, filter_category=None, sort_key=None, sort_reverse=False
DEBUG:root:get_visible_tasks() returned: [<core.task.Task object at 0x104e81d30>, <core.task.Task object at 0x104db5220>, <core.task.Task object at 0x105315e50>, <core.task.Task object at 0x105315ee0>]
DEBUG:root:type: <class 'list'>
DEBUG:root:Filter applied f a 
DEBUG:root:get_visible_tasks attr: <bound method TodoApp.get_visible_tasks of TodoApp(title='TodoApp', classes={'-dark-mode'}, pseudo_classes={'dark', 'focus'})>
DEBUG:root:get_visible_tasks: filter_status=Status.ACTIVE, filter_category=None, sort_key=None, sort_reverse=False
DEBUG:root:get_visible_tasks() returned: [<core.task.Task object at 0x104e81d30>, <core.task.Task object at 0x104db5220>, <core.task.Task object at 0x105315e50>, <core.task.Task object at 0x105315ee0>]
DEBUG:root:type: <class 'list'>
DEBUG:root:Filter applied f i 
DEBUG:root:get_visible_tasks attr: <bound method TodoApp.get_visible_tasks of TodoApp(title='TodoApp', classes={'-dark-mode'}, pseudo_classes={'dark', 'focus'})>
DEBUG:root:get_visible_tasks: filter_status=Status.IN_PROGRESS, filter_category=None, sort_key=None, sort_reverse=False
DEBUG:root:get_visible_tasks() returned: []
DEBUG:root:type: <class 'list'>
DEBUG:root:Filter applied f a 
DEBUG:root:get_visible_tasks attr: <bound method TodoApp.get_visible_tasks of TodoApp(title='TodoApp', classes={'-dark-mode'}, pseudo_classes={'dark', 'focus'})>
DEBUG:root:get_visible_tasks: filter_status=Status.ACTIVE, filter_category=None, sort_key=None, sort_reverse=False
DEBUG:root:get_visible_tasks() returned: [<core.task.Task object at 0x104e81d30>, <core.task.Task object at 0x104db5220>, <core.task.Task object at 0x105315e50>, <core.task.Task object at 0x105315ee0>]
DEBUG:root:type: <class 'list'>
DEBUG:root:Filter applied f a 
DEBUG:root:get_visible_tasks attr: <bound method TodoApp.get_visible_tasks of TodoApp(title='TodoApp', classes={'-dark-mode'}, pseudo_classes={'dark', 'focus'})>
DEBUG:root:get_visible_tasks: filter_status=Status.ACTIVE, filter_category=None, sort_key=None, sort_reverse=False
DEBUG:root:get_visible_tasks() returned: [<core.task.Task object at 0x104e81d30>, <core.task.Task object at 0x104db5220>, <core.task.Task object at 0x105315e50>, <core.task.Task object at 0x105315ee0>]
DEBUG:root:type: <class 'list'>
DEBUG:root:Filter applied f i 
DEBUG:root:get_visible_tasks attr: <bound method TodoApp.get_visible_tasks of TodoApp(title='TodoApp', classes={'-dark-mode'}, pseudo_classes={'dark', 'focus'})>
DEBUG:root:get_visible_tasks: filter_status=Status.IN_PROGRESS, filter_category=None, sort_key=None, sort_reverse=False
DEBUG:root:get_visible_tasks() returned: []
DEBUG:root:type: <class 'list'>
DEBUG:root:Filter applied f c 
DEBUG:root:get_visible_tasks attr: <bound method TodoApp.get_visible_tasks of TodoApp(title='TodoApp', classes={'-dark-mode'}, pseudo_classes={'dark', 'focus'})>
DEBUG:root:get_visible_tasks: filter_status=Status.CANCELLED, filter_category=None, sort_key=None, sort_reverse=False
DEBUG:root:get_visible_tasks() returned: []
DEBUG:root:type: <class 'list'>
DEBUG:root:Filter applied f a 
DEBUG:root:get_visible_tasks attr: <bound method TodoApp.get_visible_tasks of TodoApp(title='TodoApp', classes={'-dark-mode'}, pseudo_classes={'dark', 'focus'})>
DEBUG:root:get_visible_tasks: filter_status=Status.ACTIVE, filter_category=None, sort_key=None, sort_reverse=False
DEBUG:root:get_visible_tasks() returned: [<core.task.Task object at 0x104e81d30>, <core.task.Task object at 0x104db5220>, <core.task.Task object at 0x105315e50>, <core.task.Task object at 0x105315ee0>]
DEBUG:root:type: <class 'list'>
DEBUG:root:Filter applied f a 
DEBUG:root:get_visible_tasks attr: <bound method TodoApp.get_visible_tasks of TodoApp(title='TodoApp', classes={'-dark-mode'}, pseudo_classes={'dark', 'focus'})>
DEBUG:root:get_visible_tasks: filter_status=Status.ACTIVE, filter_category=None, sort_key=None, sort_reverse=False
DEBUG:root:get_visible_tasks() returned: [<core.task.Task object at 0x104e81d30>, <core.task.Task object at 0x104db5220>, <core.task.Task object at 0x105315e50>, <core.task.Task object at 0x105315ee0>]
DEBUG:root:type: <class 'list'>
DEBUG:root:Filter applied f h 
DEBUG:root:get_visible_tasks attr: <bound method TodoApp.get_visible_tasks of TodoApp(title='TodoApp', classes={'-dark-mode'}, pseudo_classes={'dark', 'focus'})>
DEBUG:root:get_visible_tasks: filter_status=Status.HOLD, filter_category=None, sort_key=None, sort_reverse=False
DEBUG:root:get_visible_tasks() returned: []
DEBUG:root:type: <class 'list'>
DEBUG:root:Filter applied f i 
DEBUG:root:get_visible_tasks attr: <bound method TodoApp.get_visible_tasks of TodoApp(title='TodoApp', classes={'-dark-mode'}, pseudo_classes={'dark', 'focus'})>
DEBUG:root:get_visible_tasks: filter_status=Status.IN_PROGRESS, filter_category=None, sort_key=None, sort_reverse=False
DEBUG:root:get_visible_tasks() returned: []
DEBUG:root:type: <class 'list'>
DEBUG:root:Add Task event: Test | powerbi
DEBUG:root:get_visible_tasks attr: <bound method TodoApp.get_visible_tasks of TodoApp(title='TodoApp', classes={'-dark-mode'}, pseudo_classes={'dark', 'focus'})>
DEBUG:root:get_visible_tasks: filter_status=Status.IN_PROGRESS, filter_category=None, sort_key=None, sort_reverse=False
DEBUG:root:get_visible_tasks() returned: []
DEBUG:root:type: <class 'list'>
DEBUG:root:Update Summary -- Total 5
DEBUG:root:Update Summary -- Active 5
DEBUG:root:Update Summary -- Progress 0
DEBUG:root:Update Summary -- Hold 0
DEBUG:root:Filter applied f x 
DEBUG:root:get_visible_tasks attr: <bound method TodoApp.get_visible_tasks of TodoApp(title='TodoApp', classes={'-dark-mode'}, pseudo_classes={'dark', 'focus'})>
DEBUG:root:get_visible_tasks: filter_status=None, filter_category=None, sort_key=None, sort_reverse=False
DEBUG:root:get_visible_tasks() returned: [<core.task.Task object at 0x104e81d30>, <core.task.Task object at 0x104db5220>, <core.task.Task object at 0x105315e50>, <core.task.Task object at 0x105315ee0>, <core.task.Task object at 0x10612f7d0>]
DEBUG:root:type: <class 'list'>
DEBUG:asyncio:Using selector: KqueueSelector
DEBUG:root:get_visible_tasks attr: <bound method TodoApp.get_visible_tasks of TodoApp(title='TodoApp', classes={'-dark-mode'}, pseudo_classes={'focus', 'dark'})>
DEBUG:root:get_visible_tasks: filter_status=None, filter_category=None, sort_key=None, sort_reverse=False
DEBUG:root:get_visible_tasks() returned: [<core.task.Task object at 0x102f6bf20>, <core.task.Task object at 0x102f69a90>, <core.task.Task object at 0x102f922a0>, <core.task.Task object at 0x102f91d60>, <core.task.Task object at 0x102f91e80>]
DEBUG:root:type: <class 'list'>
DEBUG:root:Update Summary -- Total 5
DEBUG:root:Update Summary -- Active 5
DEBUG:root:Update Summary -- Progress 0
DEBUG:root:Update Summary -- Hold 0
DEBUG:root:Selected category: powerbi
DEBUG:asyncio:Using selector: KqueueSelector
DEBUG:root:get_visible_tasks attr: <bound method TodoApp.get_visible_tasks of TodoApp(title='TodoApp', classes={'-dark-mode'}, pseudo_classes={'focus', 'dark'})>
DEBUG:root:get_visible_tasks: filter_status=None, filter_category=None, sort_key=None, sort_reverse=False
DEBUG:root:get_visible_tasks() returned: [<core.task.Task object at 0x102833860>, <core.task.Task object at 0x102831700>, <core.task.Task object at 0x10285a030>, <core.task.Task object at 0x102859e80>, <core.task.Task object at 0x102859bb0>]
DEBUG:root:type: <class 'list'>
DEBUG:root:Update Summary -- Total 5
DEBUG:root:Update Summary -- Active 5
DEBUG:root:Update Summary -- Progress 0
DEBUG:root:Update Summary -- Hold 0
DEBUG:asyncio:Using selector: KqueueSelector
DEBUG:root:get_visible_tasks attr: <bound method TodoApp.get_visible_tasks of TodoApp(title='TodoApp', classes={'-dark-mode'}, pseudo_classes={'focus', 'dark'})>
DEBUG:root:get_visible_tasks: filter_status=None, filter_category=None, sort_key=None, sort_reverse=False
DEBUG:root:get_visible_tasks() returned: [<core.task.Task object at 0x10498fe90>, <core.task.Task object at 0x10498e810>, <core.task.Task object at 0x1049ba1b0>, <core.task.Task object at 0x1049b9c40>, <core.task.Task object at 0x1049b9d60>]
DEBUG:root:type: <class 'list'>
DEBUG:root:Update Summary -- Total 5
DEBUG:root:Update Summary -- Active 5
DEBUG:root:Update Summary -- Progress 0
DEBUG:root:Update Summary -- Hold 0
DEBUG:asyncio:Using selector: KqueueSelector
DEBUG:root:get_visible_tasks attr: <bound method TodoApp.get_visible_tasks of TodoApp(title='TodoApp', classes={'-dark-mode'}, pseudo_classes={'focus', 'dark'})>
DEBUG:root:get_visible_tasks: filter_status=None, filter_category=None, sort_key=None, sort_reverse=False
DEBUG:root:get_visible_tasks() returned: [<core.task.Task object at 0x105b6b8f0>, <core.task.Task object at 0x105b6a7e0>, <core.task.Task object at 0x105b920c0>, <core.task.Task object at 0x105b91d00>, <core.task.Task object at 0x105b91be0>]
DEBUG:root:type: <class 'list'>
DEBUG:root:Update Summary -- Total 5
DEBUG:root:Update Summary -- Active 5
DEBUG:root:Update Summary -- Progress 0
DEBUG:root:Update Summary -- Hold 0
DEBUG:asyncio:Using selector: KqueueSelector
DEBUG:root:get_visible_tasks attr: <bound method TodoApp.get_visible_tasks of TodoApp(title='TodoApp', classes={'-dark-mode'}, pseudo_classes={'dark', 'focus'})>
DEBUG:root:get_visible_tasks: filter_status=None, filter_category=None, sort_key=None, sort_reverse=False
DEBUG:root:get_visible_tasks() returned: [<core.task.Task object at 0x1063efdd0>, <core.task.Task object at 0x1063ef9b0>, <core.task.Task object at 0x106416180>, <core.task.Task object at 0x106415d90>, <core.task.Task object at 0x1064166f0>]
DEBUG:root:type: <class 'list'>
DEBUG:root:Update Summary -- Total 5
DEBUG:root:Update Summary -- Active 5
DEBUG:root:Update Summary -- Progress 0
DEBUG:root:Update Summary -- Hold 0
DEBUG:asyncio:Using selector: KqueueSelector
DEBUG:root:get_visible_tasks attr: <bound method TodoApp.get_visible_tasks of TodoApp(title='TodoApp', classes={'-dark-mode'}, pseudo_classes={'focus', 'dark'})>
DEBUG:root:get_visible_tasks: filter_status=None, filter_category=None, sort_key=None, sort_reverse=False
DEBUG:root:get_visible_tasks() returned: [<core.task.Task object at 0x10637e960>, <core.task.Task object at 0x10637e990>, <core.task.Task object at 0x1063a5130>, <core.task.Task object at 0x1063a5c70>, <core.task.Task object at 0x1063a5c10>]
DEBUG:root:type: <class 'list'>
DEBUG:root:Update Summary -- Total 5
DEBUG:root:Update Summary -- Active 5
DEBUG:root:Update Summary -- Progress 0
DEBUG:root:Update Summary -- Hold 0
DEBUG:root:Selected category: ('Label()', True)
DEBUG:root:Selected category: Label(), include: True
DEBUG:root:get_visible_tasks attr: <bound method TodoApp.get_visible_tasks of TodoApp(title='TodoApp', classes={'-dark-mode'}, pseudo_classes={'focus', 'dark'})>
DEBUG:root:get_visible_tasks: filter_status=None, filter_category=Label(), sort_key=None, sort_reverse=False
DEBUG:root:get_visible_tasks() returned: []
DEBUG:root:type: <class 'list'>
DEBUG:asyncio:Using selector: KqueueSelector
DEBUG:root:get_visible_tasks attr: <bound method TodoApp.get_visible_tasks of TodoApp(title='TodoApp', classes={'-dark-mode'}, pseudo_classes={'focus', 'dark'})>
DEBUG:root:get_visible_tasks: filter_status=None, filter_category=None, sort_key=None, sort_reverse=False
DEBUG:root:get_visible_tasks() returned: [<core.task.Task object at 0x1028009b0>, <core.task.Task object at 0x1028019d0>, <core.task.Task object at 0x10282a240>, <core.task.Task object at 0x10282a090>, <core.task.Task object at 0x102829dc0>]
DEBUG:root:type: <class 'list'>
DEBUG:root:Update Summary -- Total 5
DEBUG:root:Update Summary -- Active 5
DEBUG:root:Update Summary -- Progress 0
DEBUG:root:Update Summary -- Hold 0
DEBUG:root:Selected category: ('test', True)
DEBUG:root:Selected category: test, include: True
DEBUG:root:get_visible_tasks attr: <bound method TodoApp.get_visible_tasks of TodoApp(title='TodoApp', classes={'-dark-mode'}, pseudo_classes={'focus', 'dark'})>
DEBUG:root:get_visible_tasks: filter_status=None, filter_category=test, sort_key=None, sort_reverse=False
DEBUG:root:get_visible_tasks() returned: [<core.task.Task object at 0x1028019d0>]
DEBUG:root:type: <class 'list'>
DEBUG:root:Selected category: ('test', True)
DEBUG:root:Selected category: test, include: True
DEBUG:root:get_visible_tasks attr: <bound method TodoApp.get_visible_tasks of TodoApp(title='TodoApp', classes={'-dark-mode'}, pseudo_classes={'focus', 'dark'})>
DEBUG:root:get_visible_tasks: filter_status=None, filter_category=test, sort_key=None, sort_reverse=False
DEBUG:root:get_visible_tasks() returned: [<core.task.Task object at 0x1028019d0>]
DEBUG:root:type: <class 'list'>
DEBUG:asyncio:Using selector: KqueueSelector
DEBUG:root:get_visible_tasks attr: <bound method TodoApp.get_visible_tasks of TodoApp(title='TodoApp', classes={'-dark-mode'}, pseudo_classes={'dark', 'focus'})>
DEBUG:root:get_visible_tasks: filter_status=None, filter_category=None, sort_key=None, sort_reverse=False
DEBUG:root:get_visible_tasks() returned: [<core.task.Task object at 0x1046c69f0>, <core.task.Task object at 0x1045bd220>, <core.task.Task object at 0x1046c7f80>, <core.task.Task object at 0x1046ea1b0>, <core.task.Task object at 0x1046e9d90>]
DEBUG:root:type: <class 'list'>
DEBUG:root:Update Summary -- Total 5
DEBUG:root:Update Summary -- Active 5
DEBUG:root:Update Summary -- Progress 0
DEBUG:root:Update Summary -- Hold 0
DEBUG:root:Selected category: test
DEBUG:asyncio:Using selector: KqueueSelector
DEBUG:root:get_visible_tasks attr: <bound method TodoApp.get_visible_tasks of TodoApp(title='TodoApp', classes={'-dark-mode'}, pseudo_classes={'dark', 'focus'})>
DEBUG:root:get_visible_tasks: filter_status=None, filter_category=None, sort_key=None, sort_reverse=False
DEBUG:root:get_visible_tasks() returned: [<core.task.Task object at 0x10776c620>, <core.task.Task object at 0x10776fa40>, <core.task.Task object at 0x1077962a0>, <core.task.Task object at 0x1077960c0>, <core.task.Task object at 0x107795fa0>]
DEBUG:root:type: <class 'list'>
DEBUG:root:Update Summary -- Total 5
DEBUG:root:Update Summary -- Active 5
DEBUG:root:Update Summary -- Progress 0
DEBUG:root:Update Summary -- Hold 0
DEBUG:root:Selected category: ('test', True)
DEBUG:root:Selected category: test, include: True
DEBUG:root:get_visible_tasks attr: <bound method TodoApp.get_visible_tasks of TodoApp(title='TodoApp', classes={'-dark-mode'}, pseudo_classes={'dark', 'focus'})>
DEBUG:root:get_visible_tasks: filter_status=None, filter_category=test, sort_key=None, sort_reverse=False
DEBUG:root:get_visible_tasks() returned: [<core.task.Task object at 0x10776fa40>]
DEBUG:root:type: <class 'list'>
DEBUG:root:Selected category: ('test', True)
DEBUG:root:Selected category: test, include: True
DEBUG:root:get_visible_tasks attr: <bound method TodoApp.get_visible_tasks of TodoApp(title='TodoApp', classes={'-dark-mode'}, pseudo_classes={'dark', 'focus'})>
DEBUG:root:get_visible_tasks: filter_status=None, filter_category=test, sort_key=None, sort_reverse=False
DEBUG:root:get_visible_tasks() returned: [<core.task.Task object at 0x10776fa40>]
DEBUG:root:type: <class 'list'>
DEBUG:asyncio:Using selector: KqueueSelector
DEBUG:root:get_visible_tasks attr: <bound method TodoApp.get_visible_tasks of TodoApp(title='TodoApp', classes={'-dark-mode'}, pseudo_classes={'focus', 'dark'})>
DEBUG:root:get_visible_tasks: filter_status=None, filter_category=None, sort_key=None, sort_reverse=False
DEBUG:root:get_visible_tasks() returned: [<core.task.Task object at 0x104a825d0>, <core.task.Task object at 0x104a80770>, <core.task.Task object at 0x104aaa330>, <core.task.Task object at 0x104aa9d90>, <core.task.Task object at 0x104aa9df0>]
DEBUG:root:type: <class 'list'>
DEBUG:root:Update Summary -- Total 5
DEBUG:root:Update Summary -- Active 5
DEBUG:root:Update Summary -- Progress 0
DEBUG:root:Update Summary -- Hold 0
DEBUG:root:Selected category: ('test', True)
DEBUG:root:Selected category: test, include: True
DEBUG:root:get_visible_tasks attr: <bound method TodoApp.get_visible_tasks of TodoApp(title='TodoApp', classes={'-dark-mode'}, pseudo_classes={'focus', 'dark'})>
DEBUG:root:get_visible_tasks: filter_status=None, filter_category=test, sort_key=None, sort_reverse=False
DEBUG:root:get_visible_tasks() returned: [<core.task.Task object at 0x104a80770>]
DEBUG:root:type: <class 'list'>
DEBUG:root:Selected category: ('powerbi', True)
DEBUG:root:Selected category: powerbi, include: True
DEBUG:root:get_visible_tasks attr: <bound method TodoApp.get_visible_tasks of TodoApp(title='TodoApp', classes={'-dark-mode'}, pseudo_classes={'focus', 'dark'})>
DEBUG:root:get_visible_tasks: filter_status=None, filter_category=powerbi, sort_key=None, sort_reverse=False
DEBUG:root:get_visible_tasks() returned: [<core.task.Task object at 0x104a825d0>, <core.task.Task object at 0x104aa9df0>]
DEBUG:root:type: <class 'list'>
DEBUG:root:Selected category: ('powerbi', True)
DEBUG:root:Selected category: powerbi, include: True
DEBUG:root:get_visible_tasks attr: <bound method TodoApp.get_visible_tasks of TodoApp(title='TodoApp', classes={'-dark-mode'}, pseudo_classes={'focus', 'dark'})>
DEBUG:root:get_visible_tasks: filter_status=None, filter_category=powerbi, sort_key=None, sort_reverse=False
DEBUG:root:get_visible_tasks() returned: [<core.task.Task object at 0x104a825d0>, <core.task.Task object at 0x104aa9df0>]
DEBUG:root:type: <class 'list'>
DEBUG:root:Selected category: ('new query', True)
DEBUG:root:Selected category: new query, include: True
DEBUG:root:get_visible_tasks attr: <bound method TodoApp.get_visible_tasks of TodoApp(title='TodoApp', classes={'-dark-mode'}, pseudo_classes={'focus', 'dark'})>
DEBUG:root:get_visible_tasks: filter_status=None, filter_category=new query, sort_key=None, sort_reverse=False
DEBUG:root:get_visible_tasks() returned: [<core.task.Task object at 0x104aa9d90>]
DEBUG:root:type: <class 'list'>
DEBUG:asyncio:Using selector: KqueueSelector
DEBUG:root:get_visible_tasks attr: <bound method TodoApp.get_visible_tasks of TodoApp(title='TodoApp', classes={'-dark-mode'}, pseudo_classes={'focus', 'dark'})>
DEBUG:root:get_visible_tasks: filter_status=None, filter_category=None, sort_key=None, sort_reverse=False
DEBUG:root:get_visible_tasks() returned: [<core.task.Task object at 0x106c73cb0>, <core.task.Task object at 0x106c72750>, <core.task.Task object at 0x106c96240>, <core.task.Task object at 0x106c95ca0>, <core.task.Task object at 0x106c95d00>]
DEBUG:root:type: <class 'list'>
DEBUG:root:Update Summary -- Total 5
DEBUG:root:Update Summary -- Active 5
DEBUG:root:Update Summary -- Progress 0
DEBUG:root:Update Summary -- Hold 0
DEBUG:root:Selected category: ('powerbi', True)
DEBUG:root:Selected category: powerbi, include: True
DEBUG:root:get_visible_tasks attr: <bound method TodoApp.get_visible_tasks of TodoApp(title='TodoApp', classes={'-dark-mode'}, pseudo_classes={'focus', 'dark'})>
DEBUG:root:get_visible_tasks: filter_status=None, filter_category=powerbi, sort_key=None, sort_reverse=False
DEBUG:root:get_visible_tasks() returned: [<core.task.Task object at 0x106c73cb0>, <core.task.Task object at 0x106c95d00>]
DEBUG:root:type: <class 'list'>
DEBUG:root:Selected category: ('test', True)
DEBUG:root:Selected category: test, include: True
DEBUG:root:get_visible_tasks attr: <bound method TodoApp.get_visible_tasks of TodoApp(title='TodoApp', classes={'-dark-mode'}, pseudo_classes={'focus', 'dark'})>
DEBUG:root:get_visible_tasks: filter_status=None, filter_category=test, sort_key=None, sort_reverse=False
DEBUG:root:get_visible_tasks() returned: [<core.task.Task object at 0x106c72750>]
DEBUG:root:type: <class 'list'>
DEBUG:root:Selected category: ('powerbi', True)
DEBUG:root:Selected category: powerbi, include: True
DEBUG:root:get_visible_tasks attr: <bound method TodoApp.get_visible_tasks of TodoApp(title='TodoApp', classes={'-dark-mode'}, pseudo_classes={'focus', 'dark'})>
DEBUG:root:get_visible_tasks: filter_status=None, filter_category=powerbi, sort_key=None, sort_reverse=False
DEBUG:root:get_visible_tasks() returned: [<core.task.Task object at 0x106c73cb0>, <core.task.Task object at 0x106c95d00>]
DEBUG:root:type: <class 'list'>
DEBUG:asyncio:Using selector: KqueueSelector
DEBUG:root:get_visible_tasks attr: <bound method TodoApp.get_visible_tasks of TodoApp(title='TodoApp', classes={'-dark-mode'}, pseudo_classes={'dark', 'focus'})>
DEBUG:root:get_visible_tasks: filter_status=None, filter_category=None, sort_key=None, sort_reverse=False
DEBUG:root:get_visible_tasks() returned: [<core.task.Task object at 0x103cabec0>, <core.task.Task object at 0x103ca9af0>, <core.task.Task object at 0x103cce270>, <core.task.Task object at 0x103cce0c0>, <core.task.Task object at 0x103ccde20>]
DEBUG:root:type: <class 'list'>
DEBUG:root:Update Summary -- Total 5
DEBUG:root:Update Summary -- Active 5
DEBUG:root:Update Summary -- Progress 0
DEBUG:root:Update Summary -- Hold 0
DEBUG:root:Selected category: ('powerbi', True)
DEBUG:root:Selected category: powerbi, include: True
DEBUG:root:get_visible_tasks attr: <bound method TodoApp.get_visible_tasks of TodoApp(title='TodoApp', classes={'-dark-mode'}, pseudo_classes={'dark', 'focus'})>
DEBUG:root:get_visible_tasks: filter_status=None, filter_category=powerbi, sort_key=None, sort_reverse=False
DEBUG:root:get_visible_tasks() returned: [<core.task.Task object at 0x103cabec0>, <core.task.Task object at 0x103ccde20>]
DEBUG:root:type: <class 'list'>
DEBUG:asyncio:Using selector: KqueueSelector
DEBUG:root:get_visible_tasks attr: <bound method TodoApp.get_visible_tasks of TodoApp(title='TodoApp', classes={'-dark-mode'}, pseudo_classes={'dark', 'focus'})>
DEBUG:root:get_visible_tasks: filter_status=None, filter_category=None, sort_key=None, sort_reverse=False
DEBUG:root:get_visible_tasks() returned: [<core.task.Task object at 0x103682de0>, <core.task.Task object at 0x1036809e0>, <core.task.Task object at 0x1036827b0>, <core.task.Task object at 0x103682540>, <core.task.Task object at 0x1036a6420>]
DEBUG:root:type: <class 'list'>
DEBUG:root:Update Summary -- Total 5
DEBUG:root:Update Summary -- Active 5
DEBUG:root:Update Summary -- Progress 0
DEBUG:root:Update Summary -- Hold 0
DEBUG:root:Selected category: ('test', 'include')
DEBUG:root:Selected category: test, include: include
DEBUG:root:get_visible_tasks attr: <bound method TodoApp.get_visible_tasks of TodoApp(title='TodoApp', classes={'-dark-mode'}, pseudo_classes={'dark', 'focus'})>
DEBUG:root:get_visible_tasks: filter_status=None, filter_category=test, sort_key=None, sort_reverse=False
DEBUG:root:get_visible_tasks() returned: [<core.task.Task object at 0x1036809e0>]
DEBUG:root:type: <class 'list'>
DEBUG:root:Selected category: ('powerbi', 'include')
DEBUG:root:Selected category: powerbi, include: include
DEBUG:root:get_visible_tasks attr: <bound method TodoApp.get_visible_tasks of TodoApp(title='TodoApp', classes={'-dark-mode'}, pseudo_classes={'dark', 'focus'})>
DEBUG:root:get_visible_tasks: filter_status=None, filter_category=powerbi, sort_key=None, sort_reverse=False
DEBUG:root:get_visible_tasks() returned: [<core.task.Task object at 0x103682de0>, <core.task.Task object at 0x1036a6420>]
DEBUG:root:type: <class 'list'>
DEBUG:asyncio:Using selector: KqueueSelector
DEBUG:root:get_visible_tasks attr: <bound method TodoApp.get_visible_tasks of TodoApp(title='TodoApp', classes={'-dark-mode'}, pseudo_classes={'focus', 'dark'})>
DEBUG:root:get_visible_tasks: filter_status=None, filter_category=None, sort_key=None, sort_reverse=False
DEBUG:root:get_visible_tasks() returned: [<core.task.Task object at 0x10205ff80>, <core.task.Task object at 0x10205d760>, <core.task.Task object at 0x102086030>, <core.task.Task object at 0x102085af0>, <core.task.Task object at 0x102085b50>]
DEBUG:root:type: <class 'list'>
DEBUG:root:Update Summary -- Total 5
DEBUG:root:Update Summary -- Active 5
DEBUG:root:Update Summary -- Progress 0
DEBUG:root:Update Summary -- Hold 0
DEBUG:root:Selected category: ('test', 'include')
DEBUG:root:Selected category: test, include: include
DEBUG:root:get_visible_tasks attr: <bound method TodoApp.get_visible_tasks of TodoApp(title='TodoApp', classes={'-dark-mode'}, pseudo_classes={'focus', 'dark'})>
DEBUG:root:get_visible_tasks: filter_status=None, filter_category=test, sort_key=None, sort_reverse=False
DEBUG:root:get_visible_tasks() returned: [<core.task.Task object at 0x10205d760>]
DEBUG:root:type: <class 'list'>
DEBUG:root:Selected category: ('test', 'include')
DEBUG:root:Selected category: test, include: include
DEBUG:root:get_visible_tasks attr: <bound method TodoApp.get_visible_tasks of TodoApp(title='TodoApp', classes={'-dark-mode'}, pseudo_classes={'focus', 'dark'})>
DEBUG:root:get_visible_tasks: filter_status=None, filter_category=test, sort_key=None, sort_reverse=False
DEBUG:root:get_visible_tasks() returned: [<core.task.Task object at 0x10205d760>]
DEBUG:root:type: <class 'list'>
DEBUG:asyncio:Using selector: KqueueSelector
DEBUG:root:get_visible_tasks attr: <bound method TodoApp.get_visible_tasks of TodoApp(title='TodoApp', classes={'-dark-mode'}, pseudo_classes={'focus', 'dark'})>
DEBUG:root:get_visible_tasks: filter_status=None, filter_category=None, sort_key=None, sort_reverse=False
DEBUG:root:get_visible_tasks() returned: [<core.task.Task object at 0x1067ebd10>, <core.task.Task object at 0x1067e9a30>, <core.task.Task object at 0x106812210>, <core.task.Task object at 0x106811c70>, <core.task.Task object at 0x106811d90>]
DEBUG:root:type: <class 'list'>
DEBUG:root:Update Summary -- Total 5
DEBUG:root:Update Summary -- Active 5
DEBUG:root:Update Summary -- Progress 0
DEBUG:root:Update Summary -- Hold 0
DEBUG:root:Selected category: ('test', Content('Exclude'))
DEBUG:root:Selected category: test, include: Exclude
DEBUG:root:get_visible_tasks attr: <bound method TodoApp.get_visible_tasks of TodoApp(title='TodoApp', classes={'-dark-mode'}, pseudo_classes={'focus', 'dark'})>
DEBUG:root:get_visible_tasks: filter_status=None, filter_category=test, sort_key=None, sort_reverse=False
DEBUG:root:get_visible_tasks() returned: [<core.task.Task object at 0x1067e9a30>]
DEBUG:root:type: <class 'list'>
DEBUG:root:Selected category: ('powerbi', Content('Include'))
DEBUG:root:Selected category: powerbi, include: Include
DEBUG:root:get_visible_tasks attr: <bound method TodoApp.get_visible_tasks of TodoApp(title='TodoApp', classes={'-dark-mode'}, pseudo_classes={'focus', 'dark'})>
DEBUG:root:get_visible_tasks: filter_status=None, filter_category=powerbi, sort_key=None, sort_reverse=False
DEBUG:root:get_visible_tasks() returned: [<core.task.Task object at 0x1067ebd10>, <core.task.Task object at 0x106811d90>]
DEBUG:root:type: <class 'list'>
DEBUG:asyncio:Using selector: KqueueSelector
DEBUG:root:get_visible_tasks attr: <bound method TodoApp.get_visible_tasks of TodoApp(title='TodoApp', classes={'-dark-mode'}, pseudo_classes={'dark', 'focus'})>
DEBUG:root:get_visible_tasks: filter_status=None, 
                      filter_category=None, 
                      filter_category_include=True 
                      sort_key=None, sort_reverse=False
                      
DEBUG:root:get_visible_tasks() returned: [<core.task.Task object at 0x110ca6660>, <core.task.Task object at 0x110ca5a90>, <core.task.Task object at 0x110ccde50>, <core.task.Task object at 0x110ccdf70>, <core.task.Task object at 0x110ccce30>]
DEBUG:root:type: <class 'list'>
DEBUG:root:Update Summary -- Total 5
DEBUG:root:Update Summary -- Active 5
DEBUG:root:Update Summary -- Progress 0
DEBUG:root:Update Summary -- Hold 0
DEBUG:root:Selected category: ('test', Content('Exclude'))
DEBUG:root:Selected category: test, include: Exclude
DEBUG:root:get_visible_tasks attr: <bound method TodoApp.get_visible_tasks of TodoApp(title='TodoApp', classes={'-dark-mode'}, pseudo_classes={'dark', 'focus'})>
DEBUG:root:get_visible_tasks: filter_status=None, 
                      filter_category=test, 
                      filter_category_include=Exclude 
                      sort_key=None, sort_reverse=False
                      
DEBUG:root:get_visible_tasks() returned: [<core.task.Task object at 0x110ca5a90>]
DEBUG:root:type: <class 'list'>
DEBUG:asyncio:Using selector: KqueueSelector
DEBUG:root:get_visible_tasks attr: <bound method TodoApp.get_visible_tasks of TodoApp(title='TodoApp', classes={'-dark-mode'}, pseudo_classes={'focus', 'dark'})>
DEBUG:root:get_visible_tasks: filter_status=None, 
                      filter_category=None, 
                      filter_category_include=True 
                      sort_key=None, sort_reverse=False
                      
DEBUG:root:get_visible_tasks() returned: [<core.task.Task object at 0x102757cb0>, <core.task.Task object at 0x102756ba0>, <core.task.Task object at 0x10277e030>, <core.task.Task object at 0x10277df10>, <core.task.Task object at 0x10277da30>]
DEBUG:root:type: <class 'list'>
DEBUG:root:Update Summary -- Total 5
DEBUG:root:Update Summary -- Active 5
DEBUG:root:Update Summary -- Progress 0
DEBUG:root:Update Summary -- Hold 0
DEBUG:root:Selected category: ('test', Content('Exclude'))
DEBUG:root:Selected category: test, include: Exclude
DEBUG:root:get_visible_tasks attr: <bound method TodoApp.get_visible_tasks of TodoApp(title='TodoApp', classes={'-dark-mode'}, pseudo_classes={'focus', 'dark'})>
DEBUG:root:get_visible_tasks: filter_status=None, 
                      filter_category=test, 
                      filter_category_include=Exclude 
                      sort_key=None, sort_reverse=False
                      
DEBUG:root:get_visible_tasks() returned: [<core.task.Task object at 0x102757cb0>, <core.task.Task object at 0x10277e030>, <core.task.Task object at 0x10277df10>, <core.task.Task object at 0x10277da30>]
DEBUG:root:type: <class 'list'>
DEBUG:root:Selected category: ('powerbi', Content('Include'))
DEBUG:root:Selected category: powerbi, include: Include
DEBUG:root:get_visible_tasks attr: <bound method TodoApp.get_visible_tasks of TodoApp(title='TodoApp', classes={'-dark-mode'}, pseudo_classes={'focus', 'dark'})>
DEBUG:root:get_visible_tasks: filter_status=None, 
                      filter_category=powerbi, 
                      filter_category_include=Include 
                      sort_key=None, sort_reverse=False
                      
DEBUG:root:get_visible_tasks() returned: [<core.task.Task object at 0x102757cb0>, <core.task.Task object at 0x10277da30>]
DEBUG:root:type: <class 'list'>
DEBUG:root:Filter applied f x 
DEBUG:root:get_visible_tasks attr: <bound method TodoApp.get_visible_tasks of TodoApp(title='TodoApp', classes={'-dark-mode'}, pseudo_classes={'focus', 'dark'})>
DEBUG:root:get_visible_tasks: filter_status=None, 
                      filter_category=None, 
                      filter_category_include=Include 
                      sort_key=None, sort_reverse=False
                      
DEBUG:root:get_visible_tasks() returned: [<core.task.Task object at 0x102757cb0>, <core.task.Task object at 0x102756ba0>, <core.task.Task object at 0x10277e030>, <core.task.Task object at 0x10277df10>, <core.task.Task object at 0x10277da30>]
DEBUG:root:type: <class 'list'>
